Workbook

Sheet T1.2026
A1: CÔNG TY CỔ PHẦN GẠCH MEN PHƯƠNG NAM
A2: PHÂN XƯỞNG SẢN XUẤT DC2
A4: BÁO CÁO KẾT QUẢ SẢN XUẤT DÂY CHUYỀN SỐ 2 THÁNG 01 NĂM 2026
A6: I. Kết quả sản xuất tháng 01 năm 2026:
A7: I. Kết quả sản lượng – Chất lượng – Thu hồi ∑AB/ép :
A8: 1. Kết quả thực hiện Sản lượng – Chất lượng – Thu hồi ∑AB/ép
A9: Kích thước | C9: Sản Lượng Ép | D9: Sản lượng thu hồi | G9: Tổng (A1+A+B) | H9: Số ngày sx | I9: TB/ngày | J9: A/ép (%) | K9: C | L9: Hủy | M9: Dừng ép
A10: KH/TH | B10: ĐVT | D10: A1 | E10: A | F10: B | I10: m2 | K10: C/ép | L10: Hủy/ép | M10: phút/ngày
A11: KẾ HOẠCH 40*80 | B11: m2 | C11: =+(G11*100)/98 -> 229821.43 | D11: =+D12*$G$11/100 -> 202702.5 | E11: =+E12*$G$11/100 -> 15765.75 | F11: =+F12*$G$11/100 -> 6756.75 | G11: =+H11*I11 -> 225225 | H11: 15 | I11: 15015
B12: % | D12: 90 | E12: 7 | F12: 3 | G12: 100 | J12: 98 | K12: =100-J12 -> 2 | M12: 40
A13: THỰC HIỆN 40*80 | B13: m2 | C13: 220975 | D13: 209372.8 | E13: 0 | F13: 10566.4 | G13: =+SUM(D13:F13) -> 219939.2 | H13: 15 | I13: =+G13/H13 -> 14662.613 | K13: 704 | L13: 962.6
B14: % | D14: =+D13/G13*100 -> 95.195763 | E14: =+E13/G13*100 -> 0 | F14: =+F13/G13*100 -> 4.8042368 | G14: =SUM(D14:F14) -> 100 | J14: =+G13/C13*100 -> 99.531259 | K14: =100-J14 -> 0.46874081 | M14: 45.533333
A15: So sánh TH/KH 40*80 | B15: m2 | C15: =+C13-C11 -> -8846.4286 | D15: =+D13-D11 -> 6670.3 | E15: =+(E13-E11) -> -15765.75 | F15: =+F13-F11 -> 3809.65 | G15: =SUM(D15:F15) -> -5285.8
B16: % | D16: =+D14-D12 -> 5.1957632 | E16: =+E14-E12 -> -7 | F16: =+F14-F12 -> 1.8042368 | G16: 0 | N16: =97.5+1.29 -> 98.79
A17: KẾ HOẠCH 40*80 | B17: m2 | C17: =+(G17*100)/98 -> 0 | D17: =+D18*$G$17/100 -> 0 | E17: =+E18*$G$17/100 -> 0 | F17: =+F18*$G$17/100 -> 0 | G17: =+H17*I17 -> 0 | M17: 40
B18: % | D18: 89 | E18: 8 | F18: 3 | G18: =SUM(D18:F18) -> 100 | J18: 98 | K18: =100-J18 -> 2
A19: THỰC HIỆN 40*80 | B19: m2 | G19: =SUM(D19:F19) -> 0 | I19: =+G19/H19 -> #DIV/0!
B20: % | D20: =+D19/G19*100 -> #DIV/0! | E20: =+E19/G19*100 -> #DIV/0! | F20: =+F19/G19*100 -> #DIV/0! | G20: =SUM(D20:F20) -> #DIV/0! | J20: =+G19/C19*100 -> #DIV/0! | K20: =100-J20 -> #DIV/0!
A21: So sánh TH/KH 40*80 | B21: m2 | C21: =+C19-C17 -> 0 | D21: =+D19-D17 -> 0 | E21: =+(E19-E17) -> 0 | F21: =+F19-F17 -> 0 | G21: =SUM(D21:F21) -> 0
B22: % | D22: =+D20-D18 -> #DIV/0! | E22: =+(E20-E18) -> #DIV/0! | F22: =+F20-F18 -> #DIV/0! | G22: 0
A23: TỔNG KẾ HOẠCH | B23: m2 | C23: =+C11+C17 -> 229821.43 | D23: =+D11+D17 -> 202702.5 | E23: =+E11+E17 -> 15765.75 | F23: =+F11+F17 -> 6756.75 | G23: =SUM(D23:F23) -> 225225 | H23: =+H11+H17 -> 15 | I23: =+G23/H23 -> 15015
B24: % | D24: =+D23/G23*100 -> 90 | E24: =+E23/G23*100 -> 7 | F24: =+F23/G23*100 -> 3 | G24: =SUM(D24:F24) -> 100 | J24: =+G23/C23*100 -> 98 | K24: =100-J24 -> 2
A25: TỔNG THỰC HIỆN | B25: m2 | C25: =+C13+C19 -> 220975 | D25: =+D13+D19 -> 209372.8 | E25: =+E13+E19 -> 0 | F25: =+F13+F19 -> 10566.4 | G25: =SUM(D25:F25) -> 219939.2 | H25: =+H13+H19 -> 15 | I25: =+G25/H25 -> 14662.613
B26: % | D26: =+D25/G25*100 -> 95.195763 | E26: =+E25/G25*100 -> 0 | F26: =+F25/G25*100 -> 4.8042368 | G26: =SUM(D26:F26) -> 100 | J26: =+G25/C25*100 -> 99.531259 | K26: =100-J26 -> 0.46874081
A27: 2. Kết quả thực hiện các thương hiệu trong tháng 01/2026
A28: 1. Kết quả thực hiện các thương hiệu :
A29: ➢ SX 60x60 men matt
A30: Kh/TH | B30: Thực Hiện | J30: Tỷ lệ % | L30: Ghi chú
B31: A1 | D31: A | F31: B | H31: Tổng A1+A+B
A32: Luxury | H32: =+B32+D32+F32 -> 0
B33: =+B32/$H$32*100 -> #DIV/0! | C33: =+C32/C44*100 -> #REF! | D33: =+D32/$H$32*100 -> #DIV/0! | E33: =+E32/E44*100 -> #REF! | F33: =+F32/$H$32*100 -> #DIV/0! | G33: =+G32/G44*100 -> #REF! | H33: =+H32/$H$32*100 -> #DIV/0! | I33: =+I32/I44*100 -> #REF! | J33: =+H32/$H$44*100 -> #DIV/0!
A34: Green Home | H34: =+B34+D34+F34 -> 0
B35: =+B34/$H$34*100 -> #DIV/0! | C35: =+C34/C44*100 -> #REF! | D35: =+D34/$H$34*100 -> #DIV/0! | E35: =+E34/E44*100 -> #REF! | F35: =+F34/$H$34*100 -> #DIV/0! | G35: =+G34/G44*100 -> #REF! | H35: =+H34/$H$34*100 -> #DIV/0! | I35: =+I34/I44*100 -> #REF! | J35: =+H34/$H$44*100 -> #DIV/0!
A36: Crown | H36: =+B36+D36+F36 -> 0
B37: =+B36/$H$36*100 -> #DIV/0! | D37: =+D36/$H$36*100 -> #DIV/0! | F37: =+F36/$H$36*100 -> #DIV/0! | H37: =+H36/$H$36*100 -> #DIV/0! | J37: =+H36/$H$44*100 -> #DIV/0!
A38: Havira | H38: =+B38+D38+F38 -> 0
B39: =+B38/$H$38*100 -> #DIV/0! | C39: =+C38/C44*100 -> #REF! | D39: =+D38/$H$38*100 -> #DIV/0! | E39: =+E38/E44*100 -> #REF! | F39: =+F38/$H$38*100 -> #DIV/0! | G39: =+G38/G44*100 -> #REF! | H39: =+H38/$H$38*100 -> #DIV/0! | I39: =+I38/I44*100 -> #REF! | J39: =+H38/$H$44*100 -> #DIV/0!
A40: Xanh Tím | H40: =+B40+D40+F40 -> 0
B41: =+B40/$H$40*100 -> #DIV/0! | C41: =+C40/C44*100 -> #REF! | D41: =+D40/$H$40*100 -> #DIV/0! | E41: =+E40/E44*100 -> #REF! | F41: =+F40/$H$40*100 -> #DIV/0! | G41: =+G40/G44*100 -> #REF! | H41: =+H40/$H$40*100 -> #DIV/0! | I41: =+I40/I44*100 -> #REF! | J41: =+H40/$H$44*100 -> #DIV/0!
H42: =+B42+D42+F42 -> 0
B43: =+B42/$H$42*100 -> #DIV/0! | C43: =+C42/C46*100 -> #DIV/0! | D43: =+D42/$H$42*100 -> #DIV/0! | E43: =+E42/E46*100 -> #DIV/0! | F43: =+F42/$H$42*100 -> #DIV/0! | G43: =+G42/G46*100 -> #DIV/0! | H43: =+H42/$H$42*100 -> #DIV/0! | I43: =+I42/I46*100 -> #DIV/0! | J43: =+H42/$H$44*100 -> #DIV/0!
A44: Tổng | B44: =+B32+B34+B36+B38+B40+B42 -> 0 | C44: =+#REF!+#REF!+C40+C38+C36+C34+C32 -> #REF! | D44: =+D32+D34+D36+D38+D40+D42 -> 0 | E44: =+#REF!+#REF!+E40+E38+E36+E34+E32 -> #REF! | F44: =+F32+F34+F36+F38+F40+F42 -> 0 | G44: =+#REF!+#REF!+G40+G38+G36+G34+G32 -> #REF! | H44: =+H32+H34+H36+H38+H40+H42 -> 0 | I44: =+#REF!+#REF!+I40+I38+I36+I34+I32 -> #REF!
B45: =+B44/$H$44*100 -> #DIV/0! | C45: =+C33+C35+C37+C39+C41+#REF! -> #REF! | D45: =+D44/$H$44*100 -> #DIV/0! | E45: =+E33+E35+E37+E39+E41+#REF! -> #REF! | F45: =+F44/$H$44*100 -> #DIV/0! | G45: =+G33+G35+G37+G39+G41+#REF! -> #REF! | H45: =+H44/$H$44*100 -> #DIV/0! | I45: =+I33+I35+I37+I39+I41+#REF! -> #REF! | J45: =+H44/$H$44*100 -> #DIV/0!
A46: ➢ SX 40x80 men panson
A47: Kh/TH | B47: Thực Hiện | J47: Tỷ lệ % | L47: Ghi chú
B48: A1 | D48: A | F48: B | H48: Tổng A1+A+B
A49: Luxury | B49: 125476.8 | D49: 0 | F49: 8251.2 | H49: =+B49+D49+F49 -> 133728
B50: =+B49/$H$49*100 -> 93.829864 | D50: =+D49/$H$49*100 -> 0 | F50: =+F49/$H$49*100 -> 6.1701364 | H50: =+H49/$H$49*100 -> 100 | J50: =+H49/$H$65*100 -> 60.802258
A51: Top One | B51: 41331.2 | D51: 0 | F51: 972.8 | H51: =+B51+D51+F51 -> 42304
B52: =+B51/$H$51*100 -> 97.700454 | D52: =+D51/$H$51*100 -> 0 | F52: =+F51/$H$51*100 -> 2.2995461 | H52: =+H51/$H$51*100 -> 100 | J52: =+H51/$H$65*100 -> 19.234407
A53: Crown | B53: 1121.6 | D53: 0 | F53: 27.2 | H53: =+B53+D53+F53 -> 1148.8
B54: =+B53/$H$53*100 -> 97.632312 | D54: =+D53/$H$53*100 -> 0 | F54: =+F53/$H$53*100 -> 2.367688 | H54: =+H53/$H$53*100 -> 100 | J54: =+H53/$H$65*100 -> 0.52232617
A55: Havira | B55: 17524.8 | D55: 0 | F55: 384 | H55: =+B55+D55+F55 -> 17908.8
B56: =+B55/$H$55*100 -> 97.855803 | D56: =+D55/$H$55*100 -> 0 | F56: =+F55/$H$55*100 -> 2.1441973 | H56: =+H55/$H$55*100 -> 100 | J56: =+H55/$H$65*100 -> 8.142614
A57: Espana | B57: 1984 | D57: 0 | F57: 142.4 | H57: =+B57+D57+F57 -> 2126.4
B58: =+B57/$H$57*100 -> 93.303236 | D58: =+D57/$H$57*100 -> 0 | F58: =+F57/$H$57*100 -> 6.6967645 | H58: =+H57/$H$57*100 -> 100 | J58: =+H57/$H$65*100 -> 0.96681265
A59: Green Home | B59: 15052.8 | D59: 0 | F59: 665.6 | H59: =+B59+D59+F59 -> 15718.4
B60: =+B59/$H$59*100 -> 95.765472 | D60: =+D59/$H$59*100 -> 0 | F60: =+F59/$H$59*100 -> 4.2345277 | H60: =+H59/$H$59*100 -> 100 | J60: =+H59/$H$65*100 -> 7.1467024
A61: Green Era | B61: 3504 | D61: 0 | F61: 123.2 | H61: =+B61+D61+F61 -> 3627.2
B62: =+B61/$H$61*100 -> 96.603441 | D62: =+D61/$H$61*100 -> 0 | F62: =+F61/$H$61*100 -> 3.3965593 | H62: =+H61/$H$61*100 -> 100 | J62: =+H61/$H$65*100 -> 1.649183
A63: Lustile | B63: 3377.6 | D63: 0 | F63: 0 | H63: =+B63+D63+F63 -> 3377.6
B64: =+B63/$H$63*100 -> 100 | D64: =+D63/$H$63*100 -> 0 | F64: =+F63/$H$63*100 -> 0 | H64: =+H63/$H$63*100 -> 100 | J64: =+H63/$H$65*100 -> 1.5356971
A65: Tổng | B65: =+B49+B51+B53+B55+B57+B59+B61+B63 -> 209372.8 | C65: =+#REF!+#REF!+#REF!+#REF!+C63+#REF!+#REF! -> #REF! | D65: =+D49+D51+D53+D55+D57+D59+D61+D63 -> 0 | E65: =+#REF!+#REF!+#REF!+#REF!+E63+#REF!+#REF! -> #REF! | F65: =+F49+F51+F53+F55+F57+F59+F61+F63 -> 10566.4 | G65: =+#REF!+#REF!+#REF!+#REF!+G63+#REF!+#REF! -> #REF! | H65: =+H49+H51+H53+H55+H57+H59+H61+H63 -> 219939.2 | I65: =+#REF!+#REF!+#REF!+#REF!+I63+#REF!+#REF! -> #REF!
B66: =+B65/$H$65*100 -> 95.195763 | C66: =+#REF!+#REF!+C64+#REF!+#REF!+#REF! -> #REF! | D66: =+D65/$H$65*100 -> 0 | E66: =+#REF!+#REF!+E64+#REF!+#REF!+#REF! -> #REF! | F66: =+F65/$H$65*100 -> 4.8042368 | G66: =+#REF!+#REF!+G64+#REF!+#REF!+#REF! -> #REF! | H66: =+H65/$H$65*100 -> 100 | I66: =+#REF!+#REF!+I64+#REF!+#REF!+#REF! -> #REF! | J66: =+H65/$H$65*100 -> 100
A68: II. Tiêu hao vật tư tháng 01/2026
A69: 1. Tiêu hao vật tư :
A70: ➢ Sản xuất 50x50
A71: STT | B71: Nguyên liệu, vật tư | D71: ĐVT | E71: Định mức | F71: Thực tế | G71: Lượng SD | I71: -Giảm ĐM | J71: + Vượt ĐM | K71: Ghi chú | N71: SL | O71: =+O72+O73 -> 347104.5 | P71: C | Q71: =+Q72+Q73 -> 1143
A72: 1 | B72: Nguyên liệu xương PCL | D72: kg | E72: 21.26 | F72: =+G72/$O$71 -> 0 | I72: =+(E72-F72)*$O$71 -> 7379441.7 | K72: Bột phế và gạch phế 276,929.78kg | N72: Sugar | O72: 243099 | Q72: 1143
A73: 2 | B73: Men EFSV | D73: kg | E73: 0.28 | F73: =+G73/$O$72 -> 0 | I73: =+(E73-F73)*$O$72 -> 68067.72 | K73: Trừ bã men 4,843.64kg | N73: Bóng | O73: 104005.5
A74: 3 | B74: Men EFB | D74: kg | E74: 0.39 | F74: =+G74/$O$73 -> 0 | I74: =+(E74-F74)*$O$73 -> 40562.145 | S74: =+I74/G74*100 -> #DIV/0!
A75: 4 | B75: Men GFM | D75: kg | E75: 0.098 | F75: =+G75/$O$72 -> 0 | I75: =+(E75-F75)*$O$72 -> 23823.702 | K75: Trừ bã men 1,341.49kg | S75: =+I75/G75*100 -> #DIV/0!
A76: 5 | B76: Men GFB | D76: kg | E76: 0.39 | F76: =+G76/$O$73 -> 0 | J76: =+(F76-E76)*$O$73 -> -40562.145
A77: 6 | B77: Men SFSV | D77: kg | E77: 0.119 | F77: =+G77/$O$72 -> 0 | J77: =+(F77-E77)*$O$72 -> -28928.781
A78: 7 | B78: Bao bì | D78: cái | E78: 0.669 | F78: =+G78/$O$71 -> 0 | I78: =+(E78-F78)*$O$71 -> 232212.91
A79: 8 | B79: Ke góc | D79: kg | E79: 0.02 | F79: =+G79/$O$71 -> 0 | I79: =+(E79-F79)*$O$71 -> 6942.09
A80: 9 | B80: Dây đai hộp | D80: kg | E80: 0.0201 | F80: =+G80/$O$71 -> 0 | I80: =+(E80-F80)*$O$71 -> 6976.8004
A81: 10 | B81: Vỏ điều | D81: kg | E81: 1.84 | F81: =+G81/$O$71 -> 0 | I81: =+(E81-F81)*$O$71 -> 638672.28 | K81: Tiêu hao SP: 78 Kg điều/tấn bột
A82: 11 | B82: Dây đai pet | D82: kg | E82: 0.0076 | F82: =+G82/$O$71 -> 0 | I82: =+(E82-F82)*$O$71 -> 2637.9942
A83: 12 | B83: Nan nẹp | D83: cái | E83: 0.043 | F83: =+G83/$O$71 -> 0 | I83: =+(E83-F83)*$O$71 -> 14925.493 | R83: =+O83-H83 -> 0
A84: 13 | B84: Pallet | D84: cái | E84: 0.0107 | K84: TB 92.56 m2/palett | R84: =+O84-H84 -> 0
A85: 14 | B85: Bi trung nhôm | D85: cái | E85: 0.06 | F85: =+G85/$O$71 -> 0 | I85: =+(E85-F85)*$O$71 -> 20826.27
A86: 15 | B86: Bi cao nhôm ( MB) | D86: kg | E86: 0.0021 | F86: =+G86/$O$71 -> 0
A87: 16 | B87: Bi cao nhôm ( Sugar ) | D87: kg | E87: 0.0013 | F87: =+G87/$O$71 -> 0
A88: ➢ Sản xuất 60x60
A89: STT | B89: Nguyên liệu, vật tư | D89: ĐVT | E89: Định mức | F89: Thực tế | G89: Lượng SD | I89: -Giảm ĐM | J89: + Vượt ĐM | K89: Ghi chú | N89: SL | O89: =+O90+O91 -> 0 | P89: C | Q89: =+Q90+Q91 -> 0
A90: 1 | B90: Nguyên liệu xương PCL | D90: kg | E90: 21.65 | F90: =+G90/$O$89 -> #DIV/0! | I90: =+(E90-F90)*$O$89 -> #DIV/0! | K90: Bột phế và gạch phế 106,240.34kg | N90: Matt
A91: 2 | B91: Men EFB | D91: kg | E91: 0.436 | F91: =+G91/$O$91 -> #DIV/0! | I91: =+(E91-F91)*O91 -> #DIV/0! | N91: Bóng | P91: 0
A92: 3 | B92: Men EFM | D92: kg | E92: 0.319 | F92: =+G92/$O$90 -> #DIV/0! | I92: =+(E92-F92)*O90 -> #DIV/0! | S92: =+I92/G92*100 -> #DIV/0!
A93: 4 | B93: Men GFB | D93: kg | E93: 0.389 | F93: =+G93/$O$91 -> #DIV/0! | J93: =+(F93-E93)*$O$91 -> #DIV/0! | S93: =+I93/G93*100 -> #DIV/0!
A94: 5 | B94: GFM | D94: kg | E94: 0.319 | F94: =+G94/$O$90 -> #DIV/0! | J94: =+(F94-E94)*$O$90 -> #DIV/0!
A95: 6 | B95: Bao bì 5V | D95: cái | E95: 0.557 | F95: =+G95/$O$89 -> #DIV/0!
A96: 7 | B96: Ke góc | D96: kg | E96: 0.022 | F96: =+G96/$O$89 -> #DIV/0!
A97: 8 | B97: Dây đai hộp | D97: kg | E97: 0.0109 | F97: =+G97/$O$89 -> #DIV/0! | I97: =+(E97-F97)*$O$89 -> #DIV/0!
A98: 9 | B98: Vỏ điều | D98: kg | E98: 1.84 | F98: =+G98/$O$89 -> #DIV/0! | I98: =+(E98-F98)*$O$89 -> #DIV/0! | K98: Tiêu hao SP: 77 Kg điều/tấn bột
A99: 10 | B99: Dây đai pet | D99: kg | E99: 0.0053 | F99: =+G99/$O$89 -> #DIV/0! | I99: =+(E99-F99)*$O$89 -> #DIV/0!
A100: 11 | B100: Pallet | D100: cái | E100: 0.0154 | K100: TB 65.48 m2/palett | R100: =+O100-H100 -> 0
A101: 12 | B101: Bi trung nhôm | D101: cái | E101: 0.027 | F101: =+G101/$O$89 -> #DIV/0! | J101: =+(F101-E101)*O89 -> #DIV/0!
A102: 13 | B102: Bi cao nhôm | D102: kg | E102: 0.0021 | F102: =+G102/$O$89 -> #DIV/0!
A103: ➢ Sản xuất 40x80
...

Sheet T3.2026
A1: CÔNG TY CỔ PHẦN GẠCH MEN PHƯƠNG NAM
A2: PHÂN XƯỞNG SẢN XUẤT DC2
A4: BÁO CÁO KẾT QUẢ SẢN XUẤT DÂY CHUYỀN SỐ 2 THÁNG 3 NĂM 2026
A6: I. Kết quả sản xuất tháng 03 năm 2026:
A7: I. Kết quả sản lượng – Chất lượng – Thu hồi ∑AB/ép :
A8: 1. Kết quả thực hiện Sản lượng – Chất lượng – Thu hồi ∑AB/ép
A9: Kích thước | C9: Sản Lượng Ép | D9: Sản lượng thu hồi | G9: Tổng (A1+A+B) | H9: Số ngày sx | I9: TB/ngày | J9: A/ép (%) | K9: C | L9: Hủy | M9: Dừng ép
A10: KH/TH | B10: ĐVT | D10: A1 | E10: A | F10: B | I10: m2 | K10: C/ép | L10: Hủy/ép | M10: phút/ngày
A11: KẾ HOẠCH 50*50 | B11: m2 | C11: 379901 | D11: 349965 | E11: 11169 | F11: 11169 | G11: =SUM(D11:F11) -> 372303 | H11: 28 | I11: 13789 | K11: 7589
B12: % | D12: 94 | E12: 3 | F12: 3 | G12: 100 | J12: 98 | K12: 2 | M12: 100 | P12: 5.3
A13: THỰC HIỆN 50*50 | B13: m2 | C13: =+'[1]31.3'!$F$21:$F$21 -> 421167 | D13: =+'[1]31.3'!$I$21 -> 413131.5 | E13: 0 | F13: =+'[1]31.3'!$K$21 -> 2607 | G13: =SUM(D13:F13) -> 415738.5 | H13: 28 | I13: 13586 | K13: 1170 | L13: 1053 | P13: =16-P12 -> 10.7
B14: % | D14: =+D13/G13*100 -> 99.372923 | E14: =+E13/G13*100 -> 0 | F14: =+F13/G13*100 -> 0.62707688 | G14: =SUM(D14:F14) -> 100 | J14: =+G13/C13*100 -> 98.711081 | K14: =100-J14 -> 1.2889186 | M14: 83
A15: So sánh TH/KH 50*50 | B15: m2 | C15: =+C13-C11 -> 41266 | D15: =+D13-D11 -> 63166.5 | E15: =+(E13-E11) -> -11169 | F15: =+F13-F11 -> -8562 | G15: =SUM(D15:F15) -> 43435.5
B16: % | D16: =+D14-D12 -> 5.3729231 | E16: =+E14-E12 -> -3 | F16: =+F14-F12 -> -2.3729231 | G16: 0 | N16: =97.5+1.29 -> 98.79
A17: 2. Kết quả thực hiện các thương hiệu trong tháng 3/2026
A18: 1. Kết quả thực hiện các thương hiệu :
A19: ➢ SX 50x50 men sân vườn sugar
A20: Kh/TH | B20: Thực Hiện | J20: Tỷ lệ % | L20: Ghi chú
B21: A1 | D21: A | F21: B | H21: Tổng A1+A+B
A22: Luxury | B22: =+[2]T3!$D$24 -> 233358 | D22: 0 | F22: =+[2]T3!$D$26 -> 1960.5 | H22: =+B22+D22+F22 -> 235318.5
B23: =+B22/$H$22*100 -> 99.166874 | C23: =+C22/C34*100 -> #REF! | D23: =+D22/$H$22*100 -> 0 | E23: =+E22/E34*100 -> #REF! | F23: =+F22/$H$22*100 -> 0.83312617 | G23: =+G22/G34*100 -> #REF! | H23: =+H22/$H$22*100 -> 100 | I23: =+I22/I34*100 -> #REF! | J23: =+H22/$H$34*100 -> 56.602528
A24: Green Home | B24: =+[2]T3!$F$24 -> 31834.5 | D24: 0 | F24: =+[2]T3!$F$26 -> 106.5 | H24: =+B24+D24+F24 -> 31941
B25: =+B24/$H$24*100 -> 99.666573 | C25: =+C24/C32*100 -> #DIV/0! | D25: =+D24/$H$24*100 -> 0 | E25: =+E24/E32*100 -> #DIV/0! | F25: =+F24/$H$24*100 -> 0.33342726 | G25: =+G24/G32*100 -> #DIV/0! | H25: =+H24/$H$24*100 -> 100 | I25: =+I24/I32*100 -> #DIV/0! | J25: =+H24/$H$34*100 -> 7.6829545
A26: Crovina | B26: =+[2]T3!$D$31 -> 17817 | D26: 0 | F26: =+[2]T3!$D$33 -> 64.5 | H26: =+B26+D26+F26 -> 17881.5
B27: =+B26/$H$24*100 -> 55.780971 | C27: =+C26/#REF!*100 -> #REF! | D27: =+D26/$H$26*100 -> 0 | F27: =+F26/$H$26*100 -> 0.36070799 | H27: =+H26/$H$26*100 -> 100 | J27: =+H26/$H$34*100 -> 4.3011412
A28: Havira | B28: =+[2]T3!$J$24 -> 54442.5 | D28: 0 | F28: =+[2]T3!$J$26 -> 246 | H28: =+B28+D28+F28 -> 54688.5
B29: =+B28/$H$28*100 -> 99.55018 | C29: =+C28/C30*100 -> #DIV/0! | D29: =+D28/$H$28*100 -> 0 | E29: =+E28/E30*100 -> #DIV/0! | F29: =+F28/$H$28*100 -> 0.44982035 | G29: =+G28/G30*100 -> #DIV/0! | H29: =+H28/$H$28*100 -> 100 | I29: =+I28/I30*100 -> #DIV/0! | J29: =+H28/$H$34*100 -> 13.154543
A30: Xanh Tím | B30: =+[2]T3!$H$24 -> 30355.5 | D30: 0 | F30: =+[2]T3!$H$26 -> 58.5 | H30: =+B30+D30+F30 -> 30414
B31: =+B30/$H$30*100 -> 99.807654 | C31: =+C30/C32*100 -> #DIV/0! | D31: =+D30/$H$30*100 -> 0 | E31: =+E30/E32*100 -> #DIV/0! | F31: =+F30/$H$30*100 -> 0.19234563 | G31: =+G30/G32*100 -> #DIV/0! | H31: =+H30/$H$30*100 -> 100 | I31: =+I30/I32*100 -> #DIV/0! | J31: =+H30/$H$34*100 -> 7.3156564
A32: Top One | B32: =+[2]T3!$L$24 -> 45324 | D32: 0 | F32: =+[2]T3!$L$26 -> 171 | H32: =+B32+D32+F32 -> 45495
B33: =+B32/$H$32*100 -> 99.624135 | C33: =+C32/C34*100 -> #REF! | D33: =+D32/$H$32*100 -> 0 | E33: =+E32/E34*100 -> #REF! | F33: =+F32/$H$32*100 -> 0.37586548 | G33: =+G32/G34*100 -> #REF! | H33: =+H32/$H$32*100 -> 100 | I33: =+I32/I34*100 -> #REF! | J33: =+H32/$H$34*100 -> 10.943177
A34: Tổng | B34: =+B22+B24+B26+B28+B30+B32 -> 413131.5 | C34: =+#REF!+#REF!+#REF!+#REF!+#REF!+C32+C22 -> #REF! | D34: =+D22+D24+D26+D28+D30+D32 -> 0 | E34: =+#REF!+#REF!+#REF!+#REF!+#REF!+E32+E22 -> #REF! | F34: =+F22+F24+F26+F28+F30+F32 -> 2607 | G34: =+#REF!+#REF!+#REF!+#REF!+#REF!+G32+G22 -> #REF! | H34: =+H22+H24+H26+H28+H30+H32 -> 415738.5 | I34: =+#REF!+#REF!+#REF!+#REF!+#REF!+I32+I22 -> #REF! | N34: =+B34+F34 -> 415738.5
B35: =+B34/$H$34*100 -> 99.372923 | C35: =+C23+C33+#REF!+#REF!+#REF!+#REF! -> #REF! | D35: =+D34/$H$34*100 -> 0 | E35: =+E23+E33+#REF!+#REF!+#REF!+#REF! -> #REF! | F35: =+F34/$H$34*100 -> 0.62707688 | G35: =+G23+G33+#REF!+#REF!+#REF!+#REF! -> #REF! | H35: =+H34/$H$34*100 -> 100 | I35: =+I23+I33+#REF!+#REF!+#REF!+#REF! -> #REF! | J35: =+H34/$H$34*100 -> 100
A36: II. Tiêu hao vật tư tháng 03/2026
A37: 1. Tiêu hao vật tư :
A38: ➢ Sản xuất 40x80
A39: STT | B39: Nguyên liệu, vật tư | D39: ĐVT | E39: Định mức | F39: Thực tế | G39: Lượng SD | I39: -Giảm ĐM | J39: + Vượt ĐM | K39: Ghi chú | N39: SL | O39: =+O40+O41 -> 0 | P39: C | Q39: =+Q40+Q41 -> 0
A40: 1 | B40: Nguyên liệu xương | D40: kg | E40: 21.01 | F40: =+G40/$O$39 -> #DIV/0! | I40: =+(E40-F40)*$O$39 -> #DIV/0! | K40: Bột phế và gạch phế 158,585.07kg | N40: Panson
A41: 2 | B41: Men EWP | D41: kg | E41: 0.483 | F41: =+G41/$O$39 -> #DIV/0! | I41: =+(E41-F41)*$O$39 -> #DIV/0!
A42: 3 | B42: Men GWP | D42: kg | E42: 0.54 | F42: =+G42/$O$39 -> #DIV/0! | I42: =+(E42-F42)*$O$39 -> #DIV/0!
A43: 4 | B43: Bao bì (5V) | D43: cái | E43: 0.627 | F43: =+G43/$O$39 -> #DIV/0!
A44: 5 | B44: Ke góc (5V) | D44: kg | E44: 0.025 | F44: =+G44/$O$39 -> #DIV/0!
A45: 6 | B45: Dây đai hộp | D45: kg | E45: 0.0109 | F45: =+G45/$O$39 -> #DIV/0! | I45: =+(E45-F45)*$O$39 -> #DIV/0! | O45: 125244.32
A46: 7 | B46: Vỏ điều | D46: kg | E46: 1.79 | F46: =+G46/$O$39 -> #DIV/0! | I46: =+(E46-F46)*$O$39 -> #DIV/0! | K46: Tiêu hao SP: 80KG ĐIỀU/TẤN BỘT | O46: 33340.752
A47: 8 | B47: Dây đai pet | D47: kg | E47: 0.0082 | F47: =+G47/$O$39 -> #DIV/0! | I47: =+(E47-F47)*$O$39 -> #DIV/0! | O47: 158585.07
A48: 9 | B48: Nan nẹp | D48: cái | E48: 0.064 | F48: =+G48/$O$39 -> #DIV/0! | I48: =+(E48-F48)*$O$39 -> #DIV/0!
A49: 10 | B49: Pallet | D49: cái | E49: 0.0159 | K49: TB 62.07 m2/palett
A50: 11 | B50: Bi trung nhôm | D50: kg | E50: 0.048 | F50: =+G50/$O$39 -> #DIV/0! | I50: =+(E50-F50)*$O$39 -> #DIV/0!
A51: 12 | B51: Bi cao nhôm | D51: kg | E51: 0.0027 | F51: =+G51/$O$39 -> #DIV/0! | I51: =+(E51-F51)*$O$39 -> #DIV/0!
A52: ➢ Sản xuất 50x50
A53: STT | B53: Nguyên liệu, vật tư | D53: ĐVT | E53: Định mức | F53: Thực tế | G53: Lượng SD | I53: -Giảm ĐM | J53: + Vượt ĐM | K53: Ghi chú | N53: SL | O53: =+O54+O55 -> 415738.5 | P53: C | Q53: =+Q54+Q55 -> 1152
A54: 1 | B54: Nguyên liệu xương PCL | D54: kg | E54: 21.26 | F54: =+G54/$O$53 -> 20.426395 | G54: =+[2]T3!$I$79-394753 -> 8492039 | I54: =+(E54-F54)*$O$53 -> 346561.53 | J54: =+(F54-E54)*$O$55 -> 0 | K54: Bột phế và gạch phế 394.753kg | N54: Sugar | O54: 415738.5 | Q54: 1152
A55: 2 | B55: Men EFSV | D55: kg | E55: 0.28 | F55: =+G55/$O$54 -> 0.25406524 | G55: 105624.7 | I55: =+(E55-F55)*$O$54 -> 10782.08 | J55: =+(F55-E55)*$O$55 -> 0 | N55: Bóng
A56: 3 | B56: Men EFB | D56: kg | E56: 0.39 | I56: =+(E56-F56)*$O$55 -> 0 | J56: =+(F56-E56)*$O$55 -> 0 | S56: =+I56/G56*100 -> #DIV/0!
A57: 4 | B57: Men GFM | D57: kg | E57: 0.098 | F57: =+G57/$O$54 -> 0.092790059 | G57: 38576.4 | I57: =+(E57-F57)*$O$54 -> 2165.973 | J57: =+(F57-E57)*$O$55 -> 0 | N57: 43127.707 | P57: =+[2]T3!$I$70+[2]T3!$I$77 -> 360521.55 | S57: =+I57/G57*100 -> 5.6147619
A58: 5 | B58: Men GFB | D58: kg | E58: 0.39 | J58: =+(F58-E58)*$O$55 -> 0 | N58: 7296226.4 | O58: =+N58-N59 -> 7019296.6
A59: 6 | B59: Men SFSV | D59: kg | E59: 0.119 | F59: =+G59/$O$54 -> 0.11459915 | G59: 47643.28 | I59: =+(E59-F59)*$O$54 -> 1829.6015 | J59: =+(F59-E59)*$O$55 -> 0 | N59: 276929.78
A60: 7 | B60: Bao bì | D60: cái | E60: 0.669 | F60: =+G60/$O$53 -> 0.66844904 | G60: 277900 | I60: =+(E60-F60)*$O$53 -> 229.0565 | J60: =+(F60-E60)*$O$55 -> 0 | N60: 231300
A61: 8 | B61: Ke góc | D61: kg | E61: 0.02 | F61: =+G61/$O$53 -> 0.019495428 | G61: 8105 | I61: =+(E61-F61)*$O$53 -> 209.77 | J61: =+(F61-E61)*$O$55 -> 0
A62: 9 | B62: Dây đai hộp | D62: kg | E62: 0.0201 | F62: =+G62/$O$53 -> 0.012988934 | G62: 5400 | I62: =+(E62-F62)*$O$53 -> 2956.3439 | J62: =+(F62-E62)*$O$55 -> 0
A63: 10 | B63: Vỏ điều | D63: kg | E63: 1.84 | F63: =+G63/$O$53 -> 1.8780652 | G63: 780784 | I63: 0 | J63: =+(F63-E63)*$O$54 -> 15825.16 | K63: Vỏ điều ủ lò: 18.745kg
A64: 11 | B64: Dây đai pet | D64: kg | E64: 0.0076 | F64: =+G64/$O$53 -> 0.0059652883 | G64: 2480 | I64: =+(E64-F64)*$O$53 -> 679.6126 | J64: =+(F64-E64)*$O$55 -> 0
A65: 12 | B65: Nan nẹp | D65: cái | E65: 0.043 | F65: =+G65/$O$53 -> 0.038485731 | G65: 16000 | I65: =+(E65-F65)*$O$53 -> 1876.7555 | J65: =+(F65-E65)*$O$55 -> 0 | R65: =+O65-H65 -> 0
A66: 13 | B66: Pallet | D66: cái | E66: 0.0107 | F66: =+G66/$O$53 -> 0.010463308 | G66: 4350 | I66: =+(E66-F66)*$O$53 -> 98.40195 | J66: =+(F66-E66)*$O$55 -> 0 | K66: TB 65.48 m2/palett | R66: =+O66-H66 -> 0
A67: 14 | B67: Bi trung nhôm | D67: cái | E67: 0.06 | F67: =+G67/$O$53 -> 0.055142836 | G67: 22925 | I67: =+(E67-F67)*$O$53 -> 2019.31 | J67: =+(F67-E67)*$O$55 -> 0
A68: 15 | B68: Bi cao nhôm ( MB) | D68: kg | E68: 0.0021 | F68: =+G68/$O$53 -> 0
A69: 16 | B69: Bi cao nhôm ( Sugar ) | D69: kg | E69: 0.0013 | F69: =+G69/$O$53 -> 0
A70: 13 | B70: Bi cao nhôm | D70: kg | E70: 0.0021 | F70: =+G70/#REF! -> #REF!
A71: 2. Than cục từ ngày 01/03/2026 đến ngày 31/03/2026
A92: III. Cộng tác Nhân sự
A93: TỔNG HỢP NHÂN LỰC | D93: Định biên | E93: Số người | F93: Tuyển dụng | G93: Nghỉ việc | H93: Chuyển vị trí | J93: Tổng số | K93: Ghi chú
A94: 1 | B94: Đốc công | D94: 1 | E94: 1 | J94: =+E94+F94-G94-H94 -> 1
A95: 2 | B95: Đốc ca | D95: 5 | E95: 5 | H95: 1 | J95: =+E95+F95-G95-H95 -> 4
A96: 3 | B96: Bộ phận ETM | D96: 25 | E96: 27 | F96: 1 | G96: 2 | J96: =+E96+F96-G96-H96 -> 26
A97: 4 | B97: Bộ phận lò nung | D97: 30 | E97: 27 | F97: 1 | J97: =+E97+F97-G97-H97 -> 28 | O97: =12*3 -> 36
A98: 5 | B98: Bộ phận PL ĐG | D98: 36 | E98: 36 | F98: 1 | G98: 2 | J98: =+E98+F98-G98-H98 -> 35
A99: 6 | B99: Xe nâng | D99: 6 | E99: 6 | J99: =+E99+F99-G99-H99 -> 6
A100: 7 | B100: VSCN | D100: 1 | E100: 1 | J100: =+E100+F100-G100-H100 -> 1
A101: TỔNG CỘNG | D101: =SUM(D94:D100) -> 104 | E101: =SUM(E94:E100) -> 103 | F101: =SUM(F94:F100) -> 3 | G101: =SUM(G94:G100) -> 4 | H101: =SUM(H94:H100) -> 1 | J101: =SUM(J94:J100) -> 101
A102: IV. Khiếu nại trong tháng 03/2026
B103: STT | C103: Tên Đại Lý | E103: Mã SP | F103: Ngày SX | G103: Số lượng xử lý (m2) | H103: Lỗi khiếu nại | J103: Đánh giá lỗi sản phẩm
B104: 1 | C104: Văn Minh | E104: VMT4801-N | F104: 19/12/2025 | G104: 3.2 | H104: Gạch bị bong tróc mặt men
B105: 2 | C105: Trang Hoàng Phương | E105: MHP4810-N | F105: 46000 | G105: 300 | H105: Gạch ốp không đều
B106: 3 | C106: Tân Quỳnh Anh | E106: TQA4800-N | F106: T9/2025 | G106: 57.6 | H106: Gạch bị nhô giữa
B107: 4 | E107: TQA4800V-N | F107: T9/2025 | G107: 28.8
B108: 5 | C108: Triều Thuận Nguyên | E108: TN4900-N | F108: 19/12/2025 | G108: 400 | H108: Gạch bị vênh góc nhẹ
B109: 6 | E109: TN4908-N | F109: T10/2025 | G109: 4.8 | H109: Gạch bị lệch màu
B110: 7 | C110: Thành Tín | E110: TTG480-N | F110: 45878 | G110: 595.2 | H110: Gạch bị xước cạnh 4 góc
A111: Tổng lượng xử lý trong tháng 03 DC2 | G111: =SUM(G104:G110) -> 1389.6
A112: V. Kế hoạch thực hiện Sản lượng + chất lượng trong tháng 04/2026:
A113: 1. Kế hoạch tháng 04/2026
A114: - Dây chuyền 2: Dự kiến 14 ngày sản xuất gạch 500x500, 15 ngày sản xuất gạch 400x800, 01 ngày chuyển đổi.
A115: Kích thước | C115: Sản lượng ép | D115: Sản lượng thu hồi | G115: Tổng (A1+A+B) | H115: Ngày sản xuất | I115: TB/ ngày | J115: A/ép (%) | K115: C | L115: Hủy | M115: TG Dừng 2ME
A116: KH | B116: ĐVT | D116: A1 | E116: A | F116: B | I116: M2 | K116: C/ép | L116: Hủy/ép | M116: phút/ngày
A117: 50*50 | B117: m2 | C117: 196986 | D117: 181463 | E117: 5791 | F117: 5791 | G117: 193046 | H117: 14 | I117: 13789
B118: % | D118: 94 | E118: 3 | F118: 3 | G118: 100 | J118: 98 | K118: =100-J118 -> 2 | M118: 100
A119: 40*80 | B119: m2 | C119: 229824 | D119: 202705 | E119: 15766 | F119: 6757 | G119: =+D119+E119+F119 -> 225228 | H119: 15 | I119: 15015
B120: % | D120: 89 | E120: 8 | F120: 3 | G120: 100 | J120: 98 | K120: =100-J120 -> 2 | M120: 40
A121: TỔNG HỢP | B121: m2 | C121: =+C117+C119 -> 426810 | D121: =+D117+D119 -> 384168 | E121: =+E117+E119 -> 21557 | F121: =+F117+F119 -> 12548 | G121: =SUM(D121:F121) -> 418273 | H121: =+H117+H119 -> 29 | I121: =+G121/H121 -> 14423.207
B122: % | D122: =+D121/G121*100 -> 91.846234 | E122: =+E121/G121*100 -> 5.153811 | F122: =+F121/G121*100 -> 2.9999546 | G122: 100 | J122: 98 | K122: =100-J122 -> 2 | M122: 54
...

Sheet T4.2026
A1: CÔNG TY CỔ PHẦN GẠCH MEN PHƯƠNG NAM
A2: PHÂN XƯỞNG SẢN XUẤT DC2
A4: BÁO CÁO KẾT QUẢ SẢN XUẤT DÂY CHUYỀN SỐ 2 THÁNG 4 NĂM 2026
A6: I. Kết quả sản xuất tháng 04 năm 2026:
A7: I. Kết quả sản lượng – Chất lượng – Thu hồi ∑AB/ép :
A8: 1. Kết quả thực hiện Sản lượng – Chất lượng – Thu hồi ∑AB/ép
A9: Kích thước | C9: Sản Lượng Ép | D9: Sản lượng thu hồi | G9: Tổng (A1+A+B) | H9: Số ngày sx | I9: TB/ngày | J9: A/ép (%) | K9: C | L9: Hủy | M9: Dừng ép | N9: ok
A10: KH/TH | B10: ĐVT | D10: A1 | E10: A | F10: B | I10: m2 | K10: C/ép | L10: Hủy/ép | M10: phút/ngày
A11: KẾ HOẠCH 50*50 | B11: m2 | C11: =+G11*100/J12 -> 196980 | D11: =+$G$11*D12/100 -> 181457.98 | E11: =+$G$11*E12/100 -> 5791.212 | F11: =+$G$11*F12/100 -> 5791.212 | G11: =+I11*H11 -> 193040.4 | H11: 14 | I11: =21*0.5*1340*0.98 -> 13788.6
B12: % | D12: 94 | E12: 3 | F12: 3 | G12: 100 | J12: 98 | K12: 2 | M12: 100 | P12: =10.6*418800 -> 4439280
A13: THỰC HIỆN 50*50 | B13: m2 | C13: 209653 | D13: 207028.5 | E13: 0 | F13: 1215 | G13: =SUM(D13:F13) -> 208243.5 | H13: 14 | I13: =+G13/H13 -> 14874.536 | K13: 729 | L13: 603 | P13: =+P12/10.9 -> 407273.39
B14: % | D14: =+D13/G13*100 -> 99.416548 | E14: =+E13/G13*100 -> 0 | F14: =+F13/G13*100 -> 0.58345158 | G14: =SUM(D14:F14) -> 100 | J14: =+G13/C13*100 -> 99.327699 | K14: =100-J14 -> 0.67230137 | M14: 75 | P14: =+P13*2390 -> 9.7338341e+08
A15: So sánh TH/KH 50*50 | B15: m2 | C15: =+C13-C11 -> 12673 | D15: =+D13-D11 -> 25570.524 | E15: =+(E13-E11) -> -5791.212 | F15: =+F13-F11 -> -4576.212 | G15: =SUM(D15:F15) -> 15203.1 | P15: =+P14/418800 -> 2324.2202
B16: % | D16: =+D14-D12 -> 5.4165484 | E16: =+E14-E12 -> -3 | F16: =+F14-F12 -> -2.4165484 | G16: 0 | N16: =97.5+1.29 -> 98.79
A17: KẾ HOẠCH 40*80 | B17: m2 | C17: =+G17*100/J18 -> 219744 | D17: =+$G$17*D18/100 -> 191660.72 | E17: =+$G$17*E18/100 -> 17227.93 | F17: =+$G$17*F18/100 -> 6460.4736 | G17: =+I17*H17 -> 215349.12 | H17: 15 | I17: =10.9*0.96*1400*0.98 -> 14356.608
B18: % | D18: 89 | E18: 8 | F18: 3 | G18: 100 | J18: 98 | K18: 2 | M18: 40
A19: THỰC HIỆN 40*80 | B19: m2 | C19: 231114 | D19: 206841.6 | E19: 0 | F19: 17892.8 | G19: =+F19+D19 -> 224734.4 | H19: 15.5 | I19: =G19/H19 -> 14498.994 | K19: 1277 | L19: 2254
B20: % | D20: =+D19/G19*100 -> 92.038246 | E20: =+E19/G19*100 -> 0 | F20: =+F19/G19*100 -> 7.961754 | G20: =SUM(D20:F20) -> 100 | J20: =+G19/C19*100 -> 97.239631 | K20: 1 | M20: 42
A21: So sánh TH/KH 40*80 | B21: m2 | C21: =+C19-C17 -> 11370 | D21: =+D19-D17 -> 15180.883 | E21: =+(E19-E17) -> -17227.93 | F21: =+F19-F17 -> 11432.326 | G21: =SUM(D21:F21) -> 9385.28
B22: % | D22: =+D20-D18 -> 3.038246 | E22: =+E20-E18 -> -8 | F22: =+F20-F18 -> 4.961754 | G22: 0 | N22: =97.5+1.29 -> 98.79
A23: 2. Kết quả thực hiện các thương hiệu trong tháng 4/2026
A24: 1. Kết quả thực hiện các thương hiệu :
A25: ➢ SX 50x50 men sân vườn sugar
A26: Kh/TH | B26: Thực Hiện | J26: Tỷ lệ % | L26: Ghi chú | N26: ok
B27: A1 | D27: A | F27: B | H27: Tổng A1+A+B
A28: Luxury | B28: =+[3]T4!$D$24 -> 78493.5 | D28: 0 | F28: =+[3]T4!$D$26 -> 409.5 | H28: =+B28+D28+F28 -> 78903
B29: =+B28/$H$28*100 -> 99.481008 | C29: =+C28/C44*100 -> #REF! | D29: =+D28/$H$28*100 -> 0 | E29: =+E28/E44*100 -> #REF! | F29: =+F28/$H$28*100 -> 0.51899167 | G29: =+G28/G44*100 -> #REF! | H29: =+H28/$H$28*100 -> 100 | I29: =+I28/I44*100 -> #REF! | J29: =+H28/$H$44*100 -> 37.889778
A30: Green Home | B30: =+[3]T4!$F$24 -> 9565.5 | D30: 0 | F30: =+[3]T4!$F$26 -> 91.5 | H30: =+B30+D30+F30 -> 9657
B31: =+B30/$H$30*100 -> 99.052501 | C31: =+C30/C38*100 -> #DIV/0! | D31: =+D30/$H$30*100 -> 0 | E31: =+E30/E38*100 -> #DIV/0! | F31: =+F30/$H$30*100 -> 0.94749922 | G31: =+G30/G38*100 -> #DIV/0! | H31: =+H30/$H$30*100 -> 100 | I31: =+I30/I38*100 -> #DIV/0! | J31: =+H30/$H$44*100 -> 4.6373596
A32: Xanh Tím | B32: =+[3]T4!$H$24 -> 23089.5 | D32: 0 | F32: =+[3]T4!$H$26 -> 67.5 | H32: =+B32+D32+F32 -> 23157
B33: =+B32/$H$30*100 -> 239.09599 | C33: =+C32/#REF!*100 -> #REF! | D33: =+D32/$H$32*100 -> 0 | F33: =+F32/$H$32*100 -> 0.29148853 | H33: =+H32/$H$32*100 -> 100 | J33: =+H32/$H$44*100 -> 11.120155
A34: Havira | B34: =+[3]T4!$J$24 -> 25012.5 | D34: 0 | F34: =+[3]T4!$J$26 -> 331.5 | H34: =+B34+D34+F34 -> 25344
B35: =+B34/$H$34*100 -> 98.691998 | C35: =+C34/C36*100 -> #DIV/0! | D35: =+D34/$H$34*100 -> 0 | E35: =+E34/E36*100 -> #DIV/0! | F35: =+F34/$H$34*100 -> 1.3080019 | G35: =+G34/G36*100 -> #DIV/0! | H35: =+H34/$H$34*100 -> 100 | I35: =+I34/I36*100 -> #DIV/0! | J35: =+H34/$H$44*100 -> 12.170368
A36: Top One | B36: =+[3]T4!$L$24 -> 26017.5 | D36: 0 | F36: =+[3]T4!$L$26 -> 147 | H36: =+B36+D36+F36 -> 26164.5
B37: =+B36/$H$36*100 -> 99.43817 | C37: =+C36/C38*100 -> #DIV/0! | D37: =+D36/$H$36*100 -> 0 | E37: =+E36/E38*100 -> #DIV/0! | F37: =+F36/$H$36*100 -> 0.56182996 | G37: =+G36/G38*100 -> #DIV/0! | H37: =+H36/$H$36*100 -> 100 | I37: =+I36/I38*100 -> #DIV/0! | J37: =+H36/$H$44*100 -> 12.564378
A38: Crovina | B38: =+[3]T4!$D$31 -> 13810.5 | D38: 0 | F38: =+[3]T4!$D$33 -> 30 | H38: =+B38+D38+F38 -> 13840.5
B39: =+B38/$H$38*100 -> 99.783245 | C39: =+C38/C44*100 -> #REF! | D39: =+D38/$H$38*100 -> 0 | E39: =+E38/E44*100 -> #REF! | F39: =+F38/$H$38*100 -> 0.21675518 | G39: =+G38/G44*100 -> #REF! | H39: =+H38/$H$38*100 -> 100 | I39: =+I38/I44*100 -> #REF! | J39: =+H38/$H$44*100 -> 6.6463059
A40: Vidona | B40: =+[3]T4!$F$31 -> 15009 | D40: 0 | F40: =+[3]T4!$F$33 -> 54 | H40: =+B40+D40+F40 -> 15063
B41: =+B40/$H$36*100 -> 57.363986 | C41: =+C40/C42*100 -> #DIV/0! | D41: =+D40/$H$36*100 -> 0 | E41: =+E40/E42*100 -> #DIV/0! | F41: =+F40/$H$36*100 -> 0.20638652 | G41: =+G40/G42*100 -> #DIV/0! | H41: =+H40/$H$36*100 -> 57.570372 | I41: =+I40/I42*100 -> #DIV/0! | J41: =+H40/$H$44*100 -> 7.233359
A42: Karpo | B42: =+[3]T4!$H$31 -> 16030.5 | D42: 0 | F42: =+[3]T4!$H$33 -> 84 | H42: =+B42+D42+F42 -> 16114.5
B43: =+B42/$H$38*100 -> 115.82313 | C43: =+C42/#REF!*100 -> #REF! | D43: =+D42/$H$38*100 -> 0 | E43: =+E42/#REF!*100 -> #REF! | F43: =+F42/$H$38*100 -> 0.60691449 | G43: =+G42/#REF!*100 -> #REF! | H43: =+H42/$H$38*100 -> 116.43004 | I43: =+I42/#REF!*100 -> #REF! | J43: =+H42/$H$44*100 -> 7.7382968
A44: Tổng | B44: =+B28+B30+B32+B34+B36+B38+B40+B42 -> 207028.5 | C44: =+#REF!+#REF!+#REF!+#REF!+#REF!+C38+C28 -> #REF! | D44: =+D28+D30+D32+D34+D36+D38 -> 0 | E44: =+#REF!+#REF!+#REF!+#REF!+#REF!+E38+E28 -> #REF! | F44: =+F28+F30+F32+F34+F36+F38+F40+F42 -> 1215 | G44: =+#REF!+#REF!+#REF!+#REF!+#REF!+G38+G28 -> #REF! | H44: =+H28+H30+H32+H34+H36+H38+H40+H42 -> 208243.5 | I44: =+#REF!+#REF!+#REF!+#REF!+#REF!+I38+I28 -> #REF! | N44: =+B44+F44 -> 208243.5
B45: =+B44/$H$44*100 -> 99.416548 | C45: =+C29+C39+#REF!+#REF!+#REF!+#REF! -> #REF! | D45: =+D44/$H$44*100 -> 0 | E45: =+E29+E39+#REF!+#REF!+#REF!+#REF! -> #REF! | F45: =+F44/$H$44*100 -> 0.58345158 | G45: =+G29+G39+#REF!+#REF!+#REF!+#REF! -> #REF! | H45: =+H44/$H$44*100 -> 100 | I45: =+I29+I39+#REF!+#REF!+#REF!+#REF! -> #REF! | J45: =+H44/$H$44*100 -> 100
A46: ➢ SX 40*80 men Panson
A47: Kh/TH | B47: Thực Hiện | J47: Tỷ lệ % | L47: Ghi chú | N47: ok
B48: A1 | D48: A | F48: B | H48: Tổng A1+A+B
A49: Havira | B49: =+[3]T4!$D$39 -> 25628.8 | D49: 0 | F49: =+[3]T4!$D$41 -> 835.2 | H49: =+B49+D49+F49 -> 26464
B50: =+B49/$H$28*100 -> 32.481401 | C50: =+C49/C67*100 -> #REF! | D50: =+D49/$H$28*100 -> 0 | E50: =+E49/E67*100 -> #REF! | F50: =+F49/$H$28*100 -> 1.0585149 | G50: =+G49/G67*100 -> #REF! | H50: =+H49/$H$28*100 -> 33.539916 | I50: =+I49/I67*100 -> #REF! | J50: =+H49/$H$44*100 -> 12.7082
A51: Crovina | B51: =+[3]T4!$F$39 -> 9072 | D51: 0 | F51: =+[3]T4!$F$41 -> 270.4 | H51: =+B51+D51+F51 -> 9342.4
B52: =+B51/$H$30*100 -> 93.942218 | C52: =+C51/C59*100 -> #DIV/0! | D52: =+D51/$H$30*100 -> 0 | E52: =+E51/E59*100 -> #DIV/0! | F52: =+F51/$H$30*100 -> 2.8000414 | G52: =+G51/G59*100 -> #DIV/0! | H52: =+H51/$H$30*100 -> 96.74226 | I52: =+I51/I59*100 -> #DIV/0! | J52: =+H51/$H$44*100 -> 4.4862865
A53: Green Home | B53: =+[3]T4!$H$39 -> 347.2 | D53: 0 | F53: =+[3]T4!$H$41 -> 6.4 | H53: =+B53+D53+F53 -> 353.6
B54: =+B53/$H$30*100 -> 3.5953195 | C54: =+C53/#REF!*100 -> #REF! | D54: =+D53/$H$32*100 -> 0 | F54: =+F53/$H$32*100 -> 0.027637431 | H54: =+H53/$H$32*100 -> 1.5269681 | J54: =+H53/$H$44*100 -> 0.16980122
A55: Luxury | B55: =+[3]T4!$J$39 -> 56257.6 | D55: 0 | F55: =+[3]T4!$J$41 -> 13192 | H55: =+B55+D55+F55 -> 69449.6
B56: =+B55/$H$34*100 -> 221.97601 | C56: =+C55/C57*100 -> #DIV/0! | D56: =+D55/$H$34*100 -> 0 | E56: =+E55/E57*100 -> #DIV/0! | F56: =+F55/$H$34*100 -> 52.051768 | G56: =+G55/G57*100 -> #DIV/0! | H56: =+H55/$H$34*100 -> 274.02778 | I56: =+I55/I57*100 -> #DIV/0! | J56: =+H55/$H$44*100 -> 33.350189
A57: Trang Hoàng Phương | B57: =+[3]T4!$L$39 -> 44201.6 | D57: 0 | F57: =+[3]T4!$L$41 -> 2344 | H57: =+B57+D57+F57 -> 46545.6
B58: =+B57/$H$36*100 -> 168.9373 | C58: =+C57/C59*100 -> #DIV/0! | D58: =+D57/$H$36*100 -> 0 | E58: =+E57/E59*100 -> #DIV/0! | F58: =+F57/$H$36*100 -> 8.9587036 | G58: =+G57/G59*100 -> #DIV/0! | H58: =+H57/$H$36*100 -> 177.896 | I58: =+I57/I59*100 -> #DIV/0! | J58: =+H57/$H$44*100 -> 22.351526
A59: VinaPhacon | B59: =+[3]T4!$D$46 -> 5638.4 | D59: 0 | F59: =+[3]T4!$D$48 -> 417.6 | H59: =+B59+D59+F59 -> 6056
B60: =+B59/$H$38*100 -> 40.738413 | C60: =+C59/C67*100 -> #REF! | D60: =+D59/$H$38*100 -> 0 | E60: =+E59/E67*100 -> #REF! | F60: =+F59/$H$38*100 -> 3.017232 | G60: =+G59/G67*100 -> #REF! | H60: =+H59/$H$38*100 -> 43.755645 | I60: =+I59/I67*100 -> #REF! | J60: =+H59/$H$44*100 -> 2.908134
A61: Green Era | B61: =+[3]T4!$F$46 -> 5236.8 | D61: 0 | F61: =+[3]T4!$F$48 -> 284.8 | H61: =+B61+D61+F61 -> 5521.6
B62: =+B61/$H$36*100 -> 20.014906 | C62: =+C61/C63*100 -> #DIV/0! | D62: =+D61/$H$36*100 -> 0 | E62: =+E61/E63*100 -> #DIV/0! | F62: =+F61/$H$36*100 -> 1.0884978 | G62: =+G61/G63*100 -> #DIV/0! | H62: =+H61/$H$36*100 -> 21.103403 | I62: =+I61/I63*100 -> #DIV/0! | J62: =+H61/$H$44*100 -> 2.6515113
A63: Lustile | B63: =+[3]T4!$H$46 -> 36112 | D63: 0 | H63: =+B63+D63+F63 -> 36112
B64: =+B63/$H$38*100 -> 260.91543 | C64: =+C63/C78*100 -> #DIV/0! | D64: =+D63/$H$38*100 -> 0 | E64: =+E63/E78*100 -> 0 | F64: =+F63/$H$38*100 -> 0 | G64: =+G63/G78*100 -> 0 | H64: =+H63/$H$38*100 -> 260.91543 | I64: =+I63/I78*100 -> 0 | J64: =+H63/$H$44*100 -> 17.341238
A65: Top One | B65: =+[3]T4!$J$46 -> 24347.2 | D65: 0 | F65: =+[3]T4!$J$48 -> 542.4 | H65: =+B65+D65+F65 -> 24889.6
B66: =+B65/$H$38*100 -> 175.91272 | C66: =+C65/C80*100 -> #DIV/0! | D66: =+D65/$H$38*100 -> 0 | E66: =+E65/E80*100 -> 0 | F66: =+F65/$H$38*100 -> 3.9189336 | G66: =+G65/G80*100 -> 0 | H66: =+H65/$H$38*100 -> 179.83165 | I66: =+I65/I80*100 -> 0 | J66: =+H65/$H$44*100 -> 11.952162
A67: Tổng | B67: =+B49+B51+B53+B55+B57+B59+B61+B63+B65 -> 206841.6 | C67: =+#REF!+#REF!+#REF!+#REF!+#REF!+C59+C49 -> #REF! | D67: =+D49+D51+D53+D55+D57+D59 -> 0 | E67: =+#REF!+#REF!+#REF!+#REF!+#REF!+E59+E49 -> #REF! | F67: =+F49+F51+F53+F55+F57+F59+F61+F65 -> 17892.8 | G67: =+#REF!+#REF!+#REF!+#REF!+#REF!+G59+G49 -> #REF! | H67: =+H49+H51+H53+H55+H57+H59+H61+H63+H65 -> 224734.4 | I67: =+#REF!+#REF!+#REF!+#REF!+#REF!+I59+I49 -> #REF!
B68: =+B67/$H$44*100 -> 99.326798 | C68: =+C50+C60+#REF!+#REF!+#REF!+#REF! -> #REF! | D68: =+D67/$H$44*100 -> 0 | E68: =+E50+E60+#REF!+#REF!+#REF!+#REF! -> #REF! | F68: =+F67/$H$44*100 -> 8.592249 | G68: =+G50+G60+#REF!+#REF!+#REF!+#REF! -> #REF! | H68: =+H67/$H$44*100 -> 107.91905 | I68: =+I50+I60+#REF!+#REF!+#REF!+#REF! -> #REF! | J68: =+H67/$H$44*100 -> 107.91905
A69: II. Tiêu hao vật tư tháng 04/2026
A70: 1. Tiêu hao vật tư :
A71: ➢ Sản xuất 50x50 | N71: ok
A72: STT | B72: Nguyên liệu, vật tư | D72: ĐVT | E72: Định mức | F72: Thực tế | G72: Lượng SD | I72: -Giảm ĐM | J72: + Vượt ĐM | K72: Ghi chú | N72: SL | O72: =+O73+O74 -> 208243.5 | P72: C | Q72: =+Q73+Q74 -> 729
A73: 1 | B73: Nguyên liệu xương PCL | D73: kg | E73: 21.26 | F73: =+G73/$O$72 -> 21.36349 | G73: =+[3]T4!$I$86 -> 4448808 | I73: =+(E73-F73)*$O$72 -> -21551.19 | J73: =+(F73-E73)*$O$74 -> 0 | K73: Bột phế và gạch phế 242,584.6kg | N73: Sugar | O73: =+H44 -> 208243.5 | Q73: =+[3]T4!$J$35 -> 729
A74: 2 | B74: Men EFSV | D74: kg | E74: 0.28 | F74: =+G74/$O$73 -> 0.24935225 | G74: =+[3]T4!$I$187 -> 51925.985 | I74: =+(E74-F74)*$O$73 -> 6382.195 | J74: =+(F74-E74)*$O$74 -> 0
A75: 3 | B75: Men EFB | D75: kg | E75: 0.39 | I75: =+(E75-F75)*$O$74 -> 0 | J75: =+(F75-E75)*$O$74 -> 0 | S75: =+I75/G75*100 -> #DIV/0!
A76: 3 | B76: Men GFM | D76: kg | E76: 0.098 | F76: =+G76/$O$73 -> 0.093882018 | G76: =+[3]T4!$I$290 -> 19550.32 | I76: =+(E76-F76)*$O$73 -> 857.543 | J76: =+(F76-E76)*$O$74 -> 0 | N76: 43127.707 | P76: =+[2]T3!$I$70+[2]T3!$I$77 -> 360521.55 | S76: =+I76/G76*100 -> 4.3863374
A77: 5 | B77: Men GFB | D77: kg | E77: 0.39 | J77: =+(F77-E77)*$O$74 -> 0 | N77: 7296226.4 | O77: =+N77-N78 -> 7019296.6
A78: 4 | B78: Men SFSV | D78: kg | E78: 0.119 | F78: =+G78/$O$73 -> 0.1181828 | G78: =+[3]T4!$I$324 -> 24610.8 | I78: =+(E78-F78)*$O$73 -> 170.1765 | J78: =+(F78-E78)*$O$74 -> 0 | N78: 276929.78
A79: 5 | B79: Bao bì | D79: cái | E79: 0.669 | F79: =+G79/$O$72 -> 0.66863071 | G79: =+[3]T4!$P$424 -> 139238 | I79: =+(E79-F79)*$O$72 -> 76.9015 | J79: =+(F79-E79)*$O$74 -> 0 | N79: 231300
A80: 6 | B80: Ke góc | D80: kg | E80: 0.02 | F80: =+G80/$O$72 -> 0.01428616 | G80: =+[3]T4!$I$412 -> 2975 | I80: =+(E80-F80)*$O$72 -> 1189.87 | J80: =+(F80-E80)*$O$74 -> 0
A81: 7 | B81: Dây đai hộp | D81: kg | E81: 0.0201 | F81: =+G81/$O$72 -> 0.01236053 | G81: =+[3]T4!$I$418 -> 2574 | I81: =+(E81-F81)*$O$72 -> 1611.6943 | J81: =+(F81-E81)*$O$74 -> 0
A82: 8 | B82: Vỏ điều | D82: kg | E82: 1.84 | F82: =+G82/$O$72 -> 1.7761803 | G82: =+[3]T4!$I$361 -> 369878 | I82: =+(E82-F82)*$O$72 -> 13290.04 | J82: 0
A83: 9 | B83: Dây đai pet | D83: kg | E83: 0.0076 | F83: =+G83/$O$72 -> 0.0074912302 | G83: =+[3]T4!$I$419 -> 1560 | I83: =+(E83-F83)*$O$72 -> 22.6506 | J83: =+(F83-E83)*$O$74 -> 0
A84: 10 | B84: Nan nẹp | D84: cái | E84: 0.043 | F84: =+G84/$O$72 -> 0.041778015 | G84: =+[3]T4!$I$415 -> 8700 | I84: =+(E84-F84)*$O$72 -> 254.4705 | J84: =+(F84-E84)*$O$74 -> 0 | R84: =+O84-H84 -> 0
A85: 11 | B85: Pallet | D85: cái | E85: 0.0107 | F85: =+G85/$O$72 -> 0.011188825 | G85: =+[3]T4!$I$413 -> 2330 | I85: =+(E85-F85)*$O$72 -> -101.79455 | J85: =+(F85-E85)*$O$74 -> 0 | K85: TB 65.48 m2/palett | R85: =+O85-H85 -> 0
A86: 12 | B86: Bi trung nhôm | D86: cái | E86: 0.06 | F86: =+G86/$O$72 -> 0.041177756 | G86: =+[3]T4!$I$336 -> 8575 | I86: =+(E86-F86)*$O$72 -> 3919.61 | J86: =+(F86-E86)*$O$74 -> 0
A87: 15 | B87: Bi cao nhôm ( MB) | D87: kg | E87: 0.0021 | F87: =+G87/$O$72 -> 0 | I87: 0 | J87: =+(F87-E87)*$O$74 -> 0
A88: 13 | B88: Bi cao nhôm ( Sugar ) | D88: kg | E88: 0.0013 | F88: =+G88/$O$72 -> 0.0012005177 | G88: =+[3]T4!$I$337 -> 250 | I88: =+(E88-F88)*$O$72 -> 20.71655 | J88: =+(F88-E88)*$O$74 -> 0
A89: 13 | B89: Bi cao nhôm | D89: kg | E89: 0.0021 | F89: =+G89/$O$72 -> 0 | I89: =+(E89-F89)*$O$72 -> 437.31135 | J89: =+(F89-E89)*$O$74 -> 0
A90: ➢ Sản xuất 40x80 | N90: OK
A91: STT | B91: Nguyên liệu, vật tư | D91: ĐVT | E91: Định mức | F91: Thực tế | G91: Lượng SD | I91: -Giảm ĐM | J91: + Vượt ĐM | K91: Ghi chú | N91: SL | O91: =+O92+O93 -> 224734.4 | P91: C | Q91: =+Q92+Q93 -> 1280
A92: 1 | B92: Nguyên liệu xương | D92: kg | E92: 21.01 | F92: =+G92/$O$91 -> 20.175008 | G92: =+[3]T4!$I$121 -> 4534018.3 | I92: =+(E92-F92)*$O$91 -> 187651.39 | J92: 0 | K92: Bột phế và gạch phế 226,358.44kg | N92: Panson | O92: 224734.4 | Q92: 1280
A93: 2 | B93: Men EWP | D93: kg | E93: 0.483 | F93: =+G93/$O$91 -> 0.45274421 | G93: =+[3]T4!$I$202 -> 101747.2 | I93: =+(E93-F93)*$O$91 -> 6799.5172 | J93: 0
A94: 3 | B94: Men GWP | D94: kg | E94: 0.54 | F94: =+G94/$O$91 -> 0.49637024 | G94: =+[3]T4!$I$314 -> 111551.47 | I94: =+(E94-F94)*$O$91 -> 9805.109
A95: 4 | B95: Bao bì (5V) | D95: cái | E95: 0.627 | F95: =+G95/$O$91 -> 0.6271848 | G95: =+[3]T4!$O$443 -> 140950 | I95: 0 | J95: =+(F95-E95)*$O$91 -> 41.5312
A96: 5 | B96: Ke góc (5V) | D96: kg | E96: 0.025 | F96: =+G96/$O$91 -> 0.024540079 | G96: =+[3]T4!$I$432 -> 5515 | I96: =+(E96-F96)*$O$91 -> 103.36 | J96: 0
A97: 6 | B97: Dây đai hộp | D97: kg | E97: 0.0109 | F97: =+G97/$O$91 -> 0.010652575 | G97: =+[3]T4!$I$437 -> 2394 | I97: 0 | J97: =+(F97-E97)*$O$91 -> -55.60496
A98: 7 | B98: Vỏ điều | D98: kg | E98: 1.79 | F98: =+G98/$O$91 -> 1.7681872 | G98: =+[3]T4!$I$364 -> 397372.5 | I98: =+(E98-F98)*$O$91 -> 4902.076 | J98: 0
A99: 8 | B99: Dây đai pet | D99: kg | E99: 0.0082 | F99: =+G99/$O$91 -> 0.0080094547 | G99: =+[3]T4!$I$438 -> 1800 | I99: =+(E99-F99)*$O$91 -> 42.82208 | J99: 0
A100: 9 | B100: Nan nẹp | D100: cái | E100: 0.064 | F100: =+G100/$O$91 -> 0.063630668 | G100: =+[3]T4!$I$435 -> 14300 | I100: =+(E100-F100)*$O$91 -> 83.0016 | J100: 0
A101: 10 | B101: Pallet | D101: cái | E101: 0.0159 | F101: =+G101/$O$91 -> 0.016908849 | G101: =+[3]T4!$I$433 -> 3800 | I101: 0 | J101: =+(F101-E101)*$O$91 -> 226.72304 | K101: TB 62.07 m2/palett
A102: 11 | B102: Bi trung nhôm | D102: kg | E102: 0.048 | F102: =+G102/$O$91 -> 0.058958486 | G102: =+[3]T4!$I$340 -> 13250 | I102: 0 | J102: =+(F102-E102)*$O$91 -> 2462.7488
...

Sheet T5.2026
A1: CÔNG TY CỔ PHẦN GẠCH MEN PHƯƠNG NAM
A2: PHÂN XƯỞNG SẢN XUẤT DC2
A4: BÁO CÁO KẾT QUẢ SẢN XUẤT DÂY CHUYỀN SỐ 2 THÁNG 5 NĂM 2026
A6: I. Kết quả sản xuất tháng 05 năm 2026:
A7: I. Kết quả sản lượng – Chất lượng – Thu hồi ∑AB/ép :
A8: 1. Kết quả thực hiện Sản lượng – Chất lượng – Thu hồi ∑AB/ép
A9: Kích thước | C9: Sản Lượng Ép | D9: Sản lượng thu hồi | G9: Tổng (A1+A+B) | H9: Số ngày sx | I9: TB/ngày | J9: A/ép (%) | K9: C | L9: Hủy | M9: Dừng ép
A10: KH/TH | B10: ĐVT | D10: A1 | E10: A | F10: B | I10: m2 | K10: C/ép | L10: Hủy/ép | M10: phút/ngày
A11: KẾ HOẠCH 50*50 | B11: m2 | C11: =+G11*100/J12 -> 196980 | D11: =+$G$11*D12/100 -> 181457.98 | E11: =+$G$11*E12/100 -> 5791.212 | F11: =+$G$11*F12/100 -> 5791.212 | G11: =+I11*H11 -> 193040.4 | H11: 14 | I11: =21*0.5*1340*0.98 -> 13788.6
B12: % | D12: 94 | E12: 3 | F12: 3 | G12: 100 | J12: 98 | K12: 2 | M12: 100 | P12: =10.6*418800 -> 4439280
A13: THỰC HIỆN 50*50 | B13: m2 | C13: 209653 | D13: 207028.5 | E13: 0 | F13: 1215 | G13: =SUM(D13:F13) -> 208243.5 | H13: 14 | I13: =+G13/H13 -> 14874.536 | K13: 729 | L13: 603 | P13: =+P12/10.9 -> 407273.39
B14: % | D14: =+D13/G13*100 -> 99.416548 | E14: =+E13/G13*100 -> 0 | F14: =+F13/G13*100 -> 0.58345158 | G14: =SUM(D14:F14) -> 100 | J14: =+G13/C13*100 -> 99.327699 | K14: =100-J14 -> 0.67230137 | M14: 75 | P14: =+P13*2390 -> 9.7338341e+08
A15: So sánh TH/KH 50*50 | B15: m2 | C15: =+C13-C11 -> 12673 | D15: =+D13-D11 -> 25570.524 | E15: =+(E13-E11) -> -5791.212 | F15: =+F13-F11 -> -4576.212 | G15: =SUM(D15:F15) -> 15203.1 | P15: =+P14/418800 -> 2324.2202
B16: % | D16: =+D14-D12 -> 5.4165484 | E16: =+E14-E12 -> -3 | F16: =+F14-F12 -> -2.4165484 | G16: 0 | N16: =97.5+1.29 -> 98.79
A17: KẾ HOẠCH 40*80 | B17: m2 | C17: =+G17*100/J18 -> 454137.6 | D17: =+G17*D18/100 -> 400549.36 | E17: =+G17*E18/100 -> 31153.839 | F17: =+G17*F18/100 -> 13351.645 | G17: =+I17*H17 -> 445054.85 | H17: 31 | I17: =10.9*0.96*1400*0.98 -> 14356.608
B18: % | D18: 90 | E18: 7 | F18: 3 | G18: 100 | J18: 98 | K18: 2 | M18: 40
A19: THỰC HIỆN 40*80 nung 2 lần | B19: m2 | C19: 149733 | D19: 142680 | E19: 0 | F19: 7974.4 | G19: =+F19+D19 -> 150654.4 | H19: 10 | I19: =G19/H19 -> 15065.44 | K19: 574.4 | L19: 732.8
B20: % | D20: =+D19/G19*100 -> 94.706826 | E20: =+E19/G19*100 -> 0 | F20: =+F19/G19*100 -> 5.2931743 | G20: =SUM(D20:F20) -> 100 | J20: =+G19/C19*100 -> 100.61536 | K20: 1 | M20: 42
A21: THỰC HIỆN 40*80 nung 1.5 lần | B21: m2 | C21: 316406 | D21: 292179.2 | E21: 0 | F21: 16897.6 | G21: =+F21+D21 -> 309076.8 | H21: 21 | I21: =G21/H21 -> 14717.943 | K21: 1332.8 | L21: 1297.6
B22: % | D22: =+D21/G21*100 -> 94.53288 | E22: =+E21/G21*100 -> 0 | F22: =+F21/G21*100 -> 5.4671201 | G22: =SUM(D22:F22) -> 100 | J22: =+G21/C21*100 -> 97.683609 | K22: 1 | M22: 15
A23: TỔNG THỰC HIỆN 40*80 | B23: m2 | C23: =+C21+C19 -> 466139 | D23: =+D19+D21 -> 434859.2 | E23: 0 | F23: =+F19+F21 -> 24872 | G23: =+F23+D23 -> 459731.2 | H23: 31 | I23: =G23/H23 -> 14830.039 | K23: =+K21+K19 -> 1907.2 | L23: =+L21+L19 -> 2030.4
B24: % | D24: =+D23/G23*100 -> 94.589882 | E24: =+E23/G23*100 -> 0 | F24: =+F23/G23*100 -> 5.4101179 | G24: =SUM(D24:F24) -> 100 | J24: =+G23/C23*100 -> 98.625346 | K24: 1 | M24: =(M20/H23*H19)+(M22/H23*H21) -> 23.709677
A25: So sánh TH/KH 40*80 | B25: m2 | C25: =+C23-C17 -> 12001.4 | D25: =+D23-D17 -> 34309.837 | E25: =+E23-E17 -> -31153.839 | F25: =+F23-F17 -> 11520.355 | G25: =+G23-G17 -> 14676.352
B26: % | D26: =+D20-D18 -> 4.7068257 | E26: =+E20-E18 -> -7 | F26: =+F20-F18 -> 2.2931743 | G26: 0 | N26: =97.5+1.29 -> 98.79
A27: 2. Kết quả thực hiện các thương hiệu trong tháng 5/2026
A28: 1. Kết quả thực hiện các thương hiệu :
A29: ➢ SX 40x80 men Panson (Nung 2 lần):
A30: Kh/TH | B30: Thực Hiện | J30: Tỷ lệ % | L30: Ghi chú | O30: OK
B31: A1 | D31: A | F31: B | H31: Tổng A1+A+B
A32: Luxury | B32: =+[4]T5.2026!$D$24 -> 75995.2 | F32: =+[4]T5.2026!$D$26 -> 4536 | H32: =+B32+D32+F32 -> 80531.2
B33: =+B32/$H$32*100 -> 94.3674 | C33: =+C32/C48*100 -> #REF! | D33: =+D32/$H$32*100 -> 0 | E33: =+E32/E48*100 -> #REF! | F33: =+F32/$H$32*100 -> 5.6325995 | G33: =+G32/G48*100 -> #REF! | H33: =+H32/$H$32*100 -> 100 | I33: =+I32/I48*100 -> #REF! | J33: =+H32/$H$48*100 -> 53.454264
A34: Green Home | B34: =+[4]T5.2026!$F$24 -> 3136 | F34: =+[4]T5.2026!$F$26 -> 128 | H34: =+B34+D34+F34 -> 3264
B35: =+B34/$H$34*100 -> 96.078431 | C35: =+C34/C42*100 -> #DIV/0! | D35: =+D34/$H$34*100 -> 0 | E35: =+E34/E42*100 -> #DIV/0! | F35: =+F34/$H$34*100 -> 3.9215686 | G35: =+G34/G42*100 -> #DIV/0! | H35: =+H34/$H$34*100 -> 100 | I35: =+I34/I42*100 -> #DIV/0! | J35: =+H34/$H$48*100 -> 2.1665481
A36: Green Era | B36: =+[4]T5.2026!$H$24 -> 12752 | F36: =+[4]T5.2026!$H$26 -> 920 | H36: =+B36+D36+F36 -> 13672
B37: =+B36/$H$34*100 -> 390.68627 | C37: =+C36/#REF!*100 -> #REF! | D37: =+D36/$H$36*100 -> 0 | F37: =+F36/$H$36*100 -> 6.7290813 | H37: =+H36/$H$36*100 -> 100 | J37: =+H36/$H$48*100 -> 9.0750751
A38: Havira | B38: =+[4]T5.2026!$N$24 -> 4972.8 | F38: =+[4]T5.2026!$N$26 -> 406.4 | H38: =+B38+D38+F38 -> 5379.2
B39: =+B38/$H$38*100 -> 92.444973 | C39: =+C38/C40*100 -> #DIV/0! | D39: =+D38/$H$38*100 -> 0 | E39: =+E38/E40*100 -> #DIV/0! | F39: =+F38/$H$38*100 -> 7.5550268 | G39: =+G38/G40*100 -> #DIV/0! | H39: =+H38/$H$38*100 -> 100 | I39: =+I38/I40*100 -> #DIV/0! | J39: =+H38/$H$48*100 -> 3.5705562
A40: Top One | B40: =+[4]T5.2026!$P$24 -> 8035.2 | F40: =+[4]T5.2026!$P$26 -> 387.2 | H40: =+B40+D40+F40 -> 8422.4
B41: =+B40/$H$40*100 -> 95.402736 | C41: =+C40/C42*100 -> #DIV/0! | D41: =+D40/$H$40*100 -> 0 | E41: =+E40/E42*100 -> #DIV/0! | F41: =+F40/$H$40*100 -> 4.5972644 | G41: =+G40/G42*100 -> #DIV/0! | H41: =+H40/$H$40*100 -> 100 | I41: =+I40/I42*100 -> #DIV/0! | J41: =+H40/$H$48*100 -> 5.5905437
A42: Crovina | B42: =+[4]T5.2026!$D$31 -> 13889.6 | F42: =+[4]T5.2026!$D$33 -> 475.2 | H42: =+B42+D42+F42 -> 14364.8
B43: =+B42/$H$42*100 -> 96.691914 | C43: =+C42/C48*100 -> #REF! | D43: =+D42/$H$42*100 -> 0 | E43: =+E42/E48*100 -> #REF! | F43: =+F42/$H$42*100 -> 3.3080864 | G43: =+G42/G48*100 -> #REF! | H43: =+H42/$H$42*100 -> 100 | I43: =+I42/I48*100 -> #REF! | J43: =+H42/$H$48*100 -> 9.5349356
A44: Trang Hoàng Phương | B44: =+[4]T5.2026!$F$31 -> 10619.2 | F44: =+[4]T5.2026!$F$33 -> 454.4 | H44: =+B44+D44+F44 -> 11073.6
B45: =+B44/$H$40*100 -> 126.08283 | C45: =+C44/C46*100 -> #DIV/0! | D45: =+D44/$H$40*100 -> 0 | E45: =+E44/E46*100 -> #DIV/0! | F45: =+F44/$H$40*100 -> 5.3951368 | G45: =+G44/G46*100 -> #DIV/0! | H45: =+H44/$H$44*100 -> 100 | I45: =+I44/I46*100 -> #DIV/0! | J45: =+H44/$H$48*100 -> 7.3503329
A46: Vina Phacon | B46: =+[4]T5.2026!$H$31 -> 13280 | F46: =+[4]T5.2026!$H$33 -> 667.2 | H46: =+B46+D46+F46 -> 13947.2
B47: =+B46/$H$42*100 -> 92.448207 | C47: =+C46/#REF!*100 -> #REF! | D47: =+D46/$H$42*100 -> 0 | E47: =+E46/#REF!*100 -> #REF! | F47: =+F46/$H$42*100 -> 4.644687 | G47: =+G46/#REF!*100 -> #REF! | H47: =+H46/$H$46*100 -> 100 | I47: =+I46/#REF!*100 -> #REF! | J47: =+H46/$H$48*100 -> 9.2577449
A48: Tổng | B48: =+B32+B34+B36+B38+B40+B42+B44+B46 -> 142680 | C48: =+#REF!+#REF!+#REF!+#REF!+#REF!+C42+C32 -> #REF! | D48: =+D32+D34+D36+D38+D40+D42 -> 0 | E48: =+#REF!+#REF!+#REF!+#REF!+#REF!+E42+E32 -> #REF! | F48: =+F32+F34+F36+F38+F40+F42+F44+F46 -> 7974.4 | G48: =+#REF!+#REF!+#REF!+#REF!+#REF!+G42+G32 -> #REF! | H48: =+H32+H34+H36+H38+H40+H42+H44+H46 -> 150654.4 | I48: =+#REF!+#REF!+#REF!+#REF!+#REF!+I42+I32 -> #REF!
B49: =+B48/$H$48*100 -> 94.706826 | C49: =+C33+C43+#REF!+#REF!+#REF!+#REF! -> #REF! | D49: =+D48/$H$48*100 -> 0 | E49: =+E33+E43+#REF!+#REF!+#REF!+#REF! -> #REF! | F49: =+F48/$H$48*100 -> 5.2931743 | G49: =+G33+G43+#REF!+#REF!+#REF!+#REF! -> #REF! | H49: =+H48/$H$48*100 -> 100 | I49: =+I33+I43+#REF!+#REF!+#REF!+#REF! -> #REF! | J49: =+H48/$H$48*100 -> 100
A50: ➢ SX 40*80 men Panson (nung 1.5 lần)
A51: Kh/TH | B51: Thực Hiện | J51: Tỷ lệ % | L51: Ghi chú | O51: OK
B52: A1 | D52: A | F52: B | H52: Tổng A1+A+B
A53: Green Home | B53: =+[4]T5.2026!$D$39 -> 8750.4 | F53: =+[4]T5.2026!$D$41 -> 665.6 | H53: =+B53+D53+F53 -> 9416
B54: =+B53/$H$53*100 -> 92.931181 | C54: =+C53/C71*100 -> #REF! | D54: =+D53/$H$32*100 -> 0 | E54: =+E53/E71*100 -> #REF! | F54: =+F53/$H$53*100 -> 7.068819 | G54: =+G53/G71*100 -> #REF! | H54: =+B54+F54 -> 100 | I54: =+I53/I71*100 -> #REF! | J54: =+H53/$H$71*100 -> 3.046492
A55: Luxury | B55: =+[4]T5.2026!$F$39 -> 112126.4 | F55: =+[4]T5.2026!$F$41 -> 9668.8 | H55: =+B55+D55+F55 -> 121795.2
B56: =+B55/$H$55*100 -> 92.061428 | C56: =+C55/C63*100 -> #DIV/0! | D56: =+D55/$H$34*100 -> 0 | E56: =+E55/E63*100 -> #DIV/0! | F56: =+F55/$H$55*100 -> 7.9385723 | H56: =+B56+F56 -> 100 | I56: =+I55/I73*100 -> #DIV/0! | J56: =+H55/$H$71*100 -> 39.406128
A57: Trang Hoàng Phương | B57: =+[4]T5.2026!$H$39 -> 62278.4 | F57: =+[4]T5.2026!$H$41 -> 3384 | H57: =+B57+D57+F57 -> 65662.4
B58: =+B57/H57*100 -> 94.846366 | C58: =+C57/#REF!*100 -> #REF! | D58: =+D57/$H$36*100 -> 0 | F58: =+F57/$H$57*100 -> 5.1536343 | G58: =+G57/G65*100 -> #DIV/0! | H58: =+H57/H57*100 -> 100 | I58: =+I57/I75*100 -> #DIV/0! | J58: =+H57/$H$71*100 -> 21.244687
A59: Lustile | B59: =+[4]T5.2026!$N$39 -> 43427.2 | F59: =+[4]T5.2026!$N$41 -> 0 | H59: =+B59+D59+F59 -> 43427.2
B60: =+B59/H59*100 -> 100 | C60: =+C59/C61*100 -> #DIV/0! | D60: =+D59/$H$38*100 -> 0 | E60: =+E59/E61*100 -> #DIV/0! | F60: =+F59/$H$38*100 -> 0 | G60: =+G59/G61*100 -> #DIV/0! | H60: =+H59/H59*100 -> 100 | I60: =+I59/I77*100 -> 0 | J60: =+H59/$H$71*100 -> 14.050618
A61: Top One | B61: =+[4]T5.2026!$P$39 -> 438.4 | F61: =+[4]T5.2026!$P$41 -> 80 | H61: =+B61+D61+F61 -> 518.4
B62: =+B61/H61*100 -> 84.567901 | C62: =+C61/C63*100 -> #DIV/0! | D62: =+D61/$H$40*100 -> 0 | E62: =+E61/E63*100 -> #DIV/0! | F62: =+F61/$H$61*100 -> 15.432099 | G62: =+G61/G69*100 -> #DIV/0! | H62: =+H61/H61*100 -> 100 | I62: =+I61/#REF!*100 -> #REF! | J62: =+H61/$H$71*100 -> 0.1677253
A63: Vidona | B63: =+[4]T5.2026!$D$46 -> 46681.6 | F63: =+[4]T5.2026!$D$48 -> 2129.6 | H63: =+B63+D63+F63 -> 48811.2
B64: =+B63/H63*100 -> 95.637067 | C64: =+C63/C71*100 -> #REF! | D64: =+D63/$H$42*100 -> 0 | E64: =+E63/E71*100 -> #REF! | F64: =+F63/$H$63*100 -> 4.3629331 | G64: =+G63/G71*100 -> #REF! | H64: =+H63/H63*100 -> 100 | I64: =+I63/#REF!*100 -> #REF! | J64: =+H63/$H$71*100 -> 15.79258
A65: Espana | B65: =+[4]T5.2026!$F$46 -> 14904 | F65: =+[4]T5.2026!$F$48 -> 824 | H65: =+B65+D65+F65 -> 15728
B66: =+B65/H65*100 -> 94.760936 | C66: =+C65/C67*100 -> #DIV/0! | D66: =+D65/$H$40*100 -> 0 | E66: =+E65/E67*100 -> #DIV/0! | F66: =+F65/$H$65*100 -> 5.2390641 | G66: =+G65/G73*100 -> #DIV/0! | H66: =+H65/H65*100 -> 100 | I66: =+I65/#REF!*100 -> #REF! | J66: =+H65/$H$71*100 -> 5.0887029
A67: Havira | B67: =+[4]T5.2026!$H$46 -> 3572.8 | F67: =+[4]T5.2026!$H$48 -> 145.6 | H67: =+B67+D67+F67 -> 3718.4
B68: =+B67/H67*100 -> 96.084337 | C68: =+C67/#REF!*100 -> #REF! | D68: =+D67/$H$42*100 -> 0 | E68: =+E67/#REF!*100 -> #REF! | F68: =+F67/$H$67*100 -> 3.9156627 | G68: =+G67/G75*100 -> #DIV/0! | H68: =+H67/H67*100 -> 100 | I68: =+I67/#REF!*100 -> #REF! | J68: =+H67/$H$71*100 -> 1.2030667
H69: =+B69+D69+F69 -> 0
B70: =+B69/$H$42*100 -> 0 | C70: =+C69/#REF!*100 -> #REF! | D70: =+D69/$H$42*100 -> 0 | E70: =+E69/#REF!*100 -> #REF! | F70: =+F69/$H$42*100 -> 0 | G70: =+G69/#REF!*100 -> #REF! | H70: =+H69/$H$42*100 -> 0 | I70: =+I69/#REF!*100 -> #REF! | J70: =+H69/$H$48*100 -> 0
A71: Tổng | B71: =+B53+B55+B57+B59+B61+B63+B65+B67+B69 -> 292179.2 | C71: =+#REF!+#REF!+#REF!+#REF!+#REF!+C63+C53 -> #REF! | D71: =+D53+D55+D57+D59+D61+D63 -> 0 | E71: =+#REF!+#REF!+#REF!+#REF!+#REF!+E63+E53 -> #REF! | F71: =+F53+F55+F57+F59+F61+F63+F65+F69 -> 16752 | G71: =+#REF!+#REF!+#REF!+#REF!+#REF!+G63+G53 -> #REF! | H71: =+H53+H55+H57+H59+H61+H63+H65+H67+H69 -> 309076.8 | I71: =+#REF!+#REF!+#REF!+#REF!+#REF!+I63+I53 -> #REF! | O71: =+H54+H56+H58+H60+H62+H64+H66+H68 -> 800
B72: =+B71/H71*100 -> 94.53288 | C72: =+C54+C64+#REF!+#REF!+#REF!+#REF! -> #REF! | D72: =+D71/$H$48*100 -> 0 | E72: =+E54+E64+#REF!+#REF!+#REF!+#REF! -> #REF! | F72: =+F71/$H$71*100 -> 5.4200121 | H72: =+H71/$H$71*100 -> 100 | I72: =+I54+I64+#REF!+#REF!+#REF!+#REF! -> #REF! | J72: =+H71/$H$71*100 -> 100
A73: II. Tiêu hao vật tư tháng 05/2026
A74: 1. Tiêu hao vật tư :
A75: ➢ Sản xuất 40x80 (nung 2 lần) | N75: ok
A76: STT | B76: Nguyên liệu, vật tư | D76: ĐVT | E76: Định mức | F76: Thực tế | G76: Lượng SD | I76: -Giảm ĐM | J76: + Vượt ĐM | K76: Ghi chú | N76: SL | O76: =+H48 -> 150654.4 | P76: C | Q76: 576
A77: 1 | B77: Nguyên liệu xương | D77: kg | E77: 21.01 | F77: =+G77/$O$76 -> 20.284553 | G77: 3055957.2 | I77: =+(E77-F77)*$O$76 -> 109291.72 | J77: =+(F77-E77)*$O$78 -> 0 | K77: Bột phế và gạch phế 177,890.77kg | N77: Sugar
A78: 2 | B78: Men EWP | D78: kg | E78: 0.507 | F78: =+G78/$O$76 -> 0.44523705 | G78: 67076.92 | I78: =+(E78-F78)*$O$77 -> 0 | J78: =+(F78-E78)*$O$78 -> 0
A79: 3 | B79: Men GWP | D79: kg | E79: 0.478 | F79: =+G79/$O$76 -> 0.49706746 | G79: 74885.4 | I79: =+(E79-F79)*$O$77 -> 0 | J79: =+(F79-E79)*$O$78 -> 0 | N79: 43127.707 | P79: =+[2]T3!$I$70+[2]T3!$I$77 -> 360521.55 | S79: =+I79/G79*100 -> 0
A80: 4 | B80: Vỏ điều | D80: kg | E80: 1.79 | F80: =+G80/$O$76 -> 1.6596926 | G80: 250040 | I80: =+(E80-F80)*$O$84 -> 40274.98 | J80: 0
A81: 5 | B81: Bi trung nhôm | D81: cái | E81: 0.044 | F81: =+G81/$O$76 -> 0.024061694 | G81: 3625 | I81: =+(E81-F81)*$O$76 -> 3003.7936 | J81: =+(F81-E81)*$O$78 -> 0
A82: 6 | B82: Bi cao nhôm | D82: kg | E82: 0.0026 | F82: =+G82/$O$76 -> 0.0025223293 | G82: 380 | I82: =+(E82-F82)*$O$76 -> 11.70144 | J82: =+(F82-E82)*$O$78 -> 0
A83: ➢ Sản xuất 40x80 ( nung 1.5 lần) | N83: OK
A84: STT | B84: Nguyên liệu, vật tư | D84: ĐVT | E84: Định mức | F84: Thực tế | G84: Lượng SD | I84: -Giảm ĐM | J84: + Vượt ĐM | K84: Ghi chú | N84: SL | O84: =+H71 -> 309076.8 | P84: C | Q84: 1296
A85: 1 | B85: Nguyên liệu xương | D85: kg | E85: 21.01 | F85: =+G85/$O$84 -> 20.163314 | G85: 6232012.7 | I85: =+(E85-F85)*$O$84 -> 261690.9 | J85: 0 | K85: Bột phế và gạch phế 226,358.44kg | N85: Panson
A86: 2 | B86: Men EWP | D86: kg | E86: 0.507 | F86: =+G86/$O$84 -> 0.46939401 | G86: 145078.8 | I86: =+(E86-F86)*$O$84 -> 11623.138 | J86: 0
A87: 3 | B87: Men GWP | D87: kg | E87: 0.478 | F87: =+G87/$O$84 -> 0.44287439 | G87: =+[5]T5.2026!$I$321 -> 136882.2 | I87: =+(E87-F87)*$O$84 -> 10856.51
A88: 4 | B88: Bao bì (5V) | D88: cái | E88: 0.627 | F88: =+G88/$O$88 -> 0.61638438 | G88: 284525 | I88: 0 | J88: =+(F88-E88)*$O$84 -> -3281.0434 | O88: =+O84+O76+Q84+Q76 -> 461603.2
A89: 5 | B89: Ke góc (5V) | D89: kg | E89: 0.025 | F89: =+G89/$O$88 -> 0.023234241 | G89: 10725 | I89: =+(E89-F89)*$O$84 -> 545.75514 | J89: 0 | O89: =+O93 -> 0
A90: 6 | B90: Dây đai hộp | D90: kg | E90: 0.0109 | F90: =+G90/$O$88 -> 0.010820982 | G90: 4995 | I90: 0 | J90: =+(F90-E90)*$O$84 -> -24.422576
A91: 7 | B91: Vỏ điều | D91: kg | E91: 1.79 | F91: =+G91/$O$84 -> 1.6961739 | G91: 524248 | I91: =+(E91-F91)*$O$84 -> 28999.472 | J91: 0
A92: 8 | B92: Dây đai pet | D92: kg | E92: 0.0082 | F92: =+G92/$O$88 -> 0.27896254 | G92: 128770 | I92: =+(E92-F92)*$O$84 -> -83686.419 | J92: 0 | O92: =+O88/G94 -> 61.960161
A93: 9 | B93: Nan nẹp | D93: cái | E93: 0.064 | F93: =+G93/$O$88 -> 0.010820982 | G93: 4995 | I93: =+(E93-F93)*$O$84 -> 16436.401 | J93: 0
A94: 10 | B94: Pallet | D94: cái | E94: 0.0159 | F94: =+G94/$O$88 -> 0.016139403 | G94: 7450 | I94: 0 | J94: =+(F94-E94)*$O$84 -> 73.993866 | K94: TB: 61.96m2/pallet
A95: 11 | B95: Bi trung nhôm | D95: kg | E95: 0.044 | F95: =+G95/$O$84 -> 0.055406941 | G95: 17125 | I95: 0 | J95: =+(F95-E95)*$O$84 -> 3525.6208 | K95: Thực tế nạp 125kg/mẻ. Định mức 75kg/mẻ
A96: 12 | B96: Bi cao nhôm | D96: kg | E96: 0.0026 | F96: =+G96/$O$84 -> 0.0025236446 | G96: 780 | I96: =+(E96-F96)*$O$84 -> 23.59968 | J96: 0
A97: III. Cộng tác Nhân sự
A98: TỔNG HỢP NHÂN LỰC | D98: Định biên | E98: Số người | F98: Tuyển dụng | G98: Nghỉ việc | H98: Nghỉ thai sản | J98: Tổng số | K98: Ghi chú | N98: OK | P98: =14*3 -> 42
A99: 1 | B99: Văn phòng | D99: 3 | E99: 3 | J99: =+E99+F99-G99-H99 -> 3
A100: 2 | B100: Đốc ca | D100: 5 | E100: 5 | H100: 0 | J100: =+E100+F100-G100-H100 -> 5
A101: 3 | B101: Bộ phận ETM | D101: 25 | E101: 25 | G101: 0 | J101: =+E101+H101 -> 25
A102: 4 | B102: Bộ phận lò nung | D102: 27 | E102: 27 | J102: =+E102-H102 -> 27
...

Sheet T6.2026
A1: CÔNG TY CỔ PHẦN GẠCH MEN PHƯƠNG NAM
A2: PHÂN XƯỞNG SẢN XUẤT DC2
A4: BÁO CÁO KẾT QUẢ SẢN XUẤT DÂY CHUYỀN SỐ 2 THÁNG 6 NĂM 2026
A6: I. Kết quả sản xuất tháng 06 năm 2026:
A7: I. Kết quả sản lượng – Chất lượng – Thu hồi ∑AB/ép :
A8: 1. Kết quả thực hiện Sản lượng – Chất lượng – Thu hồi ∑AB/ép
A9: Kích thước | C9: Sản Lượng Ép | D9: Sản lượng thu hồi | G9: Tổng (A1+A+B) | H9: Số ngày sx | I9: TB/ngày | J9: A/ép (%) | K9: C | L9: Hủy | M9: Dừng ép
A10: KH/TH | B10: ĐVT | D10: A1 | E10: A | F10: B | I10: m2 | K10: C/ép | L10: Hủy/ép | M10: phút/ngày
A11: KẾ HOẠCH 50*50 | B11: m2 | C11: =+G11*100/J12 -> 196980 | D11: =+$G$11*D12/100 -> 181457.98 | E11: =+$G$11*E12/100 -> 5791.212 | F11: =+$G$11*F12/100 -> 5791.212 | G11: =+I11*H11 -> 193040.4 | H11: 14 | I11: =21*0.5*1340*0.98 -> 13788.6
B12: % | D12: 94 | E12: 3 | F12: 3 | G12: 100 | J12: 98 | K12: 2 | M12: 100 | P12: =10.6*418800 -> 4439280
A13: THỰC HIỆN 50*50 | B13: m2 | C13: 209653 | D13: 207028.5 | E13: 0 | F13: 1215 | G13: =SUM(D13:F13) -> 208243.5 | H13: 14 | I13: =+G13/H13 -> 14874.536 | K13: 729 | L13: 603 | P13: =+P12/10.9 -> 407273.39
B14: % | D14: =+D13/G13*100 -> 99.416548 | E14: =+E13/G13*100 -> 0 | F14: =+F13/G13*100 -> 0.58345158 | G14: =SUM(D14:F14) -> 100 | J14: =+G13/C13*100 -> 99.327699 | K14: =100-J14 -> 0.67230137 | M14: 75 | P14: =+P13*2390 -> 9.7338341e+08
A15: So sánh TH/KH 50*50 | B15: m2 | C15: =+C13-C11 -> 12673 | D15: =+D13-D11 -> 25570.524 | E15: =+(E13-E11) -> -5791.212 | F15: =+F13-F11 -> -4576.212 | G15: =SUM(D15:F15) -> 15203.1 | P15: =+P14/418800 -> 2324.2202
B16: % | D16: =+D14-D12 -> 5.4165484 | E16: =+E14-E12 -> -3 | F16: =+F14-F12 -> -2.4165484 | G16: 0 | N16: =97.5+1.29 -> 98.79
A17: KẾ HOẠCH 40*80 | B17: m2 | C17: =+G17*100/J18 -> 424838.4 | D17: =+G17*D18/100 -> 374707.47 | E17: =+G17*E18/100 -> 29143.914 | F17: =+G17*F18/100 -> 12490.249 | G17: =+I17*H17 -> 416341.63 | H17: 29 | I17: =10.9*0.96*1400*0.98 -> 14356.608 | K17: 4395
B18: % | D18: 90 | E18: 7 | F18: 3 | G18: 100 | J18: 98 | K18: =100-J18 -> 2 | M18: 40
A19: KẾ HOẠCH 50*50 | B19: m2 | C19: =+G19*100/J20 -> 7035 | D19: =+G19*D20/100 -> 6480.642 | E19: =+G19*E20/100 -> 206.829 | F19: =+G19*F20/100 -> 206.829 | G19: =+I19*H19 -> 6894.3 | H19: 0.5 | I19: =21*0.5*1340*0.98 -> 13788.6 | K19: 4080
B20: % | D20: 94 | E20: 3 | F20: 3 | G20: 100 | J20: 98 | K20: =100-J20 -> 2 | M20: 100
A21: THỰC HIỆN 40*80 | B21: m2 | C21: 435135 | D21: 408598.4 | E21: 0 | F21: 22238.4 | G21: =+F21+D21 -> 430836.8 | H21: 29 | I21: =G21/H21 -> 14856.441 | K21: 1907 | L21: 2030
B22: % | D22: =+D21/G21*100 -> 94.838324 | E22: =+E21/G21*100 -> 0 | F22: =+F21/G21*100 -> 5.1616761 | G22: =SUM(D22:F22) -> 100 | J22: =+G21/C21*100 -> 99.012215 | K22: =100-J22 -> 0.9877854 | M22: 25
A23: THỰC HIỆN 50*50 | B23: m2 | C23: 7270 | D23: 5472 | E23: 0 | F23: 199.5 | G23: =+F23+D23 -> 5671.5 | H23: 0.5 | I23: =G23/H23 -> 11343 | K23: 26 | L23: 45
B24: % | D24: =+D23/G23*100 -> 96.482412 | E24: =+E23/G23*100 -> 0 | F24: =+F23/G23*100 -> 3.5175879 | G24: =SUM(D24:F24) -> 100 | J24: =+G23/C23*100 -> 78.01238 | K24: =100-J24 -> 21.98762 | M24: 48
A25: So sánh TH/KH 40*80 | B25: m2 | C25: =+C21-C17 -> 10296.6 | D25: =+D21-D17 -> 33890.931 | E25: =+E21-E17 -> -29143.914 | F25: =+F21-F17 -> 9748.151 | G25: =+D25+F25 -> 43639.082
B26: % | D26: =+D22-D18 -> 4.8383239 | E26: =+E22-E18 -> -7 | F26: =+F22-F18 -> 2.1616761 | N26: =97.5+1.29 -> 98.79
A27: So sánh TH/KH 50*50 | B27: m2 | C27: =+C23-C17 -> -417568.4 | D27: =+D23-D17 -> -369235.47 | E27: =+E23-E17 -> -29143.914 | F27: =+F23-F17 -> -12290.749 | G27: =+D27+F27 -> -381526.22
B28: % | D28: =+D24-D20 -> 2.4824121 | E28: =+E24-E20 -> -3 | F28: =+F24-F20 -> 0.51758794 | G28: 0 | N28: =97.5+1.29 -> 98.79
A29: 2. Kết quả thực hiện các thương hiệu trong tháng 6/2026
A30: 1. Kết quả thực hiện các thương hiệu :
A31: ➢ SX 40x80 men Panson :
A32: Kh/TH | B32: Thực Hiện | J32: Tỷ lệ % | L32: Ghi chú | O32: OK
B33: A1 | D33: A | F33: B | H33: Tổng A1+A+B
A34: Luxury | B34: 117024 | F34: 9840 | H34: =+B34+D34+F34 -> 126864
B35: =+B34/$H$34*100 -> 92.243663 | C35: =+C34/C56*100 -> #REF! | D35: =+D34/$H$34*100 -> 0 | E35: =+E34/E56*100 -> #REF! | F35: =+F34/$H$34*100 -> 7.7563375 | G35: =+G34/G56*100 -> #REF! | H35: =+H34/$H$34*100 -> 100 | I35: =+I34/I56*100 -> #REF! | J35: =+H34/$H$56*100 -> 29.445843
A36: Green Home | B36: 3388.8 | F36: 179.2 | H36: =+B36+D36+F36 -> 3568
B37: =+B36/$H$36*100 -> 94.977578 | C37: =+C36/C42*100 -> #DIV/0! | D37: =+D36/$H$36*100 -> 0 | E37: =+E36/E42*100 -> #DIV/0! | F37: =+F36/$H$36*100 -> 5.0224215 | G37: =+G36/G42*100 -> #DIV/0! | H37: =+H36/$H$36*100 -> 100 | I37: =+I36/I42*100 -> #DIV/0! | J37: =+H36/$H$56*100 -> 0.82815274
A38: Vidona | B38: 11126.4 | F38: 785.6 | H38: =+B38+D38+F38 -> 11912
B39: =+B38/$H$38*100 -> 93.40497 | C39: =+C38/C44*100 -> #DIV/0! | D39: =+D38/$H$38*100 -> 0 | E39: =+E38/E44*100 -> #DIV/0! | F39: =+F38/$H$38*100 -> 6.5950302 | G39: =+G38/G44*100 -> #DIV/0! | H39: =+H38/H38*100 -> 100 | I39: =+I38/#REF!*100 -> #REF! | J39: =+H38/$H$56*100 -> 2.7648418
A40: Havira | B40: 23640 | F40: 1057.6 | H40: =+B40+D40+F40 -> 24697.6
B41: =+B40/$H$40*100 -> 95.717803 | C41: =+C40/#REF!*100 -> #REF! | D41: =+D40/$H$40*100 -> 0 | E41: =+E40/#REF!*100 -> #REF! | F41: =+F40/$H$40*100 -> 4.2821975 | G41: =+G40/#REF!*100 -> #REF! | H41: =+H40/$H$40*100 -> 100 | I41: =+I40/#REF!*100 -> #REF! | J41: =+H40/$H$56*100 -> 5.732451
A42: Crovina | B42: 35075.2 | F42: 1182.4 | H42: =+B42+D42+F42 -> 36257.6
B43: =+B42/$H$42*100 -> 96.738891 | C43: =+C42/C56*100 -> #REF! | D43: =+D42/$H$42*100 -> 0 | E43: =+E42/E56*100 -> #REF! | F43: =+F42/$H$42*100 -> 3.2611094 | G43: =+G42/G56*100 -> #REF! | H43: =+H42/$H$42*100 -> 100 | I43: =+I42/I56*100 -> #REF! | J43: =+H42/$H$56*100 -> 8.4155916
A44: Trang Hoàng Phương | B44: 90824 | F44: 4496 | H44: =+B44+D44+F44 -> 95320
B45: =+B44/$H$44*100 -> 95.283256 | C45: =+C44/C46*100 -> #DIV/0! | D45: =+D44/$H$44*100 -> 0 | E45: =+E44/E46*100 -> #DIV/0! | F45: =+F44/$H$44*100 -> 4.7167436 | G45: =+G44/G46*100 -> #DIV/0! | H45: =+H44/$H$44*100 -> 100 | I45: =+I44/I46*100 -> #DIV/0! | J45: =+H44/$H$56*100 -> 22.124305
A46: Vina Phacon | B46: 21702.4 | F46: 1161.6 | H46: =+B46+D46+F46 -> 22864
B47: =+B46/$H$42*100 -> 59.856141 | C47: =+C46/#REF!*100 -> #REF! | D47: =+D46/$H$42*100 -> 0 | E47: =+E46/#REF!*100 -> #REF! | F47: =+F46/$H$42*100 -> 3.2037421 | G47: =+G46/#REF!*100 -> #REF! | H47: =+H46/$H$46*100 -> 100 | I47: =+I46/#REF!*100 -> #REF! | J47: =+H46/$H$56*100 -> 5.3068622
A48: Top One | B48: 39804.8 | F48: 1792 | H48: =+B48+D48+F48 -> 41596.8
B49: =+B48/$H$48*100 -> 95.691976 | C49: =+C48/C56*100 -> #REF! | D49: =+D48/$H$48*100 -> 0 | E49: =+E48/E56*100 -> #REF! | F49: =+F48/$H$48*100 -> 4.3080237 | G49: =+G48/G56*100 -> #REF! | H49: =+H48/H48*100 -> 100 | I49: =+I48/#REF!*100 -> #REF! | J49: =+H48/$H$56*100 -> 9.6548497
A50: Lustile | B50: 37968 | H50: =+B50+D50+F50 -> 37968
B51: =+B50/H50*100 -> 100 | C51: =+C50/C56*100 -> #REF! | D51: =+D50/$H$40*100 -> 0 | E51: =+E50/E56*100 -> #REF! | F51: =+F50/$H$40*100 -> 0 | G51: =+G50/G56*100 -> #REF! | H51: =+H50/H50*100 -> 100 | I51: =+I50/I77*100 -> #REF! | J51: =+H50/$H$56*100 -> 8.812585
A52: Espana | B52: 7086.4 | F52: 635.2 | H52: =+B52+D52+F52 -> 7721.6
B53: =+B52/$H$52*100 -> 91.773726 | C53: =+C52/C56*100 -> #REF! | D53: =+D52/$H$52*100 -> 0 | E53: =+E52/E56*100 -> #REF! | F53: =+F52/$H$52*100 -> 8.2262743 | G53: =+G52/G56*100 -> #REF! | H53: =+H52/H52*100 -> 100 | I53: =+I52/#REF!*100 -> #REF! | J53: =+H52/$H$56*100 -> 1.7922265
A54: Padova | B54: 20960 | F54: 1108.8 | H54: =+B54+D54+F54 -> 22068.8
B55: =+B54/$H$54*100 -> 94.975712 | C55: =+C54/C71*100 -> #DIV/0! | D55: =+D54/$H$54*100 -> 0 | E55: =+E54/E71*100 -> #DIV/0! | F55: =+F54/$H$54*100 -> 5.0242877 | G55: =+G54/G71*100 -> #DIV/0! | H55: =+H54/H54*100 -> 100 | I55: =+I54/#REF!*100 -> #REF! | J55: =+H54/$H$56*100 -> 5.1222918
A56: Tổng | B56: =+B54+B52+B50+B48+B46+B44+B42+B40+B38+B36+B34 -> 408600 | C56: =+#REF!+#REF!+#REF!+#REF!+#REF!+C42+C34 -> #REF! | D56: =+D54+D52+D50+D48+D46+D44+D42+D40+D38+D36+D34 -> 0 | E56: =+#REF!+#REF!+#REF!+#REF!+#REF!+E42+E34 -> #REF! | F56: =+F54+F52+F50+F48+F46+F44+F42+F40+F38+F36+F34 -> 22238.4 | G56: =+#REF!+#REF!+#REF!+#REF!+#REF!+G42+G34 -> #REF! | H56: =+B56+F56 -> 430838.4 | I56: =+#REF!+#REF!+#REF!+#REF!+#REF!+I42+I34 -> #REF!
B57: =+B56/$H$56*100 -> 94.838343 | C57: =+C35+C43+#REF!+#REF!+#REF!+#REF! -> #REF! | D57: =+D56/$H$56*100 -> 0 | E57: =+E35+E43+#REF!+#REF!+#REF!+#REF! -> #REF! | F57: =+F56/$H$56*100 -> 5.1616569 | G57: =+G35+G43+#REF!+#REF!+#REF!+#REF! -> #REF! | H57: =+H56/$H$56*100 -> 100 | I57: =+I35+I43+#REF!+#REF!+#REF!+#REF! -> #REF! | J57: =+H56/$H$56*100 -> 100
A58: ➢ SX 40x80 men Matt :
A59: Kh/TH | B59: Thực Hiện | J59: Tỷ lệ % | L59: Ghi chú | O59: OK
B60: A1 | D60: A | F60: B | H60: Tổng A1+A+B
A61: Luxury | B61: 24246.4 | F61: 505.6 | H61: =+B61+D61+F61 -> 24752
B62: =+B61/$H$61*100 -> 97.957337 | C62: =+C61/C83*100 -> #DIV/0! | D62: =+D61/$H$61*100 -> 0 | E62: =+E61/E83*100 -> #VALUE! | F62: =+F61/$H$61*100 -> 2.0426632 | G62: =+G61/G83*100 -> #VALUE! | H62: =+H61/$H$61*100 -> 100 | I62: =+I61/I83*100 -> #VALUE! | J62: =+H61/$H$69*100 -> 32.173533 | K62: =+K61/K83*100 -> #VALUE!
A63: Crovina | B63: 16392 | F63: 185.6 | H63: =+B63+D63+F63 -> 16577.6
B64: =+B63/$H$63*100 -> 98.880417 | C64: =+C63/C69*100 -> #DIV/0! | F64: =+F63/$H$63*100 -> 1.1195831 | G64: =+G63/G69*100 -> #DIV/0! | H64: =+H63/$H$63*100 -> 100 | I64: =+I63/I69*100 -> #DIV/0! | J64: =+H63/$H$69*100 -> 21.548156 | K64: =+K63/K85*100 -> #DIV/0!
A65: Havira | B65: 6236.8 | F65: 91.2 | H65: =+B65+D65+F65 -> 6328
B66: =+B65/$H$65*100 -> 98.558786 | C66: =+C65/C71*100 -> #DIV/0! | D66: =+D65/$H$65*100 -> 0 | E66: =+E65/E71*100 -> #DIV/0! | F66: =+F65/$H$65*100 -> 1.4412137 | G66: =+G65/G71*100 -> #DIV/0! | H66: =+H65/$H$65*100 -> 100 | I66: =+I65/I71*100 -> #DIV/0! | J66: =+H65/$H$69*100 -> 8.2253603 | K66: =+K65/K87*100 -> #DIV/0!
A67: Trang Hoàng Phương | B67: 28852.8 | F67: 422.4 | H67: =+B67+D67+F67 -> 29275.2
B68: =+B67/$H$67*100 -> 98.557141 | C68: =+C67/#REF!*100 -> #REF! | D68: =+D67/$H$67*100 -> 0 | E68: =+E67/#REF!*100 -> #REF! | F68: =+F67/$H$67*100 -> 1.4428595 | G68: =+G67/#REF!*100 -> #REF! | H68: =+H67/$H$67*100 -> 100 | I68: =+I67/#REF!*100 -> #REF! | J68: =+H67/$H$69*100 -> 38.05295 | K68: =+K67/K89*100 -> #DIV/0!
A69: Tổng | B69: =+B61+B63+B65+B67 -> 75728 | F69: =+F67+F65+F63+F61 -> 1204.8 | H69: =+B69+D69+F69 -> 76932.8
B70: =+B69/$H$69*100 -> 98.433958 | C70: =+C69/C83*100 -> #DIV/0! | D70: =+D69/$H$69*100 -> 0 | E70: =+E69/E83*100 -> #VALUE! | F70: =+F69/$H$69*100 -> 1.5660421 | G70: =+G69/G83*100 -> #VALUE! | H70: =+H69/$H$69*100 -> 100 | I70: =+I69/I83*100 -> #VALUE! | J70: =+H69/$H$69*100 -> 100 | K70: =+K69/K91*100 -> #DIV/0!
A71: ➢ SX 50*50 men Matt + Sugar
A72: Kh/TH | B72: Thực Hiện | J72: Tỷ lệ % | L72: Ghi chú | O72: ok
B73: A1 | D73: A | F73: B | H73: Tổng A1+A+B
A74: Luxury | B74: 2784 | F74: 162 | H74: =+B74+D74+F74 -> 2946
B75: =+B74/$H$74*100 -> 94.501018 | C75: =+C74/C76*100 -> #DIV/0! | D75: =+D74/$H$36*100 -> 0 | E75: =+E74/E76*100 -> #DIV/0! | F75: =+F74/$H$74*100 -> 5.4989817 | H75: =+B75+F75 -> 100 | I75: =+I74/I80*100 -> #DIV/0! | J75: =+H74/$H$78*100 -> 51.94393
A76: Vidona | B76: 2688 | F76: 37.5 | H76: =+B76+D76+F76 -> 2725.5
B77: =+B76/H76*100 -> 98.624106 | C77: =+C76/C78*100 -> #REF! | D77: =+D76/$H$42*100 -> 0 | E77: =+E76/E78*100 -> #REF! | F77: =+F76/$H$76*100 -> 1.3758943 | G77: =+G76/G78*100 -> #REF! | H77: =+H76/H76*100 -> 100 | I77: =+I76/#REF!*100 -> #REF! | J77: =+H76/$H$78*100 -> 48.05607
A78: Tổng | B78: =+B76+B74 -> 5472 | C78: =+#REF!+#REF!+#REF!+#REF!+#REF!+C76+#REF! -> #REF! | D78: =+D76+D74 -> 0 | E78: =+#REF!+#REF!+#REF!+#REF!+#REF!+E76+#REF! -> #REF! | F78: =+F76+F74 -> 199.5 | G78: =+#REF!+#REF!+#REF!+#REF!+#REF!+G76+#REF! -> #REF! | H78: =+B78+F78 -> 5671.5 | I78: =+#REF!+#REF!+#REF!+#REF!+#REF!+I76+#REF! -> #REF! | O78: =+#REF!+H75+#REF!+#REF!+#REF!+H77+#REF!+#REF! -> #REF!
B79: =+B78/H78*100 -> 96.482412 | C79: =+#REF!+C77+#REF!+#REF!+#REF!+#REF! -> #REF! | D79: =+D78/$H$56*100 -> 0 | E79: =+#REF!+E77+#REF!+#REF!+#REF!+#REF! -> #REF! | F79: =+F78/$H$78*100 -> 3.5175879 | H79: =+H78/$H$78*100 -> 100 | I79: =+#REF!+I77+#REF!+#REF!+#REF!+#REF! -> #REF! | J79: =+H78/$H$78*100 -> 100
A80: II. Tiêu hao vật tư tháng 06/2026
A81: 1. Tiêu hao vật tư :
A82: ➢ Sản xuất 50x50 | N82: OK
A83: STT | B83: Nguyên liệu, vật tư | D83: ĐVT | E83: Định mức | F83: Thực tế | G83: Lượng SD | I83: -Giảm ĐM | J83: + Vượt ĐM | K83: Ghi chú | N83: SL | O83: 5671.5 | P83: C | Q83: =+Q84+Q85 -> 0
A84: 1 | B84: Nguyên liệu xương PCL | D84: kg | E84: 21.26 | F84: =+G84/$O$83 -> 33.600635 | G84: 190566 | J84: =+(F84-E84)*$O$83 -> 69989.91 | K84: Bột phế và gạch phế 7032.1kg | N84: Sugar
A85: 2 | B85: Men EFSV | D85: kg | E85: 0.28 | F85: =+G85/$O$83 -> 0.33220488 | G85: 1884.1 | J85: =+(F85-E85)*$O$83 -> 296.08 | N85: Bóng
A86: 3 | B86: Men EFB | D86: kg | F86: =+G86/$O$83 -> 0 | I86: =+(E86-F86)*$O$83 -> 0 | J86: =+(F86-E86)*$O$83 -> 0
A87: 4 | B87: Men GFM | D87: kg | E87: 0.098 | F87: =+G87/$O$83 -> 0.14782685 | G87: 838.4 | J87: =+(F87-E87)*$O$83 -> 282.593
A88: 5 | B88: Men GFB | D88: kg | F88: =+G88/$O$83 -> 0 | I88: =+(E88-F88)*$O$83 -> 0 | J88: =+(F88-E88)*$O$83 -> 0 | O88: =+O83/G96 -> 87.253846
A89: 6 | B89: Men SFSV | D89: kg | E89: 0.119 | F89: =+G89/$O$83 -> 0.1292427 | G89: 733 | J89: =+(F89-E89)*$O$83 -> 58.0915
A90: 7 | B90: Bao bì | D90: cái | E90: 0.669 | F90: =+G90/$O$83 -> 0.67001675 | G90: 3800 | J90: =+(F90-E90)*$O$83 -> 5.7665
A91: 8 | B91: Ke góc | D91: kg | E91: 0.02 | F91: =+G91/$O$83 -> 0.015868818 | G91: 90 | I91: =+(E91-F91)*$O$83 -> 23.43
A92: 9 | B92: Dây đai hộp | D92: kg | E92: 0.0201 | F92: =+G92/$O$83 -> 0.015868818 | G92: 90 | I92: =+(E92-F92)*$O$83 -> 23.99715
A93: 10 | B93: Vỏ điều | D93: kg | E93: 1.84 | F93: =+G93/$O$83 -> 2.4931676 | G93: 14140 | J93: =+(F93-E93)*$O$83 -> 3704.44
A94: 11 | B94: Dây đai pet | D94: kg | E94: 0.0076 | F94: =+G94/$O$83 -> 0.0070528079 | G94: 40 | I94: =+(E94-F94)*$O$83 -> 3.1034
A95: 12 | B95: Nan nẹp | D95: cái | E95: 0.043 | F95: =+G95/$O$83 -> 0.040553645 | G95: 230 | I95: =+(E95-F95)*$O$83 -> 13.8745 | R95: =+O95-H95 -> 0
A96: 13 | B96: Pallet | D96: cái | E96: 0.0107 | F96: =+G96/$O$83 -> 0.011460813 | G96: 65 | J96: =+(F96-E96)*$O$83 -> 4.31495 | K96: TB:87.25m2/pallet | R96: =+O96-H96 -> 0
A97: 14 | B97: Bi trung nhôm | D97: cái | E97: 0.06 | F97: =+G97/$O$83 -> 0.86396897 | G97: 4900 | J97: =+(F97-E97)*$O$83 -> 4559.71
A98: * Ghi chú: Ngày 30/6/2026 chuyển đổi sang gạch lát kích thước 50x50,tiêu hao cao hơn định mức, phải vào đầy lò sấy 5 tầng và đầy lò men, tiêu hao tính vào tháng 6/2026
A99: ➢ Sản xuất 40x80 | N99: OK | O99: 5671.5
A100: STT | B100: Nguyên liệu, vật tư | D100: ĐVT | E100: Định mức | F100: Thực tế | G100: Lượng SD | I100: -Giảm ĐM | J100: + Vượt ĐM | K100: Ghi chú | N100: SL | O100: 430838.4 | P100: C | Q100: 1296
A101: 1 | B101: Nguyên liệu xương | D101: kg | E101: 21.01 | F101: =+G101/$O$100 -> 20.654387 | G101: 8898703 | I101: =+(E101-F101)*$O$100 -> 153211.78 | J101: 0 | K101: Bột phế và gạch phế 271,440.7kg | N101: Panson | O101: +
A102: 2 | B102: Men EWP | D102: kg | E102: 0.507 | F102: =+G102/$O$100 -> 0.27483344 | G102: 118408.8 | I102: =+(E102-F102)*$O$100 -> 100026.27 | J102: 0
...

Sheet 6 tháng đầu năm
A1: CÔNG TY CỔ PHẦN GẠCH MEN PHƯƠNG NAM
A2: PHÂN XƯỞNG SẢN XUẤT DC2
A4: BÁO CÁO KẾT QUẢ SẢN XUẤT DÂY CHUYỀN SỐ 2 6 THÁNG ĐẦU NĂM 2026
A6: I. Kết quả sản xuất 6 tháng đầu năm 2026:
A7: I. Kết quả sản lượng – Chất lượng – Thu hồi ∑AB/ép :
A8: 1. Kết quả thực hiện Sản lượng – Chất lượng – Thu hồi ∑AB/ép
A9: Kích thước | C9: Sản Lượng Ép | D9: Sản lượng thu hồi | G9: Tổng (A1+A+B) | H9: Số ngày sx | I9: TB/ngày | J9: A/ép (%) | K9: C | L9: Hủy | M9: Dừng ép | O9: ok | P9: =+C17+C23 -> 1912457.4
A10: KH/TH | B10: ĐVT | D10: A1 | E10: A | F10: B | I10: m2 | K10: C/ép | L10: Hủy/ép | M10: phút/ngày | O10: =+T5.2026!G17+T4.2026!G17+T1.2026!G11 -> 885628.97
A11: KẾ HOẠCH 50*50 | B11: m2 | C11: =+G11*100/J12 -> 196980 | D11: =+$G$11*D12/100 -> 181457.98 | E11: =+$G$11*E12/100 -> 5791.212 | F11: =+$G$11*F12/100 -> 5791.212 | G11: =+I11*H11 -> 193040.4 | H11: 14 | I11: =21*0.5*1340*0.98 -> 13788.6
B12: % | D12: 94 | E12: 3 | F12: 3 | G12: 100 | J12: 98 | K12: 2 | M12: 100 | P12: =10.6*418800 -> 4439280
A13: THỰC HIỆN 50*50 | B13: m2 | C13: 209653 | D13: 207028.5 | E13: 0 | F13: 1215 | G13: =SUM(D13:F13) -> 208243.5 | H13: 14 | I13: =+G13/H13 -> 14874.536 | K13: 729 | L13: 603 | P13: =+P12/10.9 -> 407273.39
B14: % | D14: =+D13/G13*100 -> 99.416548 | E14: =+E13/G13*100 -> 0 | F14: =+F13/G13*100 -> 0.58345158 | G14: =SUM(D14:F14) -> 100 | J14: =+G13/C13*100 -> 99.327699 | K14: =100-J14 -> 0.67230137 | M14: 75 | P14: =+P13*2390 -> 9.7338341e+08
A15: So sánh TH/KH 50*50 | B15: m2 | C15: =+C13-C11 -> 12673 | D15: =+D13-D11 -> 25570.524 | E15: =+(E13-E11) -> -5791.212 | F15: =+F13-F11 -> -4576.212 | G15: =SUM(D15:F15) -> 15203.1 | P15: =+P14/418800 -> 2324.2202
B16: % | D16: =+D14-D12 -> 5.4165484 | E16: =+E14-E12 -> -3 | F16: =+F14-F12 -> -2.4165484 | G16: 0 | N16: =97.5+1.29 -> 98.79
A17: KẾ HOẠCH 40*80 | B17: m2 | C17: =+T1.2026!C11+T4.2026!C17+T5.2026!C17+T6.2026!C17 -> 1328541.4 | D17: =+$G$17*D18/100 -> 1171773.5 | E17: =+$G$17*E18/100 -> 91137.942 | F17: =+$G$17*F18/100 -> 39059.118 | G17: =+T5.2026!G17+T4.2026!G17+T1.2026!G11+T6.2026!G17 -> 1301970.6 | H17: =+T5.2026!H17+T4.2026!H17+T1.2026!H11+T6.2026!H17 -> 90 | I17: =+G17/H17 -> 14466.34 | K17: =+C17-G17 -> 26570.829 | O17: =+D17+E17+F17 -> 1301970.6
B18: % | D18: 90 | E18: 7 | F18: 3 | G18: 100 | J18: 98 | K18: 2 | M18: 40
A19: THỰC HIỆN 40*80 | B19: m2 | C19: =+T5.2026!C23+T4.2026!C19+T1.2026!C13+T6.2026!C21 -> 1353363 | D19: =+T5.2026!D23+T4.2026!D19+T1.2026!D13+T6.2026!D21 -> 1259672 | E19: 0 | F19: =+T5.2026!F23+T4.2026!F19+T1.2026!F13+T6.2026!F21 -> 75569.6 | G19: =+F19+D19 -> 1335241.6 | H19: =+T6.2026!H21+T5.2026!H23+T4.2026!H19+T1.2026!H13 -> 90.5 | I19: =G19/H19 -> 14754.051 | K19: =+T5.2026!K23+T4.2026!K19+T1.2026!K13+T6.2026!K21 -> 5795.2 | L19: =+T5.2026!L23+T4.2026!L19+T1.2026!L13+T6.2026!L21 -> 7277 | O19: =+T5.2026!G23+T4.2026!G19+T1.2026!G13 -> 904404.8
B20: % | D20: =+D19/G19*100 -> 94.34038 | E20: =+E19/G19*100 -> 0 | F20: =+F19/G19*100 -> 5.65962 | G20: =SUM(D20:F20) -> 100 | J20: =+G19/C19*100 -> 98.66101 | K20: =100-J20 -> 1.3389904 | M20: 42
A21: So sánh TH/KH 40*80 | B21: m2 | C21: =+C19-C17 -> 24821.571 | D21: =+D19-D17 -> 87898.46 | E21: =+E19-E17 -> -91137.942 | F21: =+F19-F17 -> 36510.482 | G21: =+G19-G17 -> 33271
B22: % | D22: =+D14-D12 -> 5.4165484 | E22: =+E14-E12 -> -3 | F22: =+F14-F12 -> -2.4165484 | G22: 0 | N22: =97.5+1.29 -> 98.79
A23: KẾ HOẠCH 50*50 | B23: m2 | C23: =+T4.2026!C11+T3.2026!C11+T6.2026!C19 -> 583916 | D23: =+T4.2026!D11+T3.2026!D11+T6.2026!D19 -> 537903.62 | E23: =+T4.2026!E11+T3.2026!E11+T6.2026!E19 -> 17167.041 | F23: =+T4.2026!F11+T3.2026!F11+T6.2026!F19 -> 17167.041 | G23: =+F23+D23+E23 -> 572237.7 | H23: =+T4.2026!H11+T3.2026!H11+T6.2026!H23 -> 42.5 | I23: =21*0.5*1340*0.98 -> 13788.6 | K23: =+C23-G23 -> 11678.3 | O23: =+T4.2026!G11+T3.2026!G11 -> 565343.4
B24: % | D24: =+D23/G23*100 -> 94.000031 | E24: =+E23/G23*100 -> 2.9999843 | F24: =+F23/G23*100 -> 2.9999843 | G24: =SUM(D24:F24) -> 100 | J24: =+G23/C23*100 -> 98.000003 | K24: 2 | M24: 100
A25: THỰC HIỆN 50*50 | B25: m2 | C25: =+T4.2026!C13+T3.2026!C13+T6.2026!C23 -> 638090 | D25: =+T4.2026!D13+T3.2026!D13+T6.2026!D23 -> 625632 | E25: 0 | F25: =+T4.2026!F13+T3.2026!F13+T6.2026!F23 -> 4021.5 | G25: =+F25+D25 -> 629653.5 | H25: =+T6.2026!H23+T4.2026!H13+T3.2026!H13 -> 42.5 | I25: =G25/H25 -> 14815.376 | K25: =+T4.2026!K13+T3.2026!K13+T6.2026!K23 -> 1925 | L25: =+T4.2026!L13+T3.2026!L13+T6.2026!L23 -> 1701 | O25: =+T4.2026!G13+T3.2026!G13 -> 623982
B26: % | D26: =+D25/G25*100 -> 99.361315 | E26: =+E25/G25*100 -> 0 | F26: =+F25/G25*100 -> 0.63868461 | G26: =SUM(D26:F26) -> 100 | J26: =+G25/C25*100 -> 98.677851 | K26: =100-J26 -> 1.3221489 | M26: 78
A27: So sánh TH/KH 50*50 | B27: m2 | C27: =+C25-C17 -> -690451.43 | D27: =+D25-D17 -> -546141.54 | E27: =+E25-E17 -> -91137.942 | F27: =+F25-F17 -> -35037.618 | G27: =+G25-G17 -> -672317.1
B28: % | D28: =+D20-D18 -> 4.34038 | E28: =+E20-E18 -> -7 | F28: =+F20-F18 -> 2.65962 | G28: 0 | N28: =97.5+1.29 -> 98.79
A29: 2. Kết quả thực hiện các thương hiệu trong 6 tháng đầu năm2026
A30: 1. Kết quả thực hiện các thương hiệu :
A31: ➢ SX 40x80 men Panson nung 1.5 lần:
A32: Kh/TH | B32: Thực Hiện | J32: Tỷ lệ % | L32: Ghi chú | N32: ok
B33: A1 | D33: A | F33: B | H33: Tổng A1+A+B
A34: Luxury | B34: =+T5.2026!B55+T6.2026!B34 -> 229150.4 | F34: =+T5.2026!F55+T6.2026!F34 -> 19508.8 | H34: =+B34+D34+F34 -> 248659.2
B35: =+B34/$H$34*100 -> 92.154402 | C35: =+C34/C56*100 -> #REF! | D35: =+D34/$H$34*100 -> 0 | E35: =+E34/E56*100 -> #REF! | F35: =+F34/$H$34*100 -> 7.8455975 | G35: =+G34/G56*100 -> #REF! | H35: =+H34/$H$34*100 -> 100 | I35: =+I34/I56*100 -> #REF! | J35: =+H34/$H$56*100 -> 33.606446
A36: Green Home | B36: =+T5.2026!B53+T6.2026!B36 -> 12139.2 | F36: =+T5.2026!F53+T6.2026!F36 -> 844.8 | H36: =+B36+D36+F36 -> 12984
B37: =+B36/$H$36*100 -> 93.49353 | C37: =+C36/C42*100 -> #DIV/0! | D37: =+D36/$H$36*100 -> 0 | E37: =+E36/E42*100 -> #DIV/0! | F37: =+F36/$H$36*100 -> 6.5064695 | G37: =+G36/G42*100 -> #DIV/0! | H37: =+H36/$H$36*100 -> 100 | I37: =+I36/I42*100 -> #DIV/0! | J37: =+H36/$H$56*100 -> 1.7547957
A38: Havira | B38: =+T5.2026!B67+T6.2026!B40 -> 27212.8 | F38: =+T5.2026!F67+T6.2026!F40 -> 1203.2 | H38: =+B38+D38+F38 -> 28416 | O38: =+T1.2026!H65+T4.2026!H67+T5.2026!H48 -> 595328 | P38: 2l 4080
B39: =+B38/$H$38*100 -> 95.765766 | C39: =+C38/C40*100 -> #DIV/0! | D39: =+D38/$H$38*100 -> 0 | E39: =+E38/E40*100 -> #DIV/0! | F39: =+F38/$H$38*100 -> 4.2342342 | G39: =+G38/G40*100 -> #DIV/0! | H39: =+H38/$H$38*100 -> 100 | I39: =+I38/I40*100 -> #DIV/0! | J39: =+H38/$H$56*100 -> 3.8404401 | O39: 739915.2 | P39: =+O38+O39 -> 1335243.2
A40: Top One | B40: =+T5.2026!B61+T6.2026!B48 -> 40243.2 | F40: =+T5.2026!F61+T6.2026!F48 -> 1872 | H40: =+B40+D40+F40 -> 42115.2
B41: =+B40/$H$40*100 -> 95.555049 | C41: =+C40/C42*100 -> #DIV/0! | D41: =+D40/$H$40*100 -> 0 | E41: =+E40/E42*100 -> #DIV/0! | F41: =+F40/$H$40*100 -> 4.444951 | G41: =+G40/G42*100 -> #DIV/0! | H41: =+H40/$H$40*100 -> 100 | I41: =+I40/I42*100 -> #DIV/0! | J41: =+H40/$H$56*100 -> 5.6918955
A42: Crovina | B42: =+T6.2026!B42 -> 35075.2 | F42: =+T6.2026!F42 -> 1182.4 | H42: =+B42+D42+F42 -> 36257.6
B43: =+B42/$H$42*100 -> 96.738891 | C43: =+C42/C56*100 -> #REF! | D43: =+D42/$H$42*100 -> 0 | E43: =+E42/E56*100 -> #REF! | F43: =+F42/$H$42*100 -> 3.2611094 | G43: =+G42/G56*100 -> #REF! | H43: =+H42/$H$42*100 -> 100 | I43: =+I42/I56*100 -> #REF! | J43: =+H42/$H$56*100 -> 4.9002372
A44: Trang Hoàng Phương | B44: =+T5.2026!B57+T6.2026!B44 -> 153102.4 | F44: =+T5.2026!F57+T6.2026!F44 -> 7880 | H44: =+B44+D44+F44 -> 160982.4
B45: =+B44/$H$40*100 -> 363.53241 | C45: =+C44/C46*100 -> #DIV/0! | D45: =+D44/$H$40*100 -> 0 | E45: =+E44/E46*100 -> #DIV/0! | F45: =+F44/$H$40*100 -> 18.710584 | G45: =+G44/G46*100 -> #DIV/0! | H45: =+H44/$H$44*100 -> 100 | I45: =+I44/I46*100 -> #DIV/0! | J45: =+H44/$H$56*100 -> 21.756872
A46: Vina Phacon | B46: 21702.4 | F46: 1161.6 | H46: =+B46+D46+F46 -> 22864
B47: =+B46/$H$42*100 -> 59.856141 | C47: =+C46/#REF!*100 -> #REF! | D47: =+D46/$H$42*100 -> 0 | E47: =+E46/#REF!*100 -> #REF! | F47: =+F46/$H$42*100 -> 3.2037421 | G47: =+G46/#REF!*100 -> #REF! | H47: =+H46/$H$46*100 -> 100 | I47: =+I46/#REF!*100 -> #REF! | J47: =+H46/$H$56*100 -> 3.0900838
A48: Espana | B48: =+T5.2026!B65+T6.2026!B52 -> 21990.4 | D48: 0 | F48: =+T5.2026!F65+T6.2026!F52 -> 1459.2 | H48: =+B48+D48+F48 -> 23449.6
B49: =+B48/$H$48*100 -> 93.777293 | C49: =+C48/C50*100 -> #DIV/0! | D49: =+D48/$H$48*100 -> 0 | E49: =+E48/E50*100 -> #DIV/0! | F49: =+F48/$H$48*100 -> 6.2227074 | G49: =+G48/G50*100 -> #DIV/0! | H49: =+H48/$H$48*100 -> 100 | I49: =+I48/I50*100 -> #DIV/0! | J49: =+H48/$H$56*100 -> 3.169228
A50: Lustile | B50: =+T5.2026!B59+T6.2026!B50 -> 81395.2 | F50: 0 | H50: =+B50+D50+F50 -> 81395.2
B51: =+B50/$H$50*100 -> 100 | C51: =+C50/C52*100 -> #DIV/0! | D51: =+D50/$H$40*100 -> 0 | E51: =+E50/E52*100 -> #DIV/0! | F51: =+F50/$H$40*100 -> 0 | G51: =+G50/G52*100 -> #DIV/0! | H51: =+H50/$H$40*100 -> 193.26799 | I51: =+I50/I52*100 -> #DIV/0! | J51: =+H50/$H$56*100 -> 11.000612
A52: Vidona | B52: =+T5.2026!B63+T6.2026!B38 -> 57808 | F52: =+T5.2026!F63+T6.2026!F38 -> 2915.2 | H52: =+B52+D52+F52 -> 60723.2
B53: =+B52/$H$52*100 -> 95.199199 | C53: =+C52/#REF!*100 -> #REF! | D53: =+D52/$H$52*100 -> 0 | E53: =+E52/#REF!*100 -> #REF! | F53: =+F52/$H$52*100 -> 4.800801 | G53: =+G52/#REF!*100 -> #REF! | H53: =+H52/$H$52*100 -> 100 | I53: =+I52/#REF!*100 -> #REF! | J53: =+H52/$H$56*100 -> 8.2067783
A54: Padova | B54: =+T6.2026!B54 -> 20960 | F54: 1108.8 | H54: =+B54+D54+F54 -> 22068.8
B55: =+B54/$H$54*100 -> 94.975712 | C55: =+C54/#REF!*100 -> #REF! | D55: =+D54/$H$54*100 -> 0 | E55: =+E54/#REF!*100 -> #REF! | F55: =+F54/$H$54*100 -> 5.0242877 | G55: =+G54/#REF!*100 -> #REF! | H55: =+H54/$H$54*100 -> 100 | I55: =+I54/#REF!*100 -> #REF! | J55: =+H54/$H$56*100 -> 2.9826121
A56: Tổng | B56: =+B34+B36+B38+B40+B42+B44+B46+B48+B50+B52+B54 -> 700779.2 | C56: =+#REF!+#REF!+#REF!+#REF!+#REF!+C42+C34 -> #REF! | D56: 0 | E56: =+#REF!+#REF!+#REF!+#REF!+#REF!+E42+E34 -> #REF! | F56: =+F34+F36+F38+F40+F42+F44+F46+F48+F52+F54 -> 39136 | G56: =+#REF!+#REF!+#REF!+#REF!+#REF!+G42+G34 -> #REF! | H56: =+B56+F56 -> 739915.2 | I56: =+#REF!+#REF!+#REF!+#REF!+#REF!+I42+I34 -> #REF! | O56: =+H56+H83+H96 -> 1412176
B57: =+B56/$H$56*100 -> 94.710745 | C57: =+C35+C43+#REF!+#REF!+#REF!+#REF! -> #REF! | D57: 0 | E57: =+E35+E43+#REF!+#REF!+#REF!+#REF! -> #REF! | F57: =+F56/$H$56*100 -> 5.2892548 | G57: =+G35+G43+#REF!+#REF!+#REF!+#REF! -> #REF! | H57: =+H56/$H$56*100 -> 100 | I57: =+I35+I43+#REF!+#REF!+#REF!+#REF! -> #REF! | J57: =+H56/$H$56*100 -> 100
A58: ➢ SX 40x80 men Panson (Nung 2 lần):
A59: Kh/TH | B59: Thực Hiện | J59: Tỷ lệ % | L59: Ghi chú | O59: OK
B60: A1 | D60: A | F60: B | H60: Tổng A1+A+B
A61: Luxury | B61: =+T1.2026!B49+T4.2026!B55+T5.2026!B32 -> 257729.6 | F61: =+T1.2026!F49+T4.2026!F55+T5.2026!F32 -> 25979.2 | H61: =+B61+D61+F61 -> 283708.8
B62: =+B61/$H$61*100 -> 90.843005 | C62: =+C61/C83*100 -> #REF! | D62: =+D61/$H$61*100 -> 0 | E62: =+E61/E83*100 -> #REF! | F62: =+F61/$H$61*100 -> 9.1569948 | G62: =+G61/G83*100 -> #REF! | H62: =+H61/$H$61*100 -> 100 | I62: =+I61/I83*100 -> #REF! | J62: =+H61/$H$83*100 -> 47.65588
A63: Green Home | B63: =+T1.2026!B59+T4.2026!B53+T5.2026!B34 -> 18536 | F63: =+T1.2026!F59+T4.2026!F53+T5.2026!F34 -> 800 | H63: =+B63+D63+F63 -> 19336
B64: =+B63/$H$63*100 -> 95.86264 | C64: =+C63/C71*100 -> #DIV/0! | D64: =+D63/$H$63*100 -> 0 | E64: =+E63/E71*100 -> #DIV/0! | F64: =+F63/$H$63*100 -> 4.1373604 | G64: =+G63/G71*100 -> #DIV/0! | H64: =+H63/$H$63*100 -> 100 | I64: =+I63/I71*100 -> #DIV/0! | J64: =+H63/$H$83*100 -> 3.2479574
A65: Green Era | B65: =+T1.2026!B61+T4.2026!B61+T5.2026!B36 -> 21492.8 | F65: =+T1.2026!F61+T4.2026!F61+T5.2026!F36 -> 1328 | H65: =+B65+D65+F65 -> 22820.8
B66: =+B65/$H$65*100 -> 94.180747 | C66: =+C65/#REF!*100 -> #REF! | D66: =+D65/$H$65*100 -> 0 | E66: =+E65/#REF!*100 -> #REF! | F66: =+F65/$H$65*100 -> 5.8192526 | G66: =+G65/#REF!*100 -> #REF! | H66: =+H65/$H$65*100 -> 100 | I66: =+I65/#REF!*100 -> #REF! | J66: =+H65/$H$83*100 -> 3.8333154
A67: Havira | B67: =+T1.2026!B55+T4.2026!B49+T5.2026!B38 -> 48126.4 | F67: =+T1.2026!F55+T4.2026!F49+T5.2026!F38 -> 1625.6 | H67: =+B67+D67+F67 -> 49752
B68: =+B67/$H$67*100 -> 96.732594 | C68: =+C67/C69*100 -> #DIV/0! | D68: =+D67/$H$67*100 -> 0 | E68: =+E67/E69*100 -> #DIV/0! | F68: =+F67/$H$67*100 -> 3.2674063 | G68: =+G67/G69*100 -> #DIV/0! | H68: =+H67/$H$67*100 -> 100 | I68: =+I67/I69*100 -> #DIV/0! | J68: =+H67/$H$83*100 -> 8.3570737
A69: Top One | B69: =+T1.2026!B51+T4.2026!B65+T5.2026!B40 -> 73713.6 | F69: =+T1.2026!F51+T4.2026!F65+T5.2026!F40 -> 1902.4 | H69: =+B69+D69+F69 -> 75616
B70: =+B69/$H$69*100 -> 97.48413 | C70: =+C69/C71*100 -> #DIV/0! | D70: =+D69/$H$69*100 -> 0 | E70: =+E69/E71*100 -> #DIV/0! | F70: =+F69/$H$69*100 -> 2.5158697 | G70: =+G69/G71*100 -> #DIV/0! | H70: =+H69/$H$69*100 -> 100 | I70: =+I69/I71*100 -> #DIV/0! | J70: =+H69/$H$83*100 -> 12.70157
A71: Crovina | B71: =+T4.2026!B51+T5.2026!B42 -> 22961.6 | F71: =+T4.2026!F51+T5.2026!F42 -> 745.6 | H71: =+B71+D71+F71 -> 23707.2
B72: =+B71/$H$71*100 -> 96.854964 | C72: =+C71/C83*100 -> #REF! | D72: =+D71/$H$71*100 -> 0 | E72: =+E71/E83*100 -> #REF! | F72: =+F71/$H$71*100 -> 3.1450361 | G72: =+G71/G83*100 -> #REF! | H72: =+H71/$H$71*100 -> 100 | I72: =+I71/I83*100 -> #REF! | J72: =+H71/$H$83*100 -> 3.9822081
A73: Trang Hoàng Phương | B73: =+T4.2026!B57+T5.2026!B44 -> 54820.8 | F73: =+T4.2026!F57+T5.2026!F44 -> 2798.4 | H73: =+B73+D73+F73 -> 57619.2
B74: =+B73/$H$73*100 -> 95.143286 | C74: =+C73/C75*100 -> #DIV/0! | D74: =+D73/$H$73*100 -> 0 | E74: =+E73/E75*100 -> #DIV/0! | F74: =+F73/$H$73*100 -> 4.8567144 | G74: =+G73/G75*100 -> #DIV/0! | H74: =+H73/$H$73*100 -> 100 | I74: =+I73/I75*100 -> #DIV/0! | J74: =+H73/$H$83*100 -> 9.6785637
A75: Vina Phacon | B75: =+T4.2026!B59+T5.2026!B46 -> 18918.4 | F75: =+T4.2026!F59+T5.2026!F46 -> 1084.8 | H75: =+B75+D75+F75 -> 20003.2
B76: =+B75/$H$75*100 -> 94.576868 | C76: =+C75/#REF!*100 -> #REF! | D76: =+D75/$H$75*100 -> 0 | E76: =+E75/#REF!*100 -> #REF! | F76: =+F75/$H$75*100 -> 5.4231323 | G76: =+G75/#REF!*100 -> #REF! | H76: =+H75/$H$75*100 -> 100 | I76: =+I75/#REF!*100 -> #REF! | J76: =+H75/$H$83*100 -> 3.3600301
A77: Crown | B77: 1121.6 | D77: 0 | F77: 27.2 | H77: =+B77+D77+F77 -> 1148.8
B78: =+B77/$H$77*100 -> 97.632312 | C78: =+C77/C89*100 -> #REF! | D78: =+D77/$H$77*100 -> 0 | E78: =+E77/E89*100 -> #REF! | F78: =+F77/$H$77*100 -> 2.367688 | G78: =+G77/G89*100 -> #REF! | H78: =+H77/$H$77*100 -> 100 | I78: =+I77/I89*100 -> #REF! | J78: =+H77/$H$83*100 -> 0.19296925
A79: Espana | B79: 1984 | D79: 0 | F79: 142.4 | H79: =+B79+D79+F79 -> 2126.4
B80: =+B79/$H$79*100 -> 93.303236 | C80: =+C79/C81*100 -> #DIV/0! | D80: =+D79/$H$79*100 -> 0 | E80: =+E79/E81*100 -> #DIV/0! | F80: =+F79/$H$79*100 -> 6.6967645 | G80: =+G79/G81*100 -> #DIV/0! | H80: =+H79/$H$79*100 -> 100 | I80: =+I79/I81*100 -> #DIV/0! | J80: =+H79/$H$83*100 -> 0.35718125
A81: Lustile | B81: =+T1.2026!B63+T4.2026!B63 -> 39489.6 | F81: 0 | H81: =+B81+D81+F81 -> 39489.6
B82: =+B81/$H$81*100 -> 100 | C82: =+C81/#REF!*100 -> #REF! | D82: =+D81/$H$81*100 -> 0 | E82: =+E81/#REF!*100 -> #REF! | F82: =+F81/$H$81*100 -> 0 | G82: =+G81/#REF!*100 -> #REF! | H82: =+H81/$H$81*100 -> 100 | I82: =+I81/#REF!*100 -> #REF! | J82: =+H81/$H$83*100 -> 6.6332509
A83: Tổng | B83: =+B61+B63+B65+B67+B69+B71+B73+B75+B77+B79+B81 -> 558894.4 | C83: =+#REF!+#REF!+#REF!+#REF!+#REF!+C71+C61 -> #REF! | D83: =+D61+D63+D65+D67+D69+D71+D73+D75+D77+D79+D81 -> 0 | E83: =+#REF!+#REF!+#REF!+#REF!+#REF!+E71+E61 -> #REF! | F83: =+F61+F63+F65+F67+F69+F71+F73+F75+F77+F79+F81 -> 36433.6 | G83: =+#REF!+#REF!+#REF!+#REF!+#REF!+G71+G61 -> #REF! | H83: =+H61+H63+H65+H67+H69+H71+H73+H75+H77+H79+H81 -> 595328 | I83: =+#REF!+#REF!+#REF!+#REF!+#REF!+I71+I61 -> #REF!
B84: =+B83/$H$83*100 -> 93.88008 | C84: =+C62+C72+#REF!+#REF!+#REF!+#REF! -> #REF! | D84: =+D83/$H$83*100 -> 0 | E84: =+E62+E72+#REF!+#REF!+#REF!+#REF! -> #REF! | F84: =+F83/$H$83*100 -> 6.1199204 | G84: =+G62+G72+#REF!+#REF!+#REF!+#REF! -> #REF! | H84: =+H83/$H$83*100 -> 100 | I84: =+I62+I72+#REF!+#REF!+#REF!+#REF! -> #REF! | J84: =+H83/$H$83*100 -> 100
A85: ➢ SX 40*80 men Matt
A86: Kh/TH | B86: Thực Hiện | J86: Tỷ lệ % | L86: Ghi chú | O86: OK
B87: A1 | D87: A | F87: B | H87: Tổng A1+A+B
A88: Luxury | B88: 24246.4 | F88: 505.6 | H88: =+B88+D88+F88 -> 24752
B89: =+B88/$H$88*100 -> 97.957337 | C89: =+C88/#REF!*100 -> #REF! | D89: =+D88/$H$88*100 -> 0 | E89: =+E88/#REF!*100 -> #REF! | F89: =+F88/$H$88*100 -> 2.0426632 | G89: =+G88/#REF!*100 -> #REF! | H89: =+H88/$H$88*100 -> 100 | I89: =+I88/#REF!*100 -> #REF! | J89: =+H88/$H$96*100 -> 32.173533 | K89: =+K88/#REF!*100 -> #REF!
A90: Crovina | B90: 16392 | F90: 185.6 | H90: =+B90+D90+F90 -> 16577.6
B91: =+B90/$H$90*100 -> 98.880417 | C91: =+C90/C96*100 -> #DIV/0! | D91: =+D90/$H$90*100 -> 0 | E91: =+E90/E96*100 -> #DIV/0! | F91: =+F90/$H$90*100 -> 1.1195831 | G91: =+G90/G96*100 -> #DIV/0! | H91: =+H90/$H$90*100 -> 100 | I91: =+I90/I96*100 -> #DIV/0! | J91: =+H90/$H$96*100 -> 21.548156 | K91: =+K90/#REF!*100 -> #REF!
A92: Havira | B92: 6236.8 | F92: 91.2 | H92: =+B92+D92+F92 -> 6328
B93: =+B92/$H$92*100 -> 98.558786 | C93: =+C92/#REF!*100 -> #REF! | D93: =+D92/$H$92*100 -> 0 | E93: =+E92/#REF!*100 -> #REF! | F93: =+F92/$H$92*100 -> 1.4412137 | G93: =+G92/#REF!*100 -> #REF! | H93: =+H92/$H$92*100 -> 100 | I93: =+I92/#REF!*100 -> #REF! | J93: =+H92/$H$96*100 -> 8.2253603 | K93: =+K92/#REF!*100 -> #REF!
A94: Trang Hoàng Phương | B94: 28852.8 | F94: 422.4 | H94: =+B94+D94+F94 -> 29275.2
B95: =+B94/$H$94*100 -> 98.557141 | C95: =+C94/#REF!*100 -> #REF! | D95: =+D94/$H$94*100 -> 0 | E95: =+E94/#REF!*100 -> #REF! | F95: =+F94/$H$94*100 -> 1.4428595 | G95: =+G94/#REF!*100 -> #REF! | H95: =+H94/$H$94*100 -> 100 | I95: =+I94/#REF!*100 -> #REF! | J95: =+H94/$H$96*100 -> 38.05295 | K95: =+K94/#REF!*100 -> #REF!
A96: Tổng | B96: =+B88+B90+B92+B94 -> 75728 | F96: =+F94+F92+F90+F88 -> 1204.8 | H96: =+B96+D96+F96 -> 76932.8
B97: =+B96/$H$96*100 -> 98.433958 | C97: =+C96/#REF!*100 -> #REF! | D97: =+D96/$H$96*100 -> 0 | E97: =+E96/#REF!*100 -> #REF! | F97: =+F96/$H$96*100 -> 1.5660421 | G97: =+G96/#REF!*100 -> #REF! | H97: =+H96/$H$96*100 -> 100 | I97: =+I96/#REF!*100 -> #REF! | J97: =+H96/$H$96*100 -> 100 | K97: =+K96/#REF!*100 -> #REF!
A98: ➢ SX 50x50 men sân vườn sugar
A99: Kh/TH | B99: Thực Hiện | J99: Tỷ lệ % | L99: Ghi chú | N99: ok
B100: A1 | D100: A | F100: B | H100: Tổng A1+A+B
A101: Luxury | B101: =+T3.2026!B22+T4.2026!B28+T6.2026!B74 -> 314635.5 | D101: 0 | F101: =+T3.2026!F22+T4.2026!F28+T6.2026!F74 -> 2532 | H101: =+B101+D101+F101 -> 317167.5
B102: =+B101/$H$101*100 -> 99.201684 | C102: =+C101/C117*100 -> #REF! | D102: =+D101/$H$101*100 -> 0 | E102: =+E101/E117*100 -> #REF! | F102: =+F101/$H$101*100 -> 0.79831635 | G102: =+G101/G117*100 -> #REF! | H102: =+H101/$H$101*100 -> 100 | I102: =+I101/I117*100 -> #REF! | J102: =+H101/$H$117*100 -> 50.371752
...

Sheet T7.2026
A1: CÔNG TY CỔ PHẦN GẠCH MEN PHƯƠNG NAM
A2: PHÂN XƯỞNG SẢN XUẤT DC2
A4: BÁO CÁO KẾT QUẢ SẢN XUẤT DÂY CHUYỀN SỐ 2 THÁNG 7 NĂM 2026
A6: I. Kết quả sản xuất tháng 07 năm 2026:
A7: I. Kết quả sản lượng – Chất lượng – Thu hồi ∑AB/ép :
A8: 1. Kết quả thực hiện Sản lượng – Chất lượng – Thu hồi ∑AB/ép
A9: Kích thước | C9: Sản Lượng Ép | D9: Sản lượng thu hồi | G9: Tổng (A1+A+B) | H9: Số ngày sx | I9: TB/ngày | J9: A/ép (%) | K9: C | L9: Hủy | M9: Dừng ép | O9: OK
A10: KH/TH | B10: ĐVT | D10: A1 | E10: A | F10: B | I10: m2 | K10: C/ép | L10: Hủy/ép | M10: phút/ngày
A11: KẾ HOẠCH 50*50 | B11: m2 | C11: =+G11*100/J12 -> 436170 | D11: =+$G$11*D12/100 -> 401799.8 | E11: =+$G$11*E12/100 -> 12823.398 | F11: =+$G$11*F12/100 -> 12823.398 | G11: =+I11*H11 -> 427446.6 | H11: 31 | I11: =21*0.5*1340*0.98 -> 13788.6 | K11: 4080
B12: % | D12: 94 | E12: 3 | F12: 3 | G12: 100 | J12: 98 | K12: 2 | M12: 100 | P12: =10.6*418800 -> 4439280
A13: THỰC HIỆN 50*50 | B13: m2 | C13: 442530 | D13: 434299.5 | E13: 0 | F13: 4056 | G13: =SUM(D13:F13) -> 438355.5 | H13: 31 | I13: =+G13/H13 -> 14140.5 | K13: 2746.3026 | L13: 3217.8553 | P13: =+P12/10.9 -> 407273.39
B14: % | D14: =+D13/G13*100 -> 99.074724 | E14: =+E13/G13*100 -> 0 | F14: =+F13/G13*100 -> 0.9252764 | G14: =SUM(D14:F14) -> 100 | J14: =+G13/C13*100 -> 99.056674 | K14: =100-J14 -> 0.94332588 | M14: 105.41935 | P14: =+P13*2390 -> 9.7338341e+08
A15: So sánh TH/KH 50*50 | B15: m2 | C15: =+C13-C11 -> 6360 | D15: =+D13-D11 -> 32499.696 | E15: =+(E13-E11) -> -12823.398 | F15: =+F13-F11 -> -8767.398 | G15: =SUM(D15:F15) -> 10908.9 | P15: =+P14/418800 -> 2324.2202
B16: % | D16: =+D14-D12 -> 5.0747236 | E16: =+E14-E12 -> -3 | F16: =+F14-F12 -> -2.0747236 | G16: 0 | N16: =97.5+1.29 -> 98.79
A17: 2. Kết quả thực hiện các thương hiệu trong tháng 7/2026
A18: 1. Kết quả thực hiện các thương hiệu :
A19: ➢ SX 50x50 men sân vườn sugar
A20: Kh/TH | B20: Thực Hiện | J20: Tỷ lệ % | L20: Ghi chú | O20: ok
B21: A1 | D21: A | F21: B | H21: Tổng A1+A+B
A22: Crovina | B22: 12798 | F22: 61.5 | H22: =+B22+D22+F22 -> 12859.5
B23: =+B22/$H$22*100 -> 99.521754 | C23: =+C22/C44*100 -> #REF! | D23: =+D22/$H$22*100 -> 0 | E23: =+E22/E44*100 -> #REF! | F23: =+F22/$H$22*100 -> 0.47824565 | G23: =+G22/G44*100 -> #REF! | H23: =+H22/$H$22*100 -> 100 | I23: =+I22/I44*100 -> #REF! | J23: =+H22/$H$44*100 -> 2.9352452
A24: Espana | B24: 6015 | F24: 46.5 | H24: =+B24+D24+F24 -> 6061.5
B25: =+B24/$H$24*100 -> 99.232863 | C25: =+C24/C32*100 -> #DIV/0! | D25: =+D24/$H$24*100 -> 0 | E25: =+E24/E32*100 -> #DIV/0! | F25: =+F24/$H$24*100 -> 0.76713685 | G25: =+G24/G32*100 -> #DIV/0! | H25: =+H24/$H$24*100 -> 100 | I25: =+I24/I32*100 -> #DIV/0! | J25: =+H24/$H$44*100 -> 1.3835677
A26: GreenHome | B26: 44280 | F26: 277.5 | H26: =+B26+D26+F26 -> 44557.5
B27: =+B26/$H$26*100 -> 99.377209 | C27: =+C26/#REF!*100 -> #REF! | D27: =+D26/$H$26*100 -> 0 | E27: =+E26/#REF!*100 -> #REF! | F27: =+F26/$H$26*100 -> 0.62279078 | G27: =+G26/#REF!*100 -> #REF! | H27: =+H26/$H$26*100 -> 100 | I27: =+I26/#REF!*100 -> #REF! | J27: =+H26/$H$44*100 -> 10.170472
A28: Trang Hoàng Phương | B28: 33048 | F28: 162 | H28: =+B28+D28+F28 -> 33210
B29: =+B28/$H$28*100 -> 99.512195 | C29: =+C28/C30*100 -> #DIV/0! | D29: =+D28/$H$28*100 -> 0 | E29: =+E28/E30*100 -> #DIV/0! | F29: =+F28/$H$28*100 -> 0.48780488 | G29: =+G28/G30*100 -> #DIV/0! | H29: =+H28/$H$28*100 -> 100 | I29: =+I28/I30*100 -> #DIV/0! | J29: =+H28/$H$44*100 -> 7.5803486
A30: Havira | B30: 41955 | F30: 484.5 | H30: =+B30+D30+F30 -> 42439.5
B31: =+B30/$H$30*100 -> 98.858375 | C31: =+C30/C32*100 -> #DIV/0! | D31: =+D30/$H$30*100 -> 0 | E31: =+E30/E32*100 -> #DIV/0! | F31: =+F30/$H$30*100 -> 1.1416251 | G31: =+G30/G32*100 -> #DIV/0! | H31: =+H30/$H$30*100 -> 100 | I31: =+I30/I32*100 -> #DIV/0! | J31: =+H30/$H$44*100 -> 9.6870282
A32: Karpo | B32: 10815 | F32: 25.5 | H32: =+B32+D32+F32 -> 10840.5
B33: =+B32/$H$32*100 -> 99.764771 | C33: =+C32/C44*100 -> #REF! | D33: =+D32/$H$32*100 -> 0 | E33: =+E32/E44*100 -> #REF! | F33: =+F32/$H$32*100 -> 0.235229 | G33: =+G32/G44*100 -> #REF! | H33: =+H32/$H$32*100 -> 100 | I33: =+I32/I44*100 -> #REF! | J33: =+H32/$H$44*100 -> 2.4743983
A34: Xanh tím | B34: 47070 | F34: 972 | H34: =+B34+D34+F34 -> 48042
B35: =+B34/$H$34*100 -> 97.97677 | C35: =+C34/C36*100 -> #DIV/0! | D35: =+D34/$H$30*100 -> 0 | E35: =+E34/E36*100 -> #DIV/0! | F35: =+F34/$H$34*100 -> 2.0232297 | G35: =+G34/G36*100 -> #DIV/0! | H35: =+H34/$H$34*100 -> 100 | I35: =+I34/I36*100 -> #DIV/0! | J35: =+H34/$H$44*100 -> 10.965827
A36: Padova | B36: 26700 | F36: 100.5 | H36: =+B36+D36+F36 -> 26800.5
B37: =+B36/$H$36*100 -> 99.625007 | C37: =+C36/#REF!*100 -> #REF! | D37: =+D36/$H$36*100 -> 0 | E37: =+E36/#REF!*100 -> #REF! | F37: =+F36/$H$36*100 -> 0.374993 | G37: =+G36/#REF!*100 -> #REF! | H37: =+H36/$H$36*100 -> 100 | I37: =+I36/#REF!*100 -> #REF! | J37: =+H36/$H$44*100 -> 6.1173482
A38: Luxury | B38: 166327.5 | F38: 1345.5 | H38: =+B38+D38+F38 -> 167673
B39: =+B38/$H$38*100 -> 99.197545 | C39: =+C38/C57*100 -> #DIV/0! | D39: =+D38/$H$38*100 -> 0 | E39: =+E38/E57*100 -> 0 | F39: =+F38/$H$38*100 -> 0.80245478 | G39: =+G38/G57*100 -> 0 | H39: =+H38/$H$38*100 -> 100 | I39: =+I38/I57*100 -> 0 | J39: =+H38/$H$44*100 -> 38.272201
A40: Top One | B40: 2992.5 | F40: 19.5 | H40: =+B40+D40+F40 -> 3012
B41: =+B40/$H$30*100 -> 7.0512141 | C41: =+C40/C42*100 -> #DIV/0! | D41: =+D40/$H$30*100 -> 0 | E41: =+E40/E42*100 -> #DIV/0! | F41: =+F40/$H$30*100 -> 0.045947761 | G41: =+G40/G42*100 -> #DIV/0! | H41: =+H40/$H$30*100 -> 7.0971618 | I41: =+I40/I42*100 -> #DIV/0! | J41: =+H40/$H$44*100 -> 0.68750407
A42: Vidona | B42: 42298.5 | F42: 312 | H42: =+B42+D42+F42 -> 42610.5
B43: =+B42/$H$42*100 -> 99.267786 | C43: =+C42/#REF!*100 -> #REF! | D43: =+D42/$H$42*100 -> 0 | E43: =+E42/#REF!*100 -> #REF! | F43: =+F42/$H$42*100 -> 0.73221389 | G43: =+G42/#REF!*100 -> #REF! | H43: =+H42/$H$42*100 -> 100 | I43: =+I42/#REF!*100 -> #REF! | J43: =+H42/$H$44*100 -> 9.7260598
A44: Tổng | B44: =+B22+B24+B26+B28+B30+B32+B34+B36+B38+B40+B42 -> 434299.5 | C44: =+#REF!+#REF!+#REF!+#REF!+#REF!+C32+C22 -> #REF! | D44: =+D22+D24+D26+D28+D30+D32+D34+D36+D38+D40+D42 -> 0 | E44: =+#REF!+#REF!+#REF!+#REF!+#REF!+E32+E22 -> #REF! | F44: =+F22+F24+F26+F28+F30+F32+F34+F36+F38+F40+F42 -> 3807 | G44: =+#REF!+#REF!+#REF!+#REF!+#REF!+G32+G22 -> #REF! | H44: =+H22+H24+H26+H28+H30+H32+H34+H36+H38+H40+H42 -> 438106.5 | I44: =+#REF!+#REF!+#REF!+#REF!+#REF!+I32+I22 -> #REF!
B45: =+B44/$H$44*100 -> 99.131033 | C45: =+C23+C33+#REF!+#REF!+#REF!+#REF! -> #REF! | D45: =+D44/$H$44*100 -> 0 | E45: =+E23+E33+#REF!+#REF!+#REF!+#REF! -> #REF! | F45: =+F44/$H$44*100 -> 0.86896679 | G45: =+G23+G33+#REF!+#REF!+#REF!+#REF! -> #REF! | H45: =+H44/$H$44*100 -> 100 | I45: =+I23+I33+#REF!+#REF!+#REF!+#REF! -> #REF! | J45: =+H44/$H$44*100 -> 100 | O45: =+H44+H51 -> 438355.5
A46: ➢ SX 50x50 men Bóng
A47: Kh/TH | B47: Thực Hiện | J47: Tỷ lệ % | L47: Ghi chú | O47: ok
B48: A1 | D48: A | F48: B | H48: Tổng A1+A+B
A49: Xanh tím | F49: 249 | H49: =+B49+D49+F49 -> 249
B50: =+B49/$H$22*100 -> 0 | C50: =+C49/C73*100 -> #DIV/0! | D50: =+D49/$H$22*100 -> 0 | E50: =+E49/E73*100 -> 0 | F50: =+F49/$H$49*100 -> 100 | G50: =+G49/G73*100 -> #DIV/0! | H50: =+H49/$H$49*100 -> 100 | I50: =+I49/I73*100 -> 0 | J50: =+H49/$H$49*100 -> 100
A51: Tổng | B51: =+B49 -> 0 | C51: =+#REF!+#REF!+#REF!+#REF!+#REF!+C39+C29 -> #REF! | D51: =+D29+D31+D33+D35+D37+D39+D41+D43+D45+D47+D49 -> 0 | E51: =+#REF!+#REF!+#REF!+#REF!+#REF!+E39+E29 -> #REF! | F51: =+F49 -> 249 | G51: =+#REF!+#REF!+#REF!+#REF!+#REF!+G39+G29 -> #REF! | H51: =+H49 -> 249 | I51: =+#REF!+#REF!+#REF!+#REF!+#REF!+I39+I29 -> #REF!
B52: =+B51/$H$44*100 -> 0 | C52: =+C30+C40+#REF!+#REF!+#REF!+#REF! -> #REF! | D52: =+D51/$H$44*100 -> 0 | E52: =+E30+E40+#REF!+#REF!+#REF!+#REF! -> #REF! | F52: =+F51/$H$51*100 -> 100 | G52: =+G30+G40+#REF!+#REF!+#REF!+#REF! -> #REF! | H52: =+H51/$H$51*100 -> 100 | I52: =+I30+I40+#REF!+#REF!+#REF!+#REF! -> #REF! | J52: =+H51/$H$51*100 -> 100
A53: II. Tiêu hao vật tư tháng 07/2026
A54: 1. Tiêu hao vật tư :
A55: ➢ Sản xuất 50x50 | N55: ok
A56: STT | B56: Nguyên liệu, vật tư | D56: ĐVT | E56: Định mức | F56: Thực tế | G56: Lượng SD | I56: -Giảm ĐM | J56: + Vượt ĐM | K56: Ghi chú | N56: SL | O56: =+H44+O58 -> 438355.5 | P56: C
A57: 1 | B57: Nguyên liệu xương PCL | D57: kg | E57: 21.26 | F57: =+G57/$O$56 -> 20.737885 | G57: =+[6]T7.2026!$I$84 -> 9090566 | I57: =+(E57-F57)*$O$56 -> 228871.93 | K57: Bột phế và gạch phế 287,261.98kg | N57: Sugar | O57: =+H44 -> 438106.5 | Q57: =+[3]T4!$J$35 -> 729
A58: 2 | B58: Men EFSV | D58: kg | E58: 0.28 | F58: =+G58/$O$57 -> 0.26522178 | G58: =+[6]T7.2026!$I$110 -> 116195.38 | I58: =+(E58-F58)*$O$57 -> 6474.4358 | N58: bóng | O58: 249
A59: 3 | B59: Men EFB | D59: kg | E59: 0.39 | F59: =+G59/$O$58 -> 0.27998313 | G59: =+[6]T7.2026!$I$213 -> 69.7158 | I59: =+(E59-F59)*$O$58 -> 27.3942 | S59: =+I59/G59*100 -> 39.294105
A60: 4 | B60: Men GFM | D60: kg | E60: 0.098 | F60: =+G60/$O$56 -> 0.089444298 | G60: =+[6]T7.2026!$I$225 -> 39208.4 | I60: =+(E60-F60)*$O$56 -> 3750.439
A61: 5 | B61: Men GFB TN | D61: kg | E61: 0.39 | F61: =+G61/$O$58 -> 0.40160643 | G61: =+[6]T7.2026!$I$237 -> 100 | J61: =+(F61-E61)*$O$58 -> 2.89
A62: 6 | B62: Men SFSV | D62: kg | E62: 0.119 | F62: =+G62/$O$56 -> 0.11899246 | G62: =+[6]T7.2026!$I$273 -> 52161 | I62: =+(E62-F62)*$O$56 -> 3.3045
A63: 7 | B63: Bao bì | D63: cái | E63: 0.669 | F63: =+G63/$O$56 -> 0.66868786 | G63: =+[6]T7.2026!$R$327 -> 293123 | I63: =+(E63-F63)*$O$56 -> 136.8295
A64: 8 | B64: Ke góc | D64: kg | E64: 0.02 | F64: =+G64/$O$56 -> 0.019367842 | G64: =+[7]T7.2026!$I$291 -> 8490 | I64: =+(E64-F64)*$O$56 -> 277.11
A65: 9 | B65: Dây đai hộp | D65: kg | E65: 0.0201 | F65: =+G65/$O$56 -> 0.011887612 | G65: =+[7]T7.2026!$I$298 -> 5211 | I65: =+(E65-F65)*$O$56 -> 3599.9455
A66: 10 | B66: Vỏ điều | D66: kg | E66: 1.84 | F66: =+G66/$O$56 -> 1.670644 | G66: =+[7]T7.2026!$I$287 -> 732336 | I66: =+(E66-F66)*$O$56 -> 74238.12
A67: 11 | B67: Dây đai pet | D67: kg | E67: 0.0076 | F67: =+G67/$O$56 -> 0.0075737615 | G67: =+[7]T7.2026!$I$299 -> 3320 | I67: =+(E67-F67)*$O$56 -> 11.5018 | O67: =438355.5/G69 -> 91.706172
A68: 12 | B68: Nan nẹp | D68: cái | E68: 0.043 | F68: =+G68/$O$56 -> 0.041746938 | G68: =+[7]T7.2026!$I$296 -> 18300 | I68: =+(E68-F68)*$O$56 -> 549.2865
A69: 13 | B69: Pallet | D69: cái | E69: 0.0107 | F69: =+G69/$O$56 -> 0.010904392 | G69: =+[7]T7.2026!$R$302 -> 4780 | J69: =+(F69-E69)*$O$56 -> 89.59615 | K69: TB 91.71 m2/palett
A70: 14 | B70: Bi trung nhôm | D70: cái | E70: 0.06 | F70: =+G70/$O$56 -> 0.047278978 | G70: =+[7]T7.2026!$I$263 -> 20725 | I70: =+(E70-F70)*$O$56 -> 5576.33
A71: 15 | B71: Bi cao nhôm ( MB) | D71: kg | E71: 0.0021 | F71: =+G71/$O$56 -> 0 | I71: =+(E71-F71)*$O$56 -> 920.54655 | J71: =+(F71-E71)*$O$56 -> -920.54655
A72: 14 | B72: Bi cao nhôm ( Sugar ) | D72: kg | E72: 0.0013 | F72: =+G72/$O$56 -> 0 | I72: =+(E72-F72)*$O$56 -> 569.86215 | J72: =+(F72-E72)*$O$56 -> -569.86215
A73: 13 | B73: Bi cao nhôm | D73: kg | E73: 0.0021 | F73: =+G73/$O$56 -> 0 | I73: =+(E73-F73)*$O$56 -> 920.54655 | J73: =+(F73-E73)*$O$58 -> -0.5229
A74: III. Cộng tác Nhân sự
A75: TỔNG HỢP NHÂN LỰC | D75: Định biên | E75: Số người | F75: Tuyển dụng | G75: Nghỉ việc | H75: Thai sản | J75: Tổng số | K75: Ghi chú | N75: OK
A76: 1 | B76: Văn phòng | D76: 3 | E76: 3 | J76: =+E76+F76-G76-H76 -> 3
A77: 2 | B77: Đốc ca | D77: 5 | E77: 5 | J77: =+E77+F77-G77-H77 -> 5
A78: 3 | B78: Bộ phận ETM | D78: 25 | E78: 25 | G78: 0 | J78: =+E78+F78-G78-H78 -> 25
A79: 4 | B79: Bộ phận lò nung | D79: 30 | E79: 30 | J79: =+E79+F79-G79-H79 -> 30
A80: 5 | B80: Bộ phận PL ĐG | D80: 36 | E80: 36 | F80: 2 | G80: 3 | H80: 2 | J80: =+E80+F80-G80-H80 -> 33
A81: 6 | B81: Xe nâng | D81: 6 | E81: 6 | J81: =+E81+F81-G81-H81 -> 6
A82: 7 | B82: VSCN | D82: 1 | E82: 1 | J82: =+E82+F82-G82-H82 -> 1
A83: TỔNG CỘNG | D83: =SUM(D76:D82) -> 106 | E83: =SUM(E76:E82) -> 106 | F83: =SUM(F76:F82) -> 2 | G83: =SUM(G76:G82) -> 3 | H83: =SUM(H76:H82) -> 2 | J83: =SUM(J76:J82) -> 103
A84: IV. Khiếu nại trong tháng 07/2026
B85: STT | C85: Tên Đại Lý | E85: Mã SP | F85: Ngày SX | G85: Số lượng xử lý (m2) | H85: Lỗi khiếu nại | J85: Đánh giá lỗi sản phẩm
B86: 1 | C86: Tân Quỳnh Anh | E86: TQA5566 | F86: T4/2026 | G86: 77 | H86: Gạch bị lệch chỉ
B87: 2 | C87: Nam Hà Thành | E87: E410-N | F87: 20/6/2026 | G87: 12.8 | H87: Gạch bị vênh góc
B88: 3 | C88: Như Phát | E88: LXY48810-N | F88: 26/5/2026 | G88: 300.8 | H88: Gạch bị vễnh nhẹ
B89: 4 | E89: LXY48810-N | F89: 46239 | G89: 85 | H89: Gạch bị lệch màu
B90: 5 | C90: Thành Tín | E90: TTG483-N | F90: T9/2025 | G90: 176 | H90: Gạch bị nứt cạnh
B91: 6 | C91: Vidona | E91: CVDN4800-N | F91: 30/5/2026 | G91: 122.56 | H91: Gạch bị lệch màu
B92: 7 | E92: CVDN4800V-N | F92: 30/5/2026 | G92: 23.68
B93: 8 | C93: Khánh Linh | E93: LXN48000-N | F93: 45942 | G93: 54.4 | H93: Gạch bị lệch màu
B94: 9 | C94: CERAVI MN | E94: CRV4800-N | F94: 22/4/2026 | G94: 12.8 | H94: Gạch bị mo
B95: 10 | C95: Văn Minh | E95: VMT4801-N | F95: 16/4/2026 | G95: 17.6 | H95: Gạch bị vễnh góc
B96: 11 | E96: VMT4801V1-N | F96: 45700 | G96: 3.2
B97: 12 | C97: Nhật Khang | E97: NK485-N | F97: 14/10/2025 | G97: 250.2 | H97: Gạch bị lệch chỉ
B98: 13 | C98: Long Thành Tân | E98: GHC4801-N | F98: 46296 | G98: 52.8 | H98: Gạch bị vênh góc
B99: 14 | E99: GHC4801-N | F99: 46296 | G99: 8 | H99: Gạch bị lỗi mặt men
B100: 15 | E100: GHC4800-N | F100: 20/9/2025 | G100: 11.2 | H100: Gạch bị nút men
A101: Tổng lượng xử lý trong tháng 07 DC2 | G101: =SUM(G86:G100) -> 1208.04
A102: V. Kế hoạch thực hiện Sản lượng + chất lượng trong tháng 08/2026:
...

Sheet T8.2026
A1: CÔNG TY CỔ PHẦN GẠCH MEN PHƯƠNG NAM
A2: PHÂN XƯỞNG SẢN XUẤT DC2
A4: BÁO CÁO KẾT QUẢ SẢN XUẤT DÂY CHUYỀN SỐ 2 THÁNG 8 NĂM 2026
A6: I. Kết quả sản xuất tháng 08 năm 2026:
A7: I. Kết quả sản lượng – Chất lượng – Thu hồi ∑AB/ép :
A8: 1. Kết quả thực hiện Sản lượng – Chất lượng – Thu hồi ∑AB/ép
A9: Kích thước | C9: Sản Lượng Ép | D9: Sản lượng thu hồi | G9: Tổng (A1+A+B) | H9: Số ngày sx | I9: TB/ngày | J9: A/ép (%) | K9: C | L9: Hủy | M9: Dừng ép | O9: OK
A10: KH/TH | B10: ĐVT | D10: A1 | E10: A | F10: B | I10: m2 | K10: C/ép | L10: Hủy/ép | M10: phút/ngày
A11: KẾ HOẠCH 50*50 MEN MATT SUGAR | B11: m2 | C11: =+G11*100/J12 -> 56280 | D11: =+$G$11*D12/100 -> 51845.136 | E11: =+$G$11*E12/100 -> 0 | F11: =+$G$11*F12/100 -> 3309.264 | G11: =+I11*H11 -> 55154.4 | H11: 4 | I11: =21*0.5*1340*0.98 -> 13788.6 | K11: 1126
B12: % | D12: 94 | E12: 0 | F12: 6 | G12: 100 | J12: 98 | K12: 2 | M12: 100 | P12: =10.6*418800 -> 4439280
A13: THỰC HIỆN 50*50 MEN MATT SUGAR | B13: m2 | C13: =+G13*100/J14 -> 61898.994 | D13: 60264 | E13: 0 | F13: 1204.5 | G13: =+D13+F13 -> 61468.5 | H13: 4 | I13: =+G13/H13 -> 15367.125 | K13: 252 | L13: 175.5 | P13: =+P12/10.9 -> 407273.39 | Q13: =+C13+C19 -> 176497.94
B14: % | D14: =+D13/G13*100 -> 98.04046 | E14: =+E13/G13*100 -> 0 | F14: =+F13/G13*100 -> 1.9595403 | G14: =SUM(D14:F14) -> 100 | J14: =100-K14 -> 99.304522 | K14: =+(K13+L13)/G13*100 -> 0.69547817 | M14: 100 | P14: =+P13*2390 -> 9.7338341e+08
A15: So sánh TH/KH 50*50 MATT SUGAR | B15: m2 | C15: =+C13-C11 -> 5618.994 | D15: =+D13-D11 -> 8418.864 | E15: =+E13-E11 -> 0 | F15: =+F13-F11 -> -2104.764 | G15: =+G13-G11 -> 6314.1
B16: % | D16: =+D14-D12 -> 4.0404597 | E16: =+E14-E12 -> 0 | F16: =+F14-F12 -> -4.0404597 | N16: =97.5+1.29 -> 98.79
A17: KẾ HOẠCH 50*50 MEN BÓNG | B17: m2 | C17: =+G17*100/J18 -> 113137.23 | D17: =+$G$17*D18/100 -> 98174.832 | E17: =+E15-E13 -> 0 | F17: =+$G$17*F18/100 -> 12133.968 | G17: =+H17*I17 -> 110308.8 | H17: 8 | I17: =0.5*1340*21*0.98 -> 13788.6 | K17: 4596 | P17: =+P14/418800 -> 2324.2202
B18: % | D18: 89 | E18: =+E16-E14 -> 0 | F18: 11 | G18: 0 | J18: 97.5 | K18: 2.5 | M18: =+K18+J18 -> 100 | N18: =97.5+1.29 -> 98.79 | P18: =+G13+G19 -> 174246
A19: THỰC HIỆN 50*50 MEN BÓNG | B19: m2 | C19: =+G19*100/J20 -> 114598.95 | D19: 107878.5 | E19: =+E17-E15 -> 0 | F19: 4899 | G19: =+D19+F19 -> 112777.5 | H19: 8 | I19: =+G19/H19 -> 14097.188 | K19: 553.5 | L19: 1239
B20: % | D20: =+D19/$G$19*100 -> 95.656048 | E20: =+E18-E16 -> 0 | F20: =+F19/$G$19*100 -> 4.3439516 | G20: =+D20+E20+F20 -> 100 | J20: =100-K20 -> 98.410587 | K20: =+(K19+L19)/G19*100 -> 1.5894128 | M20: 48
A21: So sánh TH/KH 50*50 BÓNG | B21: m2 | C21: =+C19-C17 -> 1461.7196 | D21: =+D19-D17 -> 9703.668 | E21: =+E19-E17 -> 0 | F21: =+F19-F17 -> -7234.968 | G21: =+G19-G17 -> 2468.7
B22: % | D22: =+D20-D18 -> 6.6560484 | E22: =+E20-E18 -> 0 | F22: =+F20-F18 -> -6.6560484 | G22: 0 | N22: =97.5+1.29 -> 98.79
A23: KẾ HOẠCH 40*80 | B23: m2 | C23: =+G23*100/J24 -> 263692.8 | D23: =+G23*D24/100 -> 232577.05 | E23: =+E21-E19 -> 0 | F23: =+G23*F24/100 -> 25841.894 | G23: =+I23*H23 -> 258418.94 | H23: 18 | I23: =10.9*0.96*1400*0.98 -> 14356.608 | K23: 3809
B24: % | D24: 90 | E24: =+E22-E20 -> 0 | F24: 10 | G24: 100 | J24: 98 | K24: =100-J24 -> 2 | M24: 40
A25: THỰC HIỆN 40*80 | B25: m2 | C25: =+G25*100/J26 -> 273289.11 | D25: 252729.6 | E25: =+E23-E21 -> 0 | F25: 17681.6 | G25: =+F25+D25 -> 270411.2 | H25: 18 | I25: =+G25/H25 -> 15022.844 | K25: 1203.8 | L25: 1643.8
B26: % | D26: =+D25/G25*100 -> 93.461218 | E26: =+E24-E22 -> 0 | F26: =+F25/G25*100 -> 6.5387824 | G26: =SUM(D26:F26) -> 100 | J26: =100-K26 -> 98.946937 | K26: =+(K25+L25)/G25*100 -> 1.0530629 | M26: 13
A27: So sánh TH/KH 40*80 | B27: m2 | C27: =+C25-C23 -> 9596.3062 | D27: =+D25-D23 -> 20152.55 | E27: =+E25-E23 -> 0 | F27: =+F25-F23 -> -8160.2944 | G27: =+D27+F27 -> 11992.256
B28: % | D28: =+D26-D24 -> 3.4612176 | E28: =+E26-E20 -> 0 | F28: =+F26-F24 -> -3.4612176 | N28: =97.5+1.29 -> 98.79
A29: 2. Kết quả thực hiện các thương hiệu trong tháng 8/2026
A30: 1. Kết quả thực hiện các thương hiệu :
A31: ➢ SX 500x500 men Matt Sugar :
A32: Kh/TH | B32: Thực Hiện | J32: Tỷ lệ % | L32: Ghi chú | O32: OK
B33: A1 | D33: A | F33: B | H33: Tổng A1+A+B
A34: Green Home | B34: 4509 | F34: 774 | H34: =+B34+D34+F34 -> 5283
B35: =+B34/$H$34*100 -> 85.349233 | C35: =+C34/C42*100 -> #REF! | D35: =+D34/$H$34*100 -> 0 | E35: =+E34/E42*100 -> #REF! | F35: =+F34/$H$34*100 -> 14.650767 | G35: =+G34/G42*100 -> #REF! | H35: =+H34/$H$34*100 -> 100 | I35: =+I34/I42*100 -> #REF! | J35: =+H34/$H$42*100 -> 8.594646
A36: Havira | B36: 5017.5 | F36: 16.5 | H36: =+B36+D36+F36 -> 5034
B37: =+B36/$H$36*100 -> 99.672229 | C37: =+C36/#REF!*100 -> #REF! | D37: =+D36/$H$36*100 -> 0 | E37: =+E36/#REF!*100 -> #REF! | F37: =+F36/$H$36*100 -> 0.32777116 | G37: =+G36/#REF!*100 -> #REF! | H37: =+H36/$H$36*100 -> 100 | I37: =+I36/#REF!*100 -> #REF! | J37: =+H36/$H$42*100 -> 8.1895605
A38: Luxury | B38: 24255 | F38: 210 | H38: =+B38+D38+F38 -> 24465
B39: =+B38/$H$38*100 -> 99.141631 | C39: =+C38/#REF!*100 -> #REF! | D39: =+D38/$H$38*100 -> 0 | E39: =+E38/#REF!*100 -> #REF! | F39: =+F38/$H$38*100 -> 0.8583691 | G39: =+G38/#REF!*100 -> #REF! | H39: =+H38/H38*100 -> 100 | I39: =+I38/#REF!*100 -> #REF! | J39: =+H38/$H$42*100 -> 39.800874
A40: Xanh Tím | B40: 26482.5 | F40: 204 | H40: =+B40+D40+F40 -> 26686.5
B41: =+B40/$H$40*100 -> 99.235569 | C41: =+C40/#REF!*100 -> #REF! | D41: =+D40/$H$40*100 -> 0 | E41: =+E40/#REF!*100 -> #REF! | F41: =+F40/$H$40*100 -> 0.76443145 | G41: =+G40/#REF!*100 -> #REF! | H41: =+H40/$H$40*100 -> 100 | I41: =+I40/#REF!*100 -> #REF! | J41: =+H40/$H$42*100 -> 43.41492
A42: Tổng | B42: =+B34+B36+B38+B40 -> 60264 | C42: =+#REF!+#REF!+#REF!+#REF!+#REF!+#REF!+C34 -> #REF! | D42: =+D34+D36+D38+D40 -> 0 | E42: =+#REF!+#REF!+#REF!+#REF!+#REF!+#REF!+E34 -> #REF! | F42: =+F34+F36+F38+F40 -> 1204.5 | G42: =+#REF!+#REF!+#REF!+#REF!+#REF!+#REF!+G34 -> #REF! | H42: =+H34+H36+H38+H40 -> 61468.5 | I42: =+#REF!+#REF!+#REF!+#REF!+#REF!+#REF!+I34 -> #REF!
B43: =+B42/$H$42*100 -> 98.04046 | C43: =+C35+#REF!+#REF!+#REF!+#REF!+#REF! -> #REF! | D43: =+D42/$H$42*100 -> 0 | E43: =+E35+#REF!+#REF!+#REF!+#REF!+#REF! -> #REF! | F43: =+F42/$H$42*100 -> 1.9595403 | G43: =+G35+#REF!+#REF!+#REF!+#REF!+#REF! -> #REF! | H43: =+H42/$H$42*100 -> 100 | I43: =+I35+#REF!+#REF!+#REF!+#REF!+#REF! -> #REF! | J43: =+H42/$H$42*100 -> 100
A44: ➢ SX 500x500 men Bóng :
A45: Kh/TH | B45: Thực Hiện | J45: Tỷ lệ % | L45: Ghi chú | O45: OK
B46: A1 | D46: A | F46: B | H46: Tổng A1+A+B
A47: Crovina | B47: 9087 | F47: 231 | H47: =+B47+D47+F47 -> 9318
B48: =+B47/$H$47*100 -> 97.520927 | C48: =+C47/C87*100 -> #DIV/0! | D48: =+D47/$H$47*100 -> 0 | E48: =+E47/E87*100 -> #VALUE! | F48: =+F47/$H$47*100 -> 2.4790728 | G48: =+G47/G87*100 -> #VALUE! | H48: =+H47/$H$47*100 -> 100 | I48: =+I47/I87*100 -> #VALUE! | J48: =+H47/$H$57*100 -> 8.2622864 | K48: =+K47/K87*100 -> #VALUE! | O48: =+H42+H57 -> 174246
A49: Green Home | B49: 13858.5 | F49: 781.5 | H49: =+B49+D49+F49 -> 14640
B50: =+B49/$H$49*100 -> 94.661885 | C50: =+C49/C57*100 -> #DIV/0! | F50: =+F49/$H$49*100 -> 5.3381148 | G50: =+G49/G57*100 -> #DIV/0! | H50: =+H49/$H$49*100 -> 100 | I50: =+I49/I57*100 -> #DIV/0! | J50: =+H49/$H$57*100 -> 12.981313 | K50: =+K49/K89*100 -> #DIV/0!
A51: Havira | B51: 19188 | F51: 847.5 | H51: =+B51+D51+F51 -> 20035.5 | S51: =21/8 -> 2.625
B52: =+B51/$H$51*100 -> 95.770008 | C52: =+C51/C59*100 -> #DIV/0! | D52: =+D51/$H$51*100 -> 0 | E52: =+E51/E59*100 -> #DIV/0! | F52: =+F51/$H$51*100 -> 4.2299918 | G52: =+G51/G59*100 -> #DIV/0! | H52: =+H51/$H$51*100 -> 100 | I52: =+I51/I59*100 -> #DIV/0! | J52: =+H51/$H$57*100 -> 17.765512 | K52: =+K51/K91*100 -> #DIV/0! | S52: =5/8 -> 0.625
A53: Luxury | B53: 58252.5 | F53: 2070 | H53: =+B53+D53+F53 -> 60322.5
B54: =+B53/$H$53*100 -> 96.568445 | C54: =+C53/#REF!*100 -> #REF! | D54: =+D53/$H$53*100 -> 0 | E54: =+E53/#REF!*100 -> #REF! | F54: =+F53/$H$53*100 -> 3.4315554 | G54: =+G53/#REF!*100 -> #REF! | H54: =+H53/$H$53*100 -> 100 | I54: =+I53/#REF!*100 -> #REF! | J54: =+H53/$H$57*100 -> 53.488063 | K54: =+K53/K93*100 -> #DIV/0!
A55: Xanh Tím | B55: 7492.5 | F55: 969 | H55: =+B55+D55+F55 -> 8461.5
B56: =+B55/$H$55*100 -> 88.54813 | C56: =+C55/#REF!*100 -> #REF! | D56: =+D55/$H$55*100 -> 0 | E56: =+E55/#REF!*100 -> #REF! | F56: =+F55/$H$55*100 -> 11.45187 | G56: =+G55/#REF!*100 -> #REF! | H56: =+H55/$H$55*100 -> 100 | I56: =+I55/#REF!*100 -> #REF! | J56: =+H55/$H$57*100 -> 7.5028264 | K56: =+K55/K95*100 -> #DIV/0!
A57: Tổng | B57: =+B47+B49+B51+B53+B55 -> 107878.5 | D57: =+D47+D49+D51+D53+D55 -> 0 | F57: =+F47+F49+F51+F53+F55 -> 4899 | H57: =+H47+H49+H51+H53+H55 -> 112777.5
B58: =+B57/$H$57*100 -> 95.656048 | C58: =+C57/C87*100 -> #DIV/0! | D58: =+D57/$H$57*100 -> 0 | E58: =+E57/E87*100 -> #VALUE! | F58: =+F57/$H$57*100 -> 4.3439516 | G58: =+G57/G87*100 -> #VALUE! | H58: =+H57/$H$57*100 -> 100 | I58: =+I57/I87*100 -> #VALUE! | J58: =+H57/$H$57*100 -> 100 | K58: =+K57/K95*100 -> #DIV/0!
A59: ➢ SX 400x800 men Panson:
A60: Kh/TH | B60: Thực Hiện | J60: Tỷ lệ % | L60: Ghi chú | O60: ok
B61: A1 | D61: A | F61: B | H61: Tổng A1+A+B
A62: Crovina | B62: 27444.8 | F62: 1505.6 | H62: =+B62+D62+F62 -> 28950.4
B63: =+B62/$H$62*100 -> 94.799381 | C63: =+C62/C64*100 -> #DIV/0! | D63: =+D62/$H$62*100 -> 0 | E63: =+E62/E64*100 -> #DIV/0! | F63: =+F62/$H$62*100 -> 5.200619 | G63: =+G62/G64*100 -> #DIV/0! | H63: =+H62/$H$62*100 -> 100 | I63: =+I62/I64*100 -> #DIV/0! | J63: =+H62/$H$82*100 -> 10.706065
A64: Esspana | B64: 5833.6 | F64: 366.4 | H64: =+B64+D64+F64 -> 6200
B65: =+B64/$H$64*100 -> 94.090323 | C65: =+C64/C66*100 -> #DIV/0! | D65: =+D64/$H$64*100 -> 0 | E65: =+E64/E66*100 -> #DIV/0! | F65: =+F64/$H$64*100 -> 5.9096774 | G65: =+G64/G66*100 -> #DIV/0! | H65: =+H64/$H$64*100 -> 100 | I65: =+I64/I66*100 -> #DIV/0! | J65: =+H64/$H$82*100 -> 2.2928044
A66: Green Era | B66: 9057.6 | F66: 296 | H66: =+B66+D66+F66 -> 9353.6
B67: =+B66/$H$66*100 -> 96.835443 | C67: =+C66/C68*100 -> #DIV/0! | D67: =+D66/$H$66*100 -> 0 | E67: =+E66/E68*100 -> #DIV/0! | F67: =+F66/$H$66*100 -> 3.164557 | G67: =+G66/G68*100 -> #DIV/0! | H67: =+H66/$H$66*100 -> 100 | I67: =+I66/I68*100 -> #DIV/0! | J67: =+H66/$H$82*100 -> 3.4590283
A68: Green Home | B68: 7814.4 | F68: 347.2 | H68: =+B68+D68+F68 -> 8161.6
B69: =+B68/$H$68*100 -> 95.745932 | C69: =+C68/C78*100 -> #DIV/0! | D69: =+D68/$H$68*100 -> 0 | E69: =+E68/E78*100 -> #DIV/0! | F69: =+F68/$H$68*100 -> 4.2540678 | G69: =+G68/G78*100 -> #DIV/0! | H69: =+H68/$H$68*100 -> 100 | I69: =+I68/I78*100 -> #DIV/0! | J69: =+H68/$H$82*100 -> 3.0182182
A70: Havira | B70: 30073.6 | F70: 2105.6 | H70: =+B70+D70+F70 -> 32179.2
B71: =+B70/$H$70*100 -> 93.456643 | C71: =+C70/C72*100 -> #DIV/0! | D71: =+D70/$H$70*100 -> 0 | E71: =+E70/E72*100 -> #DIV/0! | F71: =+F70/$H$70*100 -> 6.5433572 | G71: =+G70/G72*100 -> #DIV/0! | H71: =+H70/$H$70*100 -> 100 | I71: =+I70/I72*100 -> #DIV/0! | J71: =+H70/$H$82*100 -> 11.900099
A72: Luxury | B72: 69662.4 | F72: 6953.6 | H72: =+B72+D72+F72 -> 76616
B73: =+B72/$H$72*100 -> 90.924089 | C73: =+C72/C74*100 -> #DIV/0! | D73: =+D72/$H$72*100 -> 0 | E73: =+E72/E74*100 -> #DIV/0! | F73: =+F72/$H$72*100 -> 9.075911 | G73: =+G72/G74*100 -> #DIV/0! | H73: =+H72/$H$72*100 -> 100 | I73: =+I72/I74*100 -> #DIV/0! | J73: =+H72/$H$82*100 -> 28.333146
A74: Padova | B74: 16961.6 | F74: 822.4 | H74: =+B74+D74+F74 -> 17784
B75: =+B74/$H$74*100 -> 95.375619 | C75: =+C74/C76*100 -> #DIV/0! | D75: =+D74/$H$74*100 -> 0 | E75: =+E74/E76*100 -> #DIV/0! | F75: =+F74/$H$74*100 -> 4.6243815 | G75: =+G74/G76*100 -> #DIV/0! | H75: =+H74/$H$74*100 -> 100 | I75: =+I74/I76*100 -> #DIV/0! | J75: =+H74/$H$82*100 -> 6.5766507
A76: Top One | B76: 26257.6 | F76: 1403.2 | H76: =+B76+D76+F76 -> 27660.8
B77: =+B76/$H$76*100 -> 94.927117 | C77: =+C76/C86*100 -> #DIV/0! | D77: =+D76/$H$76*100 -> 0 | E77: =+E76/E86*100 -> #DIV/0! | F77: =+F76/$H$76*100 -> 5.0728829 | G77: =+G76/G86*100 -> #DIV/0! | H77: =+H76/$H$76*100 -> 100 | I77: =+I76/I86*100 -> #DIV/0! | J77: =+H76/$H$82*100 -> 10.229162
A78: Trang Hoàng Phương | B78: 31990.4 | F78: 2328 | H78: =+B78+D78+F78 -> 34318.4
B79: =+B78/$H$78*100 -> 93.216467 | C79: =+C78/C80*100 -> #DIV/0! | D79: =+D78/$H$36*100 -> 0 | E79: =+E78/E80*100 -> #DIV/0! | F79: =+F78/$H$78*100 -> 6.783533 | H79: =+B79+F79 -> 100 | I79: =+I78/I84*100 -> #DIV/0! | J79: =+H78/$H$82*100 -> 12.69119
A80: Vina Phacon | B80: 27633.6 | F80: 1553.6 | H80: =+B80+D80+F80 -> 29187.2
B81: =+B80/$H$80*100 -> 94.677119 | C81: =+C80/C82*100 -> #REF! | D81: =+D80/$H$80*100 -> 0 | E81: =+E80/E82*100 -> #REF! | F81: =+F80/$H$80*100 -> 5.3228813 | G81: =+G80/G82*100 -> #REF! | H81: =+H80/H80*100 -> 100 | I81: =+I80/#REF!*100 -> #REF! | J81: =+H80/$H$82*100 -> 10.793636
A82: Tổng | B82: =+B80+B78+B62+B64+B66+B68+B70+B72+B74+B76 -> 252729.6 | C82: =+#REF!+#REF!+#REF!+#REF!+#REF!+C80+#REF! -> #REF! | D82: =+D80+D78 -> 0 | E82: =+#REF!+#REF!+#REF!+#REF!+#REF!+E80+#REF! -> #REF! | F82: =+F80+F78+F62+F64+F66+F68+F70+F72+F74+F76 -> 17681.6 | G82: =+#REF!+#REF!+#REF!+#REF!+#REF!+G80+#REF! -> #REF! | H82: =+B82+F82 -> 270411.2 | I82: =+#REF!+#REF!+#REF!+#REF!+#REF!+I80+#REF! -> #REF! | O82: =+#REF!+H79+#REF!+#REF!+#REF!+H81+#REF!+#REF! -> #REF!
B83: =+B82/H82*100 -> 93.461218 | C83: =+#REF!+C81+#REF!+#REF!+#REF!+#REF! -> #REF! | D83: =+D82/$H$42*100 -> 0 | E83: =+#REF!+E81+#REF!+#REF!+#REF!+#REF! -> #REF! | F83: =+F82/$H$82*100 -> 6.5387824 | H83: =+H82/$H$82*100 -> 100 | I83: =+#REF!+I81+#REF!+#REF!+#REF!+#REF! -> #REF! | J83: =+H82/$H$82*100 -> 100
A84: II. Tiêu hao vật tư tháng 08/2026
A85: 1. Tiêu hao vật tư :
A86: ➢ Sản xuất 50x50 | N86: OK
A87: STT | B87: Nguyên liệu, vật tư | D87: ĐVT | E87: Định mức | F87: Thực tế | G87: Lượng SD | I87: -Giảm ĐM | J87: + Vượt ĐM | K87: Ghi chú | N87: SL | O87: =+O88+O89 -> 174246 | P87: C | Q87: =+Q88+Q89 -> 0
A88: 1 | B88: Nguyên liệu xương PCL | D88: kg | E88: 21.26 | F88: =+G88/$O$87 -> 20.717104 | G88: 3609872.5 | I88: =+(E88-F88)*$O$87 -> 94597.482 | K88: Phế bột và bột gạch phế: 92,145.53kg | N88: Sugar | O88: =+H42 -> 61468.5
A89: 2 | B89: Men EFSV | D89: kg | E89: 0.28 | F89: =+G89/$O$88 -> 0.27283698 | G89: 16770.88 | I89: =+(E89-F89)*$O$88 -> 440.3 | N89: Bóng | O89: =+H57 -> 112777.5
A90: 3 | B90: Men EFB | D90: kg | E90: 0.39 | F90: =+G90/$O$89 -> 0.3643991 | G90: 41096.02 | I90: =+(E90-F90)*$O$89 -> 2887.205
A91: 4 | B91: Men GFM | D91: kg | E91: 0.098 | F91: =+G91/$O$88 -> 0.083766482 | G91: 5149 | I91: =+(E91-F91)*$O$88 -> 874.913
A92: 5 | B92: Men GFB | D92: kg | E92: 0.39 | F92: =+G92/$O$89 -> 0.38748864 | G92: 43700 | I92: =+(E92-F92)*$O$89 -> 283.225 | O92: =+O87/G100 -> 91.708421
A93: 6 | B93: Men SFSV | D93: kg | E93: 0.119 | F93: =+G93/$O$88 -> 0.13496344 | G93: 8296 | I93: =+(E93-F93)*$O$88 -> -981.2485
A94: 7 | B94: Bao bì | D94: cái | E94: 0.669 | F94: =+G94/$O$87 -> 0.66844002 | G94: 116473 | I94: =+(E94-F94)*$O$87 -> 97.574
A95: 8 | B95: Ke góc | D95: kg | E95: 0.02 | F95: =+G95/$O$87 -> 0.017245733 | G95: 3005 | I95: =+(E95-F95)*$O$87 -> 479.92
A96: 9 | B96: Dây đai hộp | D96: kg | E96: 0.0201 | F96: =+G96/$O$87 -> 0.010330223 | G96: 1800 | I96: =+(E96-F96)*$O$87 -> 1702.3446
A97: 10 | B97: Vỏ điều | D97: kg | E97: 1.84 | F97: =+G97/$O$87 -> 1.6918839 | G97: 294804 | I97: =+(E97-F97)*$O$87 -> 25808.64
A98: 11 | B98: Dây đai pet | D98: kg | E98: 0.0076 | F98: =+G98/$O$87 -> 0.0074607165 | G98: 1300 | I98: =+(E98-F98)*$O$87 -> 24.2696
A99: 12 | B99: Nan nẹp | D99: cái | E99: 0.043 | F99: =+G99/$O$87 -> 0.040173089 | G99: 7000 | I99: =+(E99-F99)*$O$87 -> 492.578 | R99: =+O99-H99 -> 0
A100: 13 | B100: Pallet | D100: cái | E100: 0.0107 | F100: =+G100/$O$87 -> 0.010904124 | G100: 1900 | J100: =+(F100-E100)*$O$87 -> 35.5678 | K100: TB:91.71m2/pallet | R100: =+O100-H100 -> 0
A101: 14 | B101: Bi trung nhôm | D101: cái | E101: 0.06 | F101: =+G101/$O$87 -> 0.025825557 | G101: 4500 | I101: =+(E101-F101)*$O$87 -> 5954.76
A102: 15 | B102: Bi cao nhôm | D102: cái | E102: 0.0021 | F102: =+G102/$O$87 -> 0.0020086544 | G102: =+[8]T8.2026!$I$301 -> 350 | I102: =+(E102-F102)*$O$87 -> 15.9166
...
