Workbook
Name Slicer_Dây_chuyền: #N/A
Name Slicer_Dây_chuyền1: #N/A
Name Slicer_DC: #N/A
Name Slicer_DC1: #N/A
Name Slicer_Kích_thước: #N/A
Name Slicer_Kích_thước1: #N/A
Name Slicer_Kích_thước2: #N/A
Name Slicer_Kích_thước3: #N/A
Name Slicer_Men: #N/A
Name Slicer_Nguyên_liệu__vật_tư: #N/A
Name Slicer_Tên_than: #N/A
Name Slicer_Tháng: #N/A
Name Slicer_Tháng1: #N/A
Name Slicer_Tháng2: #N/A
Name Slicer_Tháng3: #N/A
Name Slicer_Thương_hiệu: #N/A
Name T1_Headers: 'T1.2025'!$A$137:$O$137
Name T2_Headers: 'T2.2025 '!$A$61:$P$61
Name T3_Headers: 'T3.2025 '!$A$112:$P$112
Name T4_Headers: 'T4.2025 '!$A$141:$P$141
Name T5_Headers: 'Form mẫu'!$A$206:$O$206
Name T5_Headers: 'T5.2025'!$A$196:$P$196
Name T6_Headers: 'T6.2025'!$A$200:$P$200

Sheet TH SX Năm 2025
B1: CÔNG TY CỔ PHẦN GẠCH MEN PHƯƠNG NAM
B2: Địa chỉ: Cụm CN VLXD Tân An, X. Tân An, H. Vĩnh Cửu, T. Đồng Nai
B3: Điện thoại: 0251 3684039 *** Email: gachmenphuongnam@gmail.com | R3: NHẬP SỐ LIỆU THEO THÁNG | AD3: NHẬP SỐ LIỆU THEO THÁNG
B5: BÁO CÁO KẾT QUẢ SẢN XUẤT 2 DÂY CHUYỀN NĂM 2025 | Q5: 30X60 (TH) | R5: MEN | S5: SL ÉP | T5: A1 | U5: A | V5: B | W5: Tổng A1-A-B | X5: Số ngày SX | Y5: TB/ Ngày | Z5: C | AA5: Huỷ/ ép | AB5: T/g dừng 2 ME | AD5: 30X60 (KH) | AE5: SL ép | AF5: A1 | AG5: A | AH5: B | AI5: Tổng A1-A-B | AJ5: Số ngày SX | AK5: TB/ Ngày | AL5: T/g dừng 2 ME
B6: I. Kết quả sản lượng - Chất lượng - thu hồi Tổng A1+A+B : | Q6: T1 | R6: PN | S6: ='T1.2025'!E10 -> 0 | T6: ='T1.2025'!F61 -> 0 | U6: ='T1.2025'!G61 -> 0 | V6: ='T1.2025'!H61 -> 0 | W6: =SUM(T6:V6) -> 0 | X6: ='T1.2025'!J10 -> 0 | Z6: ='T1.2025'!M10 -> 0 | AA6: ='T1.2025'!N10 -> 0 | AB6: ='T1.2025'!O10 -> 0 | AD6: T1 | AE6: ='T1.2025'!E8 -> 0 | AF6: ='T1.2025'!F8 -> 0 | AG6: ='T1.2025'!G8 -> 0 | AH6: ='T1.2025'!H8 -> 0 | AI6: =SUM(AF6:AH6) -> 0 | AJ6: ='T1.2025'!J8 -> 0 | AK6: ='T1.2025'!K8 -> 0 | AL6: ='T1.2025'!O8 -> 0
B7: 1. Dây chuyền số 1 | R7: PSG | T7: ='T1.2025'!F51 -> 0 | U7: ='T1.2025'!G51 -> 0 | V7: ='T1.2025'!H51 -> 0 | W7: =SUM(T7:V7) -> 0
R8: M | T8: ='T1.2025'!F71 -> 0 | U8: ='T1.2025'!G71 -> 0 | V8: ='T1.2025'!H71 -> 0 | W8: =SUM(T8:V8) -> 0
B9: Kích thước | D9: Sản Lượng ép | E9: Sản lượng thu hồi | H9: Tổng (A1+A+B) | I9: Số ngày SX | J9: TB/ngày | K9: A/ép (%) | L9: C | M9: Huỷ | N9: T/g dừng 2 ME | Q9: T2 | R9: PN | S9: ='T2.2025 '!E11 -> 107045 | T9: ='T2.2025 '!F57 -> 91149.12 | U9: ='T2.2025 '!G57 -> 5847.84 | V9: ='T2.2025 '!H57 -> 5804.64 | W9: ='T2.2025 '!I57 -> 102801.6 | X9: ='T2.2025 '!J11 -> 6.6 | Y9: ='T2.2025 '!K11 -> 15576 | Z9: ='T2.2025 '!M11 -> 649.44 | AA9: ='T2.2025 '!N11 -> 1362.1 | AB9: ='T2.2025 '!O11 -> 36 | AD9: T2 | AE9: ='T2.2025 '!E9 -> 94338.462 | AF9: ='T2.2025 '!F9 -> 81862.2 | AG9: ='T2.2025 '!G9 -> 5518.8 | AH9: ='T2.2025 '!H9 -> 4599 | AI9: =SUM(AF9:AH9) -> 91980 | AJ9: ='T2.2025 '!J9 -> 7 | AK9: =AI9/AJ9 -> 13140 | AL9: ='T2.2025 '!O9 -> 40
B10: KH/TH | C10: ĐVT | E10: A1 | F10: A | G10: B | J10: m2 | L10: C/ép | M10: Huỷ/ép | N10: Phút/ngày | R10: PSG | W10: =SUM(T10:V10) -> 0 | AI10: =SUM(AF10:AH10) -> 0
B11: KẾ HOẠCH 30x60 | C11: m2 | D11: =AE42 -> 1674275.8 | E11: =AF42 -> 1198573.2 | F11: =AG42 -> 80802.69 | G11: =AH42 -> 67335.575 | H11: =AI42 -> 1346711.5 | I11: =AJ42 -> 111.75 | J11: =AK42 -> 12051.11 | N11: =AL42 -> 40 | R11: M | W11: =SUM(T11:V11) -> 0 | AI11: =SUM(AF11:AH11) -> 0
C12: % | E12: 89 | F12: 6 | G12: 5 | H12: 100 | K12: 97.5 | L12: =100-K12 -> 2.5 | Q12: T3 | R12: PN | S12: ='T3.2025 '!E10 -> 496651 | T12: ='T3.2025 '!F53 -> 222084 | U12: ='T3.2025 '!G53 -> 7130.88 | V12: ='T3.2025 '!H53 -> 9993.6 | W12: =SUM(T12:V12) -> 239208.48 | X12: ='T3.2025 '!G80 -> 15.159073 | Y12: =+W12/X12 -> 15779.888 | Z12: ='T3.2025 '!M10 -> 1677.66 | AA12: ='T3.2025 '!N10 -> 2278.54 | AB12: ='T3.2025 '!O10 -> 25 | AD12: T3 | AE12: ='T3.2025 '!E8 -> 487415.38 | AF12: ='T3.2025 '!F8 -> 422954.7 | AG12: ='T3.2025 '!G8 -> 28513.8 | AH12: ='T3.2025 '!H8 -> 23761.5 | AI12: =SUM(AF12:AH12) -> 475230 | AJ12: ='T3.2025 '!J8 -> 31 | AK12: =AI12/AJ12 -> 15330 | AL12: ='T3.2025 '!O9 -> 40
B13: THỰC HIỆN 30x60 | C13: m2 | D13: =S42 -> 1733166 | E13: =T42 -> 1562421.6 | F13: =U42 -> 50064.48 | G13: =V42 -> 90155.52 | H13: =W42 -> 1702641.6 | I13: =X42 -> 111.95001 | J13: =Y42 -> 15208.946 | L13: =Z42 -> 7357.02 | M13: =AA42 -> 7800.8 | N13: =AB42 -> 26 | R13: PSG | T13: ='T3.2025 '!F63 -> 231760.8 | U13: ='T3.2025 '!G63 -> 2617.92 | V13: ='T3.2025 '!H63 -> 15589.44 | W13: =SUM(T13:V13) -> 249968.16 | X13: ='T3.2025 '!G81 -> 15.840933 | Y13: =+W13/X13 -> 15779.888 | AI13: =SUM(AF13:AH13) -> 0
C14: % | E14: =E13/H13*100 -> 91.764562 | F14: =F13/H13*100 -> 2.9404004 | G14: =G13/H13*100 -> 5.295038 | H14: =SUM(E14:G14) -> 100 | K14: =H13/D13*100 -> 98.238807 | L14: =100-K14 -> 1.7611931 | R14: M | W14: =SUM(T14:V14) -> 0 | AI14: =SUM(AF14:AH14) -> 0
B15: So sánh TH/KH | C15: m2 | D15: =+D13-D11 -> 58890.215 | E15: =+E13-E11 -> 363848.36 | F15: =+F13-F11 -> -30738.21 | G15: =+G13-G11 -> 22819.945 | H15: =+H13-H11 -> 355930.1 | N15: =N11-N13 -> 14 | Q15: T4 | R15: PN | S15: ='T4.2025 '!E11 -> 446786 | T15: ='T4.2025 '!F62 -> 363058.56 | U15: ='T4.2025 '!G62 -> 11676.96 | V15: ='T4.2025 '!H62 -> 17922.24 | W15: =SUM(T15:V15) -> 392657.76 | X15: ='T4.2025 '!G89 -> 26.706703 | Y15: =+W15/X15 -> 14702.592 | Z15: ='T4.2025 '!M11 -> 1512 | AA15: ='T4.2025 '!N11 -> 1572.48 | AB15: ='T4.2025 '!O11 -> 24 | AD15: T4 | AE15: ='T4.2025 '!E9 -> 436836.73 | AF15: ='T4.2025 '!F9 -> 381009 | AG15: ='T4.2025 '!G9 -> 25686 | AH15: ='T4.2025 '!H9 -> 21405 | AI15: =SUM(AF15:AH15) -> 428100 | AJ15: ='T4.2025 '!J9 -> 30 | AK15: =AI15/AJ15 -> 14270 | AL15: 40
C16: % | D16: =+D14-D12 -> 0 | E16: =+E14-E12 -> 2.7645616 | F16: =+F14-F12 -> -3.0595996 | G16: =+G14-G12 -> 0.29503802 | R16: PSG | T16: ='T4.2025 '!F72 -> 44935.2 | U16: ='T4.2025 '!G72 -> 853.92 | V16: ='T4.2025 '!H72 -> 2630.88 | W16: =SUM(T16:V16) -> 48420 | X16: ='T4.2025 '!G90 -> 3.2932969 | Y16: =+W16/X16 -> 14702.592 | AI16: =SUM(AF16:AH16) -> 0
R17: M | W17: =SUM(T17:V17) -> 0 | AI17: =SUM(AF17:AH17) -> 0
Q18: T5 | R18: PN | S18: ='T5.2025'!E11 -> 366803 | T18: ='T5.2025'!F68 -> 250378.56 | U18: ='T5.2025'!G68 -> 9181.44 | V18: ='T5.2025'!H68 -> 13044.96 | W18: =SUM(T18:V18) -> 272604.96 | X18: ='T5.2025'!G95 -> 18.69023 | Y18: =+W18/X18 -> 14585.425 | Z18: ='T5.2025'!M11 -> 1689.12 | AA18: ='T5.2025'!N11 -> 1297.44 | AB18: ='T5.2025'!O11 -> 26 | AD18: T5 | AE18: ='T5.2025'!E9 -> 358470.92 | AF18: ='T5.2025'!F9 -> 312658.34 | AG18: ='T5.2025'!G9 -> 21078.09 | AH18: ='T5.2025'!H9 -> 17565.075 | AI18: =SUM(AF18:AH18) -> 351301.5 | AJ18: ='T5.2025'!J9 -> 24.75 | AK18: =AI18/AJ18 -> 14194 | AL18: ='T5.2025'!O9 -> 40
R19: PSG | T19: ='T5.2025'!F78 -> 30405.6 | U19: ='T5.2025'!G78 -> 172.8 | V19: ='T5.2025'!H78 -> 3666.24 | W19: =SUM(T19:V19) -> 34244.64 | X19: ='T5.2025'!G96 -> 2.3478671 | Y19: =+W19/X19 -> 14585.425 | AI19: =SUM(AF19:AH19) -> 0
R20: M | T20: ='T5.2025'!F88 -> 51896.16 | U20: ='T5.2025'!G88 -> 158.4 | V20: ='T5.2025'!H88 -> 2085.12 | W20: =SUM(T20:V20) -> 54139.68 | X20: ='T5.2025'!G97 -> 3.7119027 | Y20: =+W20/X20 -> 14585.425 | AI20: =SUM(AF20:AH20) -> 0
B21: 2. Dây chuyền số 2: | Q21: T6 | R21: PN | S21: ='T6.2025'!E11 -> 315881 | T21: ='T6.2025'!F11 -> 276753.6 | U21: ='T6.2025'!G11 -> 12424.32 | V21: ='T6.2025'!H11 -> 19418.4 | W21: =SUM(T21:V21) -> 308596.32 | X21: ='T6.2025'!G97 -> 19.6 | Y21: =+W21/X21 -> 15744.71 | Z21: ='T6.2025'!M11 -> 1828.8 | AA21: ='T6.2025'!N11 -> 1290.24 | AB21: ='T6.2025'!O11 -> 19 | AD21: T6 | AE21: ='T6.2025'!E9 -> 297214.29 | AF21: ='T6.2025'!F9 -> 89 | AG21: ='T6.2025'!G9 -> 6 | AH21: ='T6.2025'!H9 -> 5 | AI21: =SUM(AF21:AH21) -> 100 | AJ21: ='T6.2025'!J9 -> 19 | AK21: =AI21/AJ21 -> 5.2631579 | AL21: 40
R22: PSG | W22: =SUM(T22:V22) -> 0 | AI22: =SUM(AF22:AH22) -> 0
B23: Kích thước | D23: Sản Lượng Ép | E23: Sản lượng thu hồi | H23: Tổng (A1+A+B) | I23: Số ngày SX | J23: TB/ngày | K23: A/ép (%) | L23: C | M23: Hủy | N23: T/g dừng 2 ME | R23: M | W23: =SUM(T23:V23) -> 0 | AI23: =SUM(AF23:AH23) -> 0
B24: KH/TH | C24: ĐVT | E24: A1 | F24: A | G24: B | J24: m2 | L24: C/ép | M24: Hủy/ép | N24: Phút/ngày | Q24: T7 | R24: PN | W24: =SUM(T24:V24) -> 0 | AD24: T7 | AI24: =SUM(AF24:AH24) -> 0
B25: KẾ HOẠCH 40*80 | C25: m2 | D25: =AE121 -> 1058326.5 | E25: =AF121 -> 550429.4 | F25: =AG121 -> 49476.8 | G25: =AH121 -> 18553.8 | H25: =AI121 -> 618460 | I25: =AJ121 -> 74.6 | J25: =AK121 -> 8290.3485 | N25: =AL121 -> 40 | R25: PSG | W25: =SUM(T25:V25) -> 0 | AI25: =SUM(AF25:AH25) -> 0
C26: % | E26: 89 | F26: =F25/H25*100 -> 8 | G26: =G25/H25*100 -> 3 | H26: =SUM(E26:G26) -> 100 | K26: 98 | L26: =100-K26 -> 2 | R26: M | W26: =SUM(T26:V26) -> 0 | AI26: =SUM(AF26:AH26) -> 0
B27: THỰC HIỆN 40*80 | C27: m2 | D27: =S121 -> 1085392 | E27: =T121 -> 985953.92 | F27: =U121 -> 184.32 | G27: =V121 -> 76234.88 | H27: =W121 -> 1062373.1 | I27: =X121 -> 74.95 | J27: =Y121 -> 14174.425 | L27: =Z121 -> 5328 | M27: =AA121 -> 7905.6 | N27: =AB121 -> 22 | Q27: T8 | R27: PN | W27: =SUM(T27:V27) -> 0 | AD27: T8 | AI27: =SUM(AF27:AH27) -> 0
C28: % | E28: =+E27/H27*100 -> 92.806746 | F28: =+F27/H27*100 -> 0.017349837 | G28: =+G27/H27*100 -> 7.1759045 | H28: =SUM(E28:G28) -> 100 | K28: =H27/D27*100 -> 97.87921 | L28: =100-K28 -> 2.1207895 | R28: PSG | W28: =SUM(T28:V28) -> 0 | AI28: =SUM(AF28:AH28) -> 0
B29: KẾ HOẠCH 50*50 SUGAR | C29: m2 | D29: =AE75 -> 488254.56 | E29: =AF75 -> 446436.82 | F29: =AG75 -> 17544.308 | G29: =AH75 -> 12822.829 | H29: =AI75 -> 476803.96 | I29: =AJ75 -> 38.15 | J29: =AK75 -> 37314.08 | N29: =AL75 -> 100 | R29: M | W29: =SUM(T29:V29) -> 0 | AI29: =SUM(AF29:AH29) -> 0
C30: % | E30: 92 | F30: 5 | G30: 3 | H30: =SUM(E30:G30) -> 100 | K30: 97.5 | L30: =100-K30 -> 2.5 | Q30: T9 | R30: PN | W30: =SUM(T30:V30) -> 0 | AD30: T9 | AI30: =SUM(AF30:AH30) -> 0
B31: THỰC HIỆN 50*50 SUGAR | C31: m2 | D31: =S75 -> 497019 | E31: =T75 -> 420913.5 | F31: =U75 -> 0 | G31: =V75 -> 5400 | H31: =W75 -> 426313.5 | I31: =X75 -> 33.214597 | J31: =Y75 -> 38486.875 | L31: =Z75 -> 1851 | M31: =AA75 -> 2887 | N31: =AB75 -> 146 | R31: PSG | W31: =SUM(T31:V31) -> 0 | AI31: =SUM(AF31:AH31) -> 0
C32: % | E32: =E31/H31*100 -> 98.733327 | F32: =+F31/H31*100 -> 0 | G32: =+G31/H31*100 -> 1.2666735 | H32: =SUM(E32:G32) -> 100 | K32: =H31/D31*100 -> 85.774085 | L32: =100-K32 -> 14.225915 | R32: M | W32: =SUM(T32:V32) -> 0 | AI32: =SUM(AF32:AH32) -> 0
B33: KẾ HOẠCH 50*50 BÓNG | C33: m2 | D33: =AE76 -> 23338.462 | E33: =AF76 -> 20934.6 | F33: =AG76 -> 1137.75 | G33: =AH76 -> 682.65 | H33: =AI76 -> 22755 | I33: =AJ76 -> 1.85 | J33: =AK76 -> 12300 | N33: 100 | Q33: T10 | R33: PN | W33: =SUM(T33:V33) -> 0 | AD33: T10 | AI33: =SUM(AF33:AH33) -> 0
C34: % | E34: 92 | F34: 5 | G34: 3 | H34: =SUM(E34:G34) -> 100 | K34: 97.5 | L34: =100-K34 -> 2.5 | R34: PSG | W34: =SUM(T34:V34) -> 0 | AI34: =SUM(AF34:AH34) -> 0
B35: THỰC HIỆN 50*50 BÓNG | C35: m2 | D35: =S76 -> 23615 | E35: =T76 -> 79593 | F35: =U76 -> 0 | G35: =V76 -> 8863.5 | H35: =W76 -> 88456.5 | I35: =X76 -> 6.7854032 | J35: =Y76 -> 25817.5 | L35: =Z76 -> 0 | M35: =AA76 -> 0 | N35: =AB76 -> 146 | R35: M | W35: =SUM(T35:V35) -> 0 | AI35: =SUM(AF35:AH35) -> 0
C36: % | E36: =+E35/H35*100 -> 89.979821 | F36: =+F35/H35*100 -> 0 | G36: =+G35/H35*100 -> 10.020179 | H36: =SUM(E36:G36) -> 100 | K36: =H35/D35*100 -> 374.5776 | L36: =100-K36 -> -274.5776 | Q36: T11 | R36: PN | W36: =SUM(T36:V36) -> 0 | AD36: T11 | AI36: =SUM(AF36:AH36) -> 0
B37: KẾ HOẠCH 60*60 BÓNG | C37: m2 | D37: =AE105 -> 117312.82 | E37: =AF105 -> 101798.2 | F37: =AG105 -> 5719 | G37: =AH105 -> 6862.8 | H37: =AI105 -> 114380 | I37: =AJ105 -> 9.5 | J37: =AK105 -> 12040 | N37: 100 | R37: PSG | W37: =SUM(T37:V37) -> 0 | AI37: =SUM(AF37:AH37) -> 0
C38: % | E38: 92 | F38: 5 | G38: 3 | H38: =SUM(E38:G38) -> 100 | K38: 97.5 | L38: =100-K38 -> 2.5 | R38: M | W38: =SUM(T38:V38) -> 0 | AI38: =SUM(AF38:AH38) -> 0
B39: THỰC HIỆN 60*60 BÓNG | C39: m2 | D39: =S105 -> 119675 | E39: =T105 -> 93891.6 | F39: =U105 -> 0 | G39: =V105 -> 5347.08 | H39: =W105 -> 99238.68 | I39: =X105 -> 8.0883283 | J39: =Y105 -> 12269.368 | L39: =Z105 -> 712.8 | M39: =AA105 -> 758.52 | N39: =AB105 -> 230 | Q39: T12 | R39: PN | W39: =SUM(T39:V39) -> 0 | AD39: T12 | AI39: =SUM(AF39:AH39) -> 0
C40: % | E40: =+E39/H39*100 -> 94.611899 | F40: =+F39/H39*100 -> 0 | G40: =+G39/H39*100 -> 5.3881007 | H40: =SUM(E40:G40) -> 100 | K40: =H39/D39*100 -> 82.923484 | L40: =100-K40 -> 17.076516 | R40: PSG | W40: =SUM(T40:V40) -> 0 | AI40: =SUM(AF40:AH40) -> 0
B41: KẾ HOẠCH 60*60 MATT | C41: m2 | D41: =AE83 -> 0 | E41: =AF83 -> 0 | F41: =AG83 -> 0 | G41: =AH83 -> 0 | H41: =AI83 -> 0 | I41: =AJ83 -> 0 | J41: =AK83 -> 0 | N41: 100 | R41: M | W41: =SUM(T41:V41) -> 0 | AI41: =SUM(AF41:AH41) -> 0
C42: % | E42: 89 | F42: 8 | G42: 3 | H42: =SUM(E42:G42) -> 100 | K42: 97.5 | L42: =100-K42 -> 2.5 | Q42: TỔNG: | S42: =SUM(S6:S41) -> 1733166 | T42: =SUM(T6:T41) -> 1562421.6 | U42: =SUM(U6:U41) -> 50064.48 | V42: =SUM(V6:V41) -> 90155.52 | W42: =SUM(W6:W41) -> 1702641.6 | X42: =SUM(X6:X41) -> 111.95001 | Y42: =W42/X42 -> 15208.946 | Z42: =SUM(Z6:Z41) -> 7357.02 | AA42: =SUM(AA6:AA41) -> 7800.8 | AB42: =SUM(AB6:AB41)/5 -> 26 | AD42: TỔNG: | AE42: =SUM(AE6:AE41) -> 1674275.8 | AF42: =SUM(AF6:AF41) -> 1198573.2 | AG42: =SUM(AG6:AG41) -> 80802.69 | AH42: =SUM(AH6:AH41) -> 67335.575 | AI42: =SUM(AI6:AI41) -> 1346711.5 | AJ42: =SUM(AJ6:AJ41) -> 111.75 | AK42: =AI42/AJ42 -> 12051.11 | AL42: 40
B43: THỰC HIỆN 60*60 MATT | C43: m2 | D43: =S106 -> 0 | E43: =T106 -> 16918.2 | F43: =U106 -> 0 | G43: =V106 -> 402.12 | H43: =W106 -> 17320.32 | I43: =X106 -> 1.4116717 | J43: =Y106 -> 12269.368 | L43: =Z106 -> 0 | M43: =AA106 -> 0 | N43: =AB106 -> 0 | Q43: PN: | T43: =T6+T9+T12+T15+T18+T21+T24+T27+T30+T33+T36+T39 -> 1203423.8 | U43: =U6+U9+U12+U15+U18+U21+U24+U27+U30+U33+U36+U39 -> 46261.44 | V43: =V6+V9+V12+V15+V18+V21+V24+V27+V30+V33+V36+V39 -> 66183.84 | W43: =W6+W9+W12+W15+W18+W21+W24+W27+W30+W33+W36+W39 -> 1315869.1 | X43: =X6+X9+X12+X15+X18+X21+X24+X27+X30+X33+X36+X39 -> 86.756006 | Y43: =W43/X43 -> 15167.47 | Z43: =Z6+Z9+Z12+Z15+Z18+Z21+Z24+Z27+Z30+Z33+Z36+Z39 -> 7357.02 | AA43: =AA6+AA9+AA12+AA15+AA18+AA21+AA24+AA27+AA30+AA33+AA36+AA39 -> 7800.8 | AD43: PN: | AH43: =AH6+AH9+AH12+AH15+AH18+AH21+AH24+AH27+AH30+AH33+AH36+AH39 -> 67335.575 | AI43: =AI6+AI9+AI12+AI15+AI18+AI21+AI24+AI27+AI30+AI33+AI36+AI39 -> 1346711.5
C44: % | E44: =+E43/H43*100 -> 97.678334 | F44: =+F43/H43*100 -> 0 | G44: =+G43/H43*100 -> 2.3216661 | H44: =SUM(E44:G44) -> 100 | K44: =H43/D43*100 -> #DIV/0! | L44: =100-K44 -> #DIV/0! | Q44: PSG: | T44: =T7+T10+T13+T16+T19+T22+T25+T28+T31+T34+T37+T40 -> 307101.6 | U44: =U7+U10+U13+U16+U19+U22+U25+U28+U31+U34+U37+U40 -> 3644.64 | V44: =V7+V10+V13+V16+V19+V22+V25+V28+V31+V34+V37+V40 -> 21886.56 | W44: =W7+W10+W13+W16+W19+W22+W25+W28+W31+W34+W37+W40 -> 332632.8 | X44: =X7+X10+X13+X16+X19+X22+X25+X28+X31+X34+X37+X40 -> 21.482097 | Y44: =W44/X44 -> 15484.186 | Z44: =Z7+Z10+Z13+Z16+Z19+Z22+Z25+Z28+Z31+Z34+Z37+Z40 -> 0 | AA44: =AA7+AA10+AA13+AA16+AA19+AA22+AA25+AA28+AA31+AA34+AA37+AA40 -> 0 | AD44: PSG: | AH44: =AH7+AH10+AH13+AH16+AH19+AH22+AH25+AH28+AH31+AH34+AH37+AH40 -> 0 | AI44: =AI7+AI10+AI13+AI16+AI19+AI22+AI25+AI28+AI31+AI34+AI37+AI40 -> 0
B45: TỔNG KẾ HOẠCH DC2 | C45: m2 | D45: =D25+D29+D33+D37+D41 -> 1687232.4 | E45: =E25+E29+E33+E37+E41 -> 1119599 | F45: =F25+F29+F33+F37+F41 -> 73877.858 | G45: =G25+G29+G33+G37+G41 -> 38922.079 | H45: =H25+H29+H33+H37+H41 -> 1232399 | I45: =I25+I29+I33+I37+I41 -> 124.1 | J45: =H45/I45 -> 9930.6927 | N45: 100 | Q45: M: | T45: =T8+T11+T14+T17+T20+T23+T26+T29+T32+T35+T38+T41 -> 51896.16 | U45: =U8+U11+U14+U17+U20+U23+U26+U29+U32+U35+U38+U41 -> 158.4 | V45: =V8+V11+V14+V17+V20+V23+V26+V29+V32+V35+V38+V41 -> 2085.12 | W45: =W8+W11+W14+W17+W20+W23+W26+W29+W32+W35+W38+W41 -> 54139.68 | X45: =X8+X11+X14+X17+X20+X23+X26+X29+X32+X35+X38+X41 -> 3.7119027 | Y45: =W45/X45 -> 14585.425 | Z45: =Z8+Z11+Z14+Z17+Z20+Z23+Z26+Z29+Z32+Z35+Z38+Z41 -> 0 | AA45: =AA8+AA11+AA14+AA17+AA20+AA23+AA26+AA29+AA32+AA35+AA38+AA41 -> 0 | AD45: M: | AH45: =AH8+AH11+AH14+AH17+AH20+AH23+AH26+AH29+AH32+AH35+AH38+AH41 -> 0 | AI45: =AI8+AI11+AI14+AI17+AI20+AI23+AI26+AI29+AI32+AI35+AI38+AI41 -> 0
C46: % | E46: =E45/$H$45*100 -> 90.847125 | F46: =F45/$H$45*100 -> 5.9946382 | G46: =G45/$H$45*100 -> 3.1582369 | H46: =H45/$H$45*100 -> 100 | K46: 97.5 | L46: =100-K46 -> 2.5
B47: TỔNG THỰC HIỆN DC2 | C47: m2 | D47: =D27+D31+D35+D39+D43 -> 1725701 | E47: =E27+E31+E35+E39+E43 -> 1597270.2 | F47: =F27+F31+F35+F39+F43 -> 184.32 | G47: =G27+G31+G35+G39+G43 -> 96247.58 | H47: =H27+H31+H35+H39+H43 -> 1693702.1 | I47: =I27+I31+I35+I39+I43 -> 124.45 | J47: =H47/I47 -> 13609.499 | L47: =L27+L31+L35+L39+L43 -> 7891.8 | M47: =M27+M31+M35+M39+M43 -> 11551.12 | N47: =(N27+N31+N35+N39+N43)/5 -> 108.8 | Q47: 40X60 (TH) | R47: MEN | S47: SL ÉP | T47: A1 | U47: A | V47: B | W47: Tổng A1-A-B | X47: Số ngày SX | Y47: TB/ Ngày | Z47: C | AA47: Huỷ/ ép | AB47: T/g dừng 2 ME | AD47: 40X60 (KH) | AE47: SL ép | AF47: A1 | AG47: A | AH47: B | AI47: Tổng A1-A-B | AJ47: Số ngày SX | AK47: TB/ Ngày | AL47: T/g dừng 2 ME
C48: % | E48: =+E47/H47*100 -> 94.306443 | F48: =+F47/H47*100 -> 0.010882669 | G48: =+G47/H47*100 -> 5.6826746 | H48: =SUM(E48:G48) -> 100 | K48: =H47/D47*100 -> 98.145746 | L48: =100-K48 -> 1.854254 | Q48: T4 | R48: SGSV | W48: =SUM(T48:V48) -> 0 | AD48: T4 | AI48: =SUM(AH48:AH48) -> 0
B49: So sánh TH/KH | C49: m2 | D49: =+D48-D46 -> 0 | E49: =+E48-E46 -> 3.4593178 | F49: =+F48-F46 -> -5.9837555 | G49: =+G48-G46 -> 2.5244377 | H49: =+H48-H46 -> 0 | Q49: T5 | R49: SGSV | W49: =SUM(T49:V49) -> 0 | AD49: T5 | AI49: =SUM(AH49:AH49) -> 0
C50: % | D50: =D47-D45 -> 38468.623 | E50: =E47-E45 -> 477671.2 | F50: =F47-F45 -> -73693.538 | G50: =G47-G45 -> 57325.501 | Q50: TỔNG: | S50: =SUM(S48:S49) -> 0 | T50: =SUM(T48:T49) -> 0 | U50: =SUM(U48:U49) -> 0 | V50: =SUM(V48:V49) -> 0 | W50: =SUM(W48:W49) -> 0 | X50: =SUM(X48:X49) -> 0 | Y50: =SUM(Y48:Y49) -> 0 | AB50: =SUM(AB48:AB49) -> 0 | AH50: =SUM(AH48:AH49) -> 0 | AI50: =SUM(AI48:AI49) -> 0 | AJ50: =SUM(AJ48:AJ49) -> 0 | AK50: =SUM(AK48:AK49) -> 0 | AL50: =SUM(AL48:AL49) -> 0
B52: TỔNG KẾ HOẠCH 2 DC | C52: m2 | D52: =D11+D45 -> 3361508.2 | E52: =E11+E45 -> 2318172.3 | F52: =F11+F45 -> 154680.55 | G52: =G11+G45 -> 106257.65 | H52: =H11+H45 -> 2579110.5 | I52: =I11+I45 -> 235.85 | Q52: 50X50 (TH) | R52: MEN | S52: SL ÉP | T52: A1 | U52: A | V52: B | W52: Tổng A1-A-B | X52: Số ngày SX | Y52: TB/ Ngày | Z52: C | AA52: Huỷ/ ép | AB52: T/g dừng 2 ME | AD52: 50X50 (KH) | AE52: SL ép | AF52: A1 | AG52: A | AH52: B | AI52: Tổng A1-A-B | AJ52: Số ngày SX | AK52: TB/ Ngày | AL52: T/g dừng 2 ME
C53: % | E53: =E52/$H$52*100 -> 89.882628 | F53: =F52/$H$52*100 -> 5.9974379 | G53: =G52/$H$52*100 -> 4.1199342 | H53: =H52/$H$52*100 -> 100 | K53: 97.5 | L53: =100-K53 -> 2.5 | Q53: T1 | R53: SG | S53: ='T1.2025'!E16 -> 92105 | T53: ='T1.2025'!F16 -> 91914 | U53: ='T1.2025'!G16 -> 0 | V53: ='T1.2025'!H16 -> 606 | W53: =SUM(T53:V53) -> 92520 | X53: ='T1.2025'!J14 -> 7.15 | Y53: ='T1.2025'!K16 -> 12940 | AB53: ='T1.2025'!O16 -> 147 | AD53: T1 | AE53: ='T1.2025'!E14 -> 90200 | AF53: ='T1.2025'!F14 -> 80909.4 | AG53: ='T1.2025'!G14 -> 4397.25 | AH53: ='T1.2025'!H14 -> 2638.35 | AI53: ='T1.2025'!I14 -> 87945 | AJ53: ='T1.2025'!J14 -> 7.15 | AK53: ='T1.2025'!K14 -> 12300 | AL53: ='T1.2025'!O14 -> 100
B54: TỔNG THỰC HIỆN 2 DC | C54: m2 | D54: =D13+D47 -> 3458867 | E54: =E13+E47 -> 3159691.8 | F54: =F13+F47 -> 50248.8 | G54: =G13+G47 -> 186403.1 | H54: =H13+H47 -> 3396343.7 | I54: =I13+I47 -> 236.40001 | R54: B | S54: ='T1.2025'!E22 -> 23615 | T54: ='T1.2025'!F22 -> 21199.5 | U54: ='T1.2025'!G22 -> 0 | V54: ='T1.2025'!H22 -> 2161.5 | W54: ='T1.2025'!I22 -> 23361 | X54: ='T1.2025'!J22 -> 1.85 | Y54: ='T1.2025'!K22 -> 12628 | Z54: ='T1.2025'!M22 -> 0 | AA54: ='T1.2025'!N22 -> 0 | AB54: ='T1.2025'!O22 -> 171 | AE54: ='T1.2025'!E20 -> 23338.462 | AF54: ='T1.2025'!F20 -> 20934.6 | AG54: ='T1.2025'!G20 -> 1137.75 | AH54: ='T1.2025'!H20 -> 682.65 | AI54: ='T1.2025'!I20 -> 22755 | AJ54: ='T1.2025'!J20 -> 1.85 | AK54: ='T1.2025'!K20 -> 12300 | AL54: ='T1.2025'!O20 -> 100
C55: % | E55: =E54/$H$54*100 -> 93.032157 | F55: =F54/$H$54*100 -> 1.4794969 | G55: =G54/$H$54*100 -> 5.4883462 | H55: =H54/$H$54*100 -> 100 | K55: =H54/D54*100 -> 98.192377 | L55: {=100-K55:K55} -> 1.8076231 | Q55: T3 | R55: SG | W55: =SUM(T55:V55) -> 0 | AD55: T3 | AI55: =SUM(AH55:AH55) -> 0
R56: B | W56: =SUM(T56:V56) -> 0 | AI56: =SUM(AH56:AH56) -> 0
B57: 3. Tổng thực hiện SX 2 DC năm 2024: | Q57: T4 | R57: SG | S57: ='T4.2025 '!E23 -> 152023 | T57: ='T4.2025 '!F23 -> 145629 | U57: ='T4.2025 '!G23 -> 0 | V57: ='T4.2025 '!H23 -> 2659.5 | W57: =SUM(T57:V57) -> 148288.5 | X57: ='T4.2025 '!J23 -> 12 | Y57: =W57/X57 -> 12357.375 | Z57: ='T4.2025 '!M23 -> 642 | AA57: ='T4.2025 '!N23 -> 1421.75 | AB57: ='T4.2025 '!O23 -> 120 | AD57: T4 | AE57: ='T4.2025 '!E21 -> 151152 | AF57: ='T4.2025 '!F21 -> 139241.22 | AG57: ='T4.2025 '!G21 -> 5925.1584 | AH57: ='T4.2025 '!H21 -> 2962.5792 | AI57: =SUM(AF57:AH57) -> 148128.96 | AJ57: ='T4.2025 '!J21 -> 12 | AK57: =AI57/AJ57 -> 12344.08 | AL57: 100
R58: B | W58: =SUM(T58:V58) -> 0
B59: STT | C59: Kích thước | D59: Sản Lượng Ép | E59: Sản lượng thu hồi | H59: Tổng (A1+A+B) | I59: Số ngày SX | J59: Ghi chú | Q59: T5 | R59: SG | S59: ='T5.2025'!E17 -> 252891 | T59: ='T5.2025'!F120 -> 183370.5 | U59: ='T5.2025'!G120 -> 0 | V59: ='T5.2025'!H120 -> 2134.5 | W59: =SUM(T59:V59) -> 185505 | X59: ='T5.2025'!G188 -> 14.064597 | Y59: =W59/X59 -> 13189.5 | Z59: ='T5.2025'!M17 -> 1209 | AA59: ='T5.2025'!N17 -> 1465.25 | AB59: ='T5.2025'!O17 -> 146 | AD59: T5 | AE59: ='T5.2025'!E15 -> 246902.56 | AF59: ='T5.2025'!F15 -> 226286.2 | AG59: ='T5.2025'!G15 -> 7221.9 | AH59: ='T5.2025'!H15 -> 7221.9 | AI59: =SUM(AF59:AH59) -> 240730 | AJ59: ='T5.2025'!J15 -> 19 | AK59: =AI59/AJ59 -> 12670 | AL59: 100
E60: A1 | F60: A | G60: B | R60: B | T60: ='T5.2025'!F136 -> 58393.5 | U60: ='T5.2025'!G136 -> 0 | V60: ='T5.2025'!H136 -> 6702 | W60: =SUM(T60:V60) -> 65095.5 | X60: ='T5.2025'!G189 -> 4.9354032 | Y60: =W60/X60 -> 13189.5 | AI60: =SUM(AH60:AH60) -> 0
B61: 1 | C61: 30X60 | D61: =D13 -> 1733166 | E61: =E13 -> 1562421.6 | F61: =F13 -> 50064.48 | G61: =G13 -> 90155.52 | H61: =H13 -> 1702641.6 | I61: =I13 -> 111.95001 | J61: Gạch ốp 30x60 sản xuất ở DC1 | Q61: T6 | R61: SG | W61: =SUM(T61:V61) -> 0 | AD61: T6 | AI61: =SUM(AH61:AH61) -> 0
R62: B | W62: =SUM(T62:V62) -> 0 | AI62: =SUM(AH62:AH62) -> 0
Q63: T7 | R63: SG | W63: =SUM(T63:V63) -> 0 | AD63: T7 | AI63: =SUM(AH63:AH63) -> 0
B64: 2 | C64: 40X80 | D64: =D27 -> 1085392 | E64: =E27 -> 985953.92 | F64: =F27 -> 184.32 | G64: =G27 -> 76234.88 | H64: =H27 -> 1062373.1 | I64: =I27 -> 74.95 | J64: Gạch ốp 40x80 sản xuất T3-T4-T5-T6 | R64: B | W64: =SUM(T64:V64) -> 0 | AI64: =SUM(AH64:AH64) -> 0
B65: 4 | C65: 40X60 | J65: Gạch lát 40x60 KHÔNG sản xuất | Q65: T8 | R65: SG | W65: =SUM(T65:V65) -> 0 | AD65: T8 | AI65: =SUM(AH65:AH65) -> 0
B66: 3 | C66: 50X50 | D66: =D35+D31 -> 520634 | E66: =E35+E31 -> 500506.5 | F66: =F35+F31 -> 0 | G66: =G35+G31 -> 14263.5 | H66: =H35+H31 -> 514770 | I66: =I35+I31 -> 40 | J66: Gạch lát 50x50 sản xuất T1-T4-T5 | R66: B | W66: =SUM(T66:V66) -> 0 | AI66: =SUM(AH66:AH66) -> 0
B67: 4 | C67: 60X60 | D67: =D39+D43 -> 119675 | E67: =E39+E43 -> 110809.8 | F67: =F39+F43 -> 0 | G67: =G39+G43 -> 5749.2 | H67: =H39+H43 -> 116559 | I67: =I39+I43 -> 9.5 | J67: Gạch lát 60x60 sản xuất T5 | Q67: T9 | R67: SG | W67: =SUM(T67:V67) -> 0 | AD67: T9 | AI67: =SUM(AH67:AH67) -> 0
B68: TỔNG SL 2 DC (M2) | D68: =D54 -> 3458867 | E68: =E54 -> 3159691.8 | F68: =F54 -> 50248.8 | G68: =G54 -> 186403.1 | H68: =H54 -> 3396343.7 | I68: =SUM(I61:I67) -> 236.40001 | R68: B | W68: =SUM(T68:V68) -> 0 | AI68: =SUM(AH68:AH68) -> 0
Q69: T10 | R69: SG | W69: =SUM(T69:V69) -> 0 | AD69: T10 | AI69: =SUM(AH69:AH69) -> 0
R70: B | W70: =SUM(T70:V70) -> 0 | AI70: =SUM(AH70:AH70) -> 0
Q71: T11 | R71: SG | W71: =SUM(T71:V71) -> 0 | AD71: T11 | AI71: =SUM(AH71:AH71) -> 0
R72: B | W72: =SUM(T72:V72) -> 0 | AI72: =SUM(AH72:AH72) -> 0
Q73: T12 | R73: SG | W73: =SUM(T73:V73) -> 0 | AD73: T12 | AI73: =SUM(AH73:AH73) -> 0
R74: B | W74: =SUM(T74:V74) -> 0 | AI74: =SUM(AH74:AH74) -> 0
Q75: TỔNG SG: | S75: =S53+S55+S57+S59+S61+S63+S65+S67+S69+S71+S73 -> 497019 | T75: =T53+T55+T57+T59+T61+T63+T65+T67+T69+T71+T73 -> 420913.5 | U75: =U53+U55+U57+U59+U61+U63+U65+U67+U69+U71+U73 -> 0 | V75: =V53+V55+V57+V59+V61+V63+V65+V67+V69+V71+V73 -> 5400 | W75: =W53+W55+W57+W59+W61+W63+W65+W67+W69+W71+W73 -> 426313.5 | X75: =X53+X55+X57+X59+X61+X63+X65+X67+X69+X71+X73 -> 33.214597 | Y75: =Y53+Y55+Y57+Y59+Y61+Y63+Y65+Y67+Y69+Y71+Y73 -> 38486.875 | Z75: =Z53+Z55+Z57+Z59+Z61+Z63+Z65+Z67+Z69+Z71+Z73 -> 1851 | AA75: =AA53+AA55+AA57+AA59+AA61+AA63+AA65+AA67+AA69+AA71+AA73 -> 2887 | AB75: =(AB53+AB54+AB57+AB59)/4 -> 146 | AD75: TỔNG SG: | AE75: =AE53+AE55+AE57+AE59+AE61+AE63+AE65+AE67+AE69+AE71+AE73 -> 488254.56 | AF75: =AF53+AF55+AF57+AF59+AF61+AF63+AF65+AF67+AF69+AF71+AF73 -> 446436.82 | AG75: =AG53+AG55+AG57+AG59+AG61+AG63+AG65+AG67+AG69+AG71+AG73 -> 17544.308 | AH75: =AH53+AH55+AH57+AH59+AH61+AH63+AH65+AH67+AH69+AH71+AH73 -> 12822.829 | AI75: =AI53+AI55+AI57+AI59+AI61+AI63+AI65+AI67+AI69+AI71+AI73 -> 476803.96 | AJ75: =AJ53+AJ55+AJ57+AJ59+AJ61+AJ63+AJ65+AJ67+AJ69+AJ71+AJ73 -> 38.15 | AK75: =AK53+AK55+AK57+AK59+AK61+AK63+AK65+AK67+AK69+AK71+AK73 -> 37314.08 | AL75: 100
Q76: TỔNG B: | S76: =S54+S56+S58+S60+S62+S64+S66+S68+S70+S72+S74 -> 23615 | T76: =T54+T56+T58+T60+T62+T64+T66+T68+T70+T72+T74 -> 79593 | U76: =U54+U56+U58+U60+U62+U64+U66+U68+U70+U72+U74 -> 0 | V76: =V54+V56+V58+V60+V62+V64+V66+V68+V70+V72+V74 -> 8863.5 | W76: =W54+W56+W58+W60+W62+W64+W66+W68+W70+W72+W74 -> 88456.5 | X76: =X54+X56+X58+X60+X62+X64+X66+X68+X70+X72+X74 -> 6.7854032 | Y76: =Y54+Y56+Y58+Y60+Y62+Y64+Y66+Y68+Y70+Y72+Y74 -> 25817.5 | Z76: =Z54+Z56+Z58+Z60+Z62+Z64+Z66+Z68+Z70+Z72+Z74 -> 0 | AA76: =AA54+AA56+AA58+AA60+AA62+AA64+AA66+AA68+AA70+AA72+AA74 -> 0 | AB76: =AB75 -> 146 | AD76: TỔNG B: | AE76: =AE54+AE56+AE58+AE60+AE62+AE64+AE66+AE68+AE70+AE72+AE74 -> 23338.462 | AF76: =AF54+AF56+AF58+AF60+AF62+AF64+AF66+AF68+AF70+AF72+AF74 -> 20934.6 | AG76: =AG54+AG56+AG58+AG60+AG62+AG64+AG66+AG68+AG70+AG72+AG74 -> 1137.75 | AH76: =AH54+AH56+AH58+AH60+AH62+AH64+AH66+AH68+AH70+AH72+AH74 -> 682.65 | AI76: =AI54+AI56+AI58+AI60+AI62+AI64+AI66+AI68+AI70+AI72+AI74 -> 22755 | AJ76: =AJ54+AJ56+AJ58+AJ60+AJ62+AJ64+AJ66+AJ68+AJ70+AJ72+AJ74 -> 1.85 | AK76: =AK54+AK56+AK58+AK60+AK62+AK64+AK66+AK68+AK70+AK72+AK74 -> 12300 | AL76: 100
Q77: TỔNG: | S77: =SUM(S75:S76) -> 520634 | T77: =SUM(T75:T76) -> 500506.5 | U77: =SUM(U75:U76) -> 0 | V77: =SUM(V75:V76) -> 14263.5 | W77: =SUM(W75:W76) -> 514770 | X77: =SUM(X75:X76) -> 40 | Y77: =SUM(Y75:Y76) -> 64304.375 | Z77: =SUM(Z75:Z76) -> 1851 | AA77: =SUM(AA75:AA76) -> 2887 | AB77: =AB75 -> 146 | AD77: TỔNG: | AE77: =SUM(AE75:AE76) -> 511593.03 | AF77: =SUM(AF75:AF76) -> 467371.42 | AG77: =SUM(AG75:AG76) -> 18682.058 | AH77: =SUM(AH75:AH76) -> 13505.479 | AI77: =SUM(AI75:AI76) -> 499558.96 | AJ77: =SUM(AJ75:AJ76) -> 40 | AK77: =SUM(AK75:AK76) -> 49614.08 | AL77: 100
B78: II. Sản lượng theo các thương hiệu năm 2024:
B79: 1. Kế hoạch - kết quả thực hiện sản phẩm 30x60 các thương hiệu của dây chuyền số 1 :
B81: Thương hiệu | D81: ĐVT | E81: Thực Hiện | I81: Tỷ lệ | J81: Ghi chú | Q81: 60X60 (TH) | R81: MEN | S81: SL ÉP | T81: A1 | U81: A | V81: B | W81: Tổng A1-A-B | X81: Số ngày SX | Y81: TB/ Ngày | Z81: C | AA81: Huỷ/ ép | AB81: T/g dừng 2 ME | AD81: 60X60 (KH) | AE81: SL ép | AF81: A1 | AG81: A | AH81: B | AI81: Tổng A1-A-B | AJ81: Số ngày SX | AK81: TB/ Ngày | AL81: T/g dừng 2 ME
E82: A1 | F82: A | G82: B | H82: Tổng A1+A+B | I82: % | Q82: T1 | R82: B | AD82: T1
B83: Luxury | D83: m2 | E83: ='TH Thương hiệu DC1'!Y7 -> 111178.56 | F83: ='TH Thương hiệu DC1'!Y8 -> 3644.64 | G83: ='TH Thương hiệu DC1'!Y9 -> 18577.44 | H83: =SUM(E83:G83) -> 133400.64 | J83: Sản lượng men Panson | R83: M
D84: % | E84: =E83/$H$83*100 -> 83.341849 | F84: =F83/$H$83*100 -> 2.7321008 | G84: =G83/$H$83*100 -> 13.92605 | H84: =SUM(E84:G84) -> 100 | I84: =H83/$H$119*100 -> 7.8349273 | Q84: T3 | R84: B | W84: =SUM(T84:V84) -> 0 | AD84: T3 | AI84: =SUM(AH84:AH84) -> 0
B85: Green Era | D85: m2 | E85: ='TH Thương hiệu DC1'!Y10 -> 0 | F85: ='TH Thương hiệu DC1'!Y11 -> 0 | G85: ='TH Thương hiệu DC1'!Y12 -> 0 | H85: =SUM(E85:G85) -> 0 | R85: M | W85: =SUM(T85:V85) -> 0 | AI85: =SUM(AH85:AH85) -> 0
D86: % | E86: =E85/$H$85*100 -> #DIV/0! | F86: =F85/$H$85*100 -> #DIV/0! | G86: =G85/$H$85*100 -> #DIV/0! | H86: =SUM(E86:G86) -> #DIV/0! | I86: =H85/$H$119*100 -> 0 | Q86: T4 | R86: B | W86: =SUM(T86:V86) -> 0 | AD86: T4 | AI86: =SUM(AH86:AH86) -> 0
B87: Lustile | D87: m2 | E87: ='TH Thương hiệu DC1'!Y13 -> 164010.24 | F87: ='TH Thương hiệu DC1'!Y14 -> 0 | G87: ='TH Thương hiệu DC1'!Y15 -> 0 | H87: =SUM(E87:G87) -> 164010.24 | R87: M | W87: =SUM(T87:V87) -> 0 | AI87: =SUM(AH87:AH87) -> 0
D88: % | E88: =E87/$H$87*100 -> 100 | F88: =F87/$H$87*100 -> 0 | G88: =G87/$H$87*100 -> 0 | H88: =H87/$H$87*100 -> 100 | I88: =H87/$H$119*100 -> 9.6326997 | Q88: T5 | R88: B | S88: ='T5.2025'!E23 -> 119675 | T88: ='T5.2025'!F152 -> 93891.6 | U88: ='T5.2025'!G152 -> 0 | V88: ='T5.2025'!H152 -> 5347.08 | W88: =SUM(T88:V88) -> 99238.68 | X88: ='T5.2025'!G190 -> 8.0883283 | Y88: =W88/X88 -> 12269.368 | Z88: ='T5.2025'!M23 -> 712.8 | AA88: ='T5.2025'!N23 -> 758.52 | AB88: ='T5.2025'!O23 -> 230 | AD88: T5 | AE88: ='T5.2025'!E21 -> 117312.82 | AF88: ='T5.2025'!F21 -> 101798.2 | AG88: ='T5.2025'!G21 -> 5719 | AH88: ='T5.2025'!H21 -> 6862.8 | AI88: =SUM(AF88:AH88) -> 114380 | AJ88: ='T5.2025'!J21 -> 9.5 | AK88: =AI88/AJ88 -> 12040 | AL88: ='T5.2025'!O21 -> 100
B89: Sahado | D89: m2 | E89: ='TH Thương hiệu DC1'!Y16 -> 26395.2 | F89: ='TH Thương hiệu DC1'!Y17 -> 0 | G89: ='TH Thương hiệu DC1'!Y18 -> 2674.08 | H89: =SUM(E89:G89) -> 29069.28 | R89: M | T89: ='T5.2025'!F168 -> 16918.2 | U89: ='T5.2025'!G168 -> 0 | V89: ='T5.2025'!H168 -> 402.12 | W89: =SUM(T89:V89) -> 17320.32 | X89: ='T5.2025'!G191 -> 1.4116717 | Y89: =W89/X89 -> 12269.368 | AI89: =SUM(AH89:AH89) -> 0
D90: % | E90: =E89/$H$89*100 -> 90.801011 | F90: =F89/$H$89*100 -> 0 | G90: =G89/$H$89*100 -> 9.1989894 | H90: =SUM(E90:G90) -> 100 | I90: =H89/$H$119*100 -> 1.7073059 | Q90: T6 | R90: B | AD90: T6
B91: Havira | D91: m2 | E91: ='TH Thương hiệu DC1'!Y19 -> 5518.4 | F91: ='TH Thương hiệu DC1'!Y20 -> 0 | G91: ='TH Thương hiệu DC1'!Y21 -> 634.84 | H91: =SUM(E91:G91) -> 6153.24 | R91: M | AI91: =SUM(AH91:AH91) -> 0
D92: % | E92: =E91/$H$91*100 -> 89.682834 | F92: =F91/$H$91*100 -> 0 | G92: =G91/$H$91*100 -> 10.317166 | H92: =SUM(E92:G92) -> 100 | I92: =H91/$H$119*100 -> 0.36139398 | Q92: T7 | R92: B | W92: =SUM(T92:V92) -> 0 | AD92: T7 | AI92: =SUM(AH92:AH92) -> 0
B93: Grandcera chung | D93: m2 | E93: ='TH Thương hiệu DC1'!Y25 -> 774043.2 | F93: ='TH Thương hiệu DC1'!Y26 -> 36695.36 | G93: ='TH Thương hiệu DC1'!Y27 -> 41104.6 | H93: =SUM(E93:G93) -> 851843.16 | J93: Sản lượng men Phương Nam | R93: M | W93: =SUM(T93:V93) -> 0 | AI93: =SUM(AH93:AH93) -> 0
D94: % | E94: =E93/$H$93*100 -> 90.866868 | F94: =F93/$H$93*100 -> 4.3077601 | G94: =G93/$H$93*100 -> 4.8253718 | H94: =SUM(E94:G94) -> 100 | I94: =H93/$H$119*100 -> 50.030713 | Q94: T8 | R94: B | W94: =SUM(T94:V94) -> 0 | AD94: T8 | AI94: =SUM(AH94:AH94) -> 0
B95: Grandcera độc quyền | D95: m2 | E95: ='TH Thương hiệu DC1'!Y28 -> 0 | F95: ='TH Thương hiệu DC1'!Y29 -> 0 | G95: ='TH Thương hiệu DC1'!Y30 -> 0 | H95: =SUM(E95:G95) -> 0 | R95: M | W95: =SUM(T95:V95) -> 0 | AI95: =SUM(AH95:AH95) -> 0
D96: % | E96: =E95/$H$95*100 -> #DIV/0! | F96: =F95/$H$95*100 -> #DIV/0! | G96: =G95/$H$95*100 -> #DIV/0! | H96: =SUM(E96:G96) -> #DIV/0! | I96: =H95/$H$119*100 -> 0 | Q96: T9 | R96: B | W96: =SUM(T96:V96) -> 0 | AD96: T9 | AI96: =SUM(AH96:AH96) -> 0
B97: Crown | D97: m2 | E97: ='TH Thương hiệu DC1'!Y31 -> 83359.76 | F97: ='TH Thương hiệu DC1'!Y32 -> 0 | G97: ='TH Thương hiệu DC1'!Y33 -> 6028.12 | H97: =SUM(E97:G97) -> 89387.88 | R97: M | W97: =SUM(T97:V97) -> 0 | AI97: =SUM(AH97:AH97) -> 0
D98: % | E98: =E97/$H$97*100 -> 93.256222 | F98: =F97/$H$97*100 -> 0 | G98: =G97/$H$97*100 -> 6.7437778 | H98: =SUM(E98:G98) -> 100 | I98: =H97/$H$119*100 -> 5.2499564 | Q98: T10 | R98: B | W98: =SUM(T98:V98) -> 0 | AD98: T10 | AI98: =SUM(AH98:AH98) -> 0
B99: Esspana | D99: m2 | E99: ='TH Thương hiệu DC1'!Y34 -> 32997.36 | F99: ='TH Thương hiệu DC1'!Y35 -> 0 | G99: ='TH Thương hiệu DC1'!Y36 -> 3757.08 | H99: =SUM(E99:G99) -> 36754.44 | R99: M | W99: =SUM(T99:V99) -> 0 | AI99: =SUM(AH99:AH99) -> 0
D100: % | E100: =E99/H99*100 -> 89.777888 | F100: =F99/$H$97*100 -> 0 | G100: =G99/H99*100 -> 10.222112 | H100: =SUM(E100:G100) -> 100 | I100: =H99/$H$119*100 -> 2.158673 | Q100: T11 | R100: B | W100: =SUM(T100:V100) -> 0 | AD100: T11 | AI100: =SUM(AH100:AH100) -> 0
B101: Green Era | D101: m2 | E101: ='TH Thương hiệu DC1'!Y37 -> 49259.12 | F101: ='TH Thương hiệu DC1'!Y38 -> 1691.56 | G101: ='TH Thương hiệu DC1'!Y39 -> 2500.8 | H101: =SUM(E101:G101) -> 53451.48 | R101: M | W101: =SUM(T101:V101) -> 0 | AI101: =SUM(AH101:AH101) -> 0
D102: % | E102: =E101/$H$101*100 -> 92.1567 | F102: =F101/$H$101*100 -> 3.1646645 | G102: =G101/$H$101*100 -> 4.6786357 | H102: =SUM(E102:G102) -> 100 | I102: =H101/$H$119*100 -> 3.1393287 | Q102: T12 | R102: B | W102: =SUM(T102:V102) -> 0 | AD102: T12 | AI102: =SUM(AH102:AH102) -> 0
B103: Sahado | D103: m2 | E103: ='TH Thương hiệu DC1'!Y40 -> 31897.44 | F103: ='TH Thương hiệu DC1'!Y41 -> 0 | G103: ='TH Thương hiệu DC1'!Y42 -> 2551.6 | H103: =SUM(E103:G103) -> 34449.04 | R103: M | W103: =SUM(T103:V103) -> 0 | AI103: =SUM(AH103:AH103) -> 0
...

Sheet TH SX 6 tháng đầu năm 2025
B1: CÔNG TY CỔ PHẦN GẠCH MEN PHƯƠNG NAM
B2: Địa chỉ: Cụm CN VLXD Tân An, X. Tân An, H. Vĩnh Cửu, T. Đồng Nai
B3: Điện thoại: 0251 3684039 *** Email: gachmenphuongnam@gmail.com | R3: NHẬP SỐ LIỆU THEO THÁNG | AD3: NHẬP SỐ LIỆU THEO THÁNG
B5: BÁO CÁO KẾT QUẢ SẢN XUẤT 2 DÂY CHUYỀN 06 THÁNG ĐẦU NĂM 2025 | Q5: 30X60 (TH) | R5: MEN | S5: SL ÉP | T5: A1 | U5: A | V5: B | W5: Tổng A1-A-B | X5: Số ngày SX | Y5: TB/ Ngày | Z5: C | AA5: Huỷ/ ép | AB5: T/g dừng 2 ME | AD5: 30X60 (KH) | AE5: SL ép | AF5: A1 | AG5: A | AH5: B | AI5: Tổng A1-A-B | AJ5: Số ngày SX | AK5: TB/ Ngày | AL5: T/g dừng 2 ME
B6: I. Kết quả sản lượng - Chất lượng - thu hồi Tổng A1+A+B : | Q6: T1 | R6: PN | S6: ='T1.2025'!E10 -> 0 | T6: ='T1.2025'!F61 -> 0 | U6: ='T1.2025'!G61 -> 0 | V6: ='T1.2025'!H61 -> 0 | W6: =SUM(T6:V6) -> 0 | X6: ='T1.2025'!J10 -> 0 | Z6: ='T1.2025'!M10 -> 0 | AA6: ='T1.2025'!N10 -> 0 | AB6: ='T1.2025'!O10 -> 0 | AD6: T1 | AE6: ='T1.2025'!E8 -> 0 | AF6: ='T1.2025'!F8 -> 0 | AG6: ='T1.2025'!G8 -> 0 | AH6: ='T1.2025'!H8 -> 0 | AI6: =SUM(AF6:AH6) -> 0 | AJ6: ='T1.2025'!J8 -> 0 | AK6: ='T1.2025'!K8 -> 0 | AL6: ='T1.2025'!O8 -> 0
B7: 1. Dây chuyền số 1 | R7: PSG | T7: ='T1.2025'!F51 -> 0 | U7: ='T1.2025'!G51 -> 0 | V7: ='T1.2025'!H51 -> 0 | W7: =SUM(T7:V7) -> 0
R8: M | T8: ='T1.2025'!F71 -> 0 | U8: ='T1.2025'!G71 -> 0 | V8: ='T1.2025'!H71 -> 0 | W8: =SUM(T8:V8) -> 0
B9: Kích thước | D9: Sản Lượng ép | E9: Sản lượng thu hồi | H9: Tổng (A1+A+B) | I9: Số ngày SX | J9: TB/ngày | K9: A/ép (%) | L9: C | M9: Huỷ | N9: T/g dừng 2 ME | Q9: T2 | R9: PN | S9: ='T2.2025 '!E11 -> 107045 | T9: ='T2.2025 '!F57 -> 91149.12 | U9: ='T2.2025 '!G57 -> 5847.84 | V9: ='T2.2025 '!H57 -> 5804.64 | W9: ='T2.2025 '!I57 -> 102801.6 | X9: ='T2.2025 '!J11 -> 6.6 | Y9: ='T2.2025 '!K11 -> 15576 | Z9: ='T2.2025 '!M11 -> 649.44 | AA9: ='T2.2025 '!N11 -> 1362.1 | AB9: ='T2.2025 '!O11 -> 36 | AD9: T2 | AE9: ='T2.2025 '!E9 -> 94338.462 | AF9: ='T2.2025 '!F9 -> 81862.2 | AG9: ='T2.2025 '!G9 -> 5518.8 | AH9: ='T2.2025 '!H9 -> 4599 | AI9: =SUM(AF9:AH9) -> 91980 | AJ9: ='T2.2025 '!J9 -> 7 | AK9: =AI9/AJ9 -> 13140 | AL9: ='T2.2025 '!O9 -> 40
B10: KH/TH | C10: ĐVT | E10: A1 | F10: A | G10: B | J10: m2 | L10: C/ép | M10: Huỷ/ép | N10: Phút/ ngày | R10: PSG | W10: =SUM(T10:V10) -> 0 | AI10: =SUM(AF10:AH10) -> 0
B11: KẾ HOẠCH 30x60 | C11: m2 | D11: =AE46 -> 1674275.8 | E11: =AF46 -> 1198573.2 | F11: =AG46 -> 80802.69 | G11: =AH46 -> 67335.575 | H11: =AI46 -> 1346711.5 | I11: =AJ46 -> 111.75 | J11: =AK46 -> 12051.11 | N11: =AL46 -> 40 | R11: M | W11: =SUM(T11:V11) -> 0 | AI11: =SUM(AF11:AH11) -> 0
C12: % | E12: 89 | F12: 6 | G12: 5 | H12: 100 | K12: 97.5 | L12: =100-K12 -> 2.5 | Q12: T3 | R12: PN | S12: ='T3.2025 '!E10 -> 496651 | T12: ='T3.2025 '!F53 -> 222084 | U12: ='T3.2025 '!G53 -> 7130.88 | V12: ='T3.2025 '!H53 -> 9993.6 | W12: =SUM(T12:V12) -> 239208.48 | X12: ='T3.2025 '!G80 -> 15.159073 | Y12: =+W12/X12 -> 15779.888 | Z12: ='T3.2025 '!M10 -> 1677.66 | AA12: ='T3.2025 '!N10 -> 2278.54 | AB12: ='T3.2025 '!O10 -> 25 | AD12: T3 | AE12: ='T3.2025 '!E8 -> 487415.38 | AF12: ='T3.2025 '!F8 -> 422954.7 | AG12: ='T3.2025 '!G8 -> 28513.8 | AH12: ='T3.2025 '!H8 -> 23761.5 | AI12: =SUM(AF12:AH12) -> 475230 | AJ12: ='T3.2025 '!J8 -> 31 | AK12: =AI12/AJ12 -> 15330 | AL12: ='T3.2025 '!O9 -> 40
B13: THỰC HIỆN 30x60 | C13: m2 | D13: =S46 -> 1733166 | E13: =T46 -> 1562421.6 | F13: =U46 -> 50064.48 | G13: =V46 -> 90155.52 | H13: =W46 -> 1702641.6 | I13: =X46 -> 111.95001 | J13: =Y46 -> 15208.946 | L13: =Z46 -> 7357.02 | M13: =AA46 -> 7800.8 | N13: =AB46 -> 26 | R13: PSG | T13: ='T3.2025 '!F63 -> 231760.8 | U13: ='T3.2025 '!G63 -> 2617.92 | V13: ='T3.2025 '!H63 -> 15589.44 | W13: =SUM(T13:V13) -> 249968.16 | X13: ='T3.2025 '!G81 -> 15.840933 | Y13: =+W13/X13 -> 15779.888 | AI13: =SUM(AF13:AH13) -> 0
C14: % | E14: =E13/H13*100 -> 91.764562 | F14: =F13/H13*100 -> 2.9404004 | G14: =G13/H13*100 -> 5.295038 | H14: =SUM(E14:G14) -> 100 | K14: =H13/D13*100 -> 98.238807 | L14: =100-K14 -> 1.7611931 | R14: M | W14: =SUM(T14:V14) -> 0 | AI14: =SUM(AF14:AH14) -> 0
B15: So sánh TH/KH | C15: m2 | D15: =+D13-D11 -> 58890.215 | E15: =+E13-E11 -> 363848.36 | F15: =+F13-F11 -> -30738.21 | G15: =+G13-G11 -> 22819.945 | H15: =+H13-H11 -> 355930.1 | N15: =N11-N13 -> 14 | Q15: T4 | R15: PN | S15: ='T4.2025 '!E11 -> 446786 | T15: ='T4.2025 '!F62 -> 363058.56 | U15: ='T4.2025 '!G62 -> 11676.96 | V15: ='T4.2025 '!H62 -> 17922.24 | W15: =SUM(T15:V15) -> 392657.76 | X15: ='T4.2025 '!G89 -> 26.706703 | Y15: =+W15/X15 -> 14702.592 | Z15: ='T4.2025 '!M11 -> 1512 | AA15: ='T4.2025 '!N11 -> 1572.48 | AB15: ='T4.2025 '!O11 -> 24 | AD15: T4 | AE15: ='T4.2025 '!E9 -> 436836.73 | AF15: ='T4.2025 '!F9 -> 381009 | AG15: ='T4.2025 '!G9 -> 25686 | AH15: ='T4.2025 '!H9 -> 21405 | AI15: =SUM(AF15:AH15) -> 428100 | AJ15: ='T4.2025 '!J9 -> 30 | AK15: =AI15/AJ15 -> 14270 | AL15: 40
C16: % | D16: =+D14-D12 -> 0 | E16: =+E14-E12 -> 2.7645616 | F16: =+F14-F12 -> -3.0595996 | G16: =+G14-G12 -> 0.29503802 | R16: PSG | T16: ='T4.2025 '!F72 -> 44935.2 | U16: ='T4.2025 '!G72 -> 853.92 | V16: ='T4.2025 '!H72 -> 2630.88 | W16: =SUM(T16:V16) -> 48420 | X16: ='T4.2025 '!G90 -> 3.2932969 | Y16: =+W16/X16 -> 14702.592 | AI16: =SUM(AF16:AH16) -> 0
R17: M | W17: =SUM(T17:V17) -> 0 | AI17: =SUM(AF17:AH17) -> 0
Q18: T5 | R18: PN | S18: ='T5.2025'!E11 -> 366803 | T18: ='T5.2025'!F68 -> 250378.56 | U18: ='T5.2025'!G68 -> 9181.44 | V18: ='T5.2025'!H68 -> 13044.96 | W18: =SUM(T18:V18) -> 272604.96 | X18: ='T5.2025'!G95 -> 18.69023 | Y18: =+W18/X18 -> 14585.425 | Z18: ='T5.2025'!M11 -> 1689.12 | AA18: ='T5.2025'!N11 -> 1297.44 | AB18: ='T5.2025'!O11 -> 26 | AD18: T5 | AE18: ='T5.2025'!E9 -> 358470.92 | AF18: ='T5.2025'!F9 -> 312658.34 | AG18: ='T5.2025'!G9 -> 21078.09 | AH18: ='T5.2025'!H9 -> 17565.075 | AI18: =SUM(AF18:AH18) -> 351301.5 | AJ18: ='T5.2025'!J9 -> 24.75 | AK18: =AI18/AJ18 -> 14194 | AL18: ='T5.2025'!O9 -> 40
R19: PSG | T19: ='T5.2025'!F78 -> 30405.6 | U19: ='T5.2025'!G78 -> 172.8 | V19: ='T5.2025'!H78 -> 3666.24 | W19: =SUM(T19:V19) -> 34244.64 | X19: ='T5.2025'!G96 -> 2.3478671 | Y19: =+W19/X19 -> 14585.425 | AI19: =SUM(AF19:AH19) -> 0
R20: M | T20: ='T5.2025'!F88 -> 51896.16 | U20: ='T5.2025'!G88 -> 158.4 | V20: ='T5.2025'!H88 -> 2085.12 | W20: =SUM(T20:V20) -> 54139.68 | X20: ='T5.2025'!G97 -> 3.7119027 | Y20: =+W20/X20 -> 14585.425 | AI20: =SUM(AF20:AH20) -> 0
B21: 2. Dây chuyền số 2: | Q21: T6 | R21: PN | S21: ='T6.2025'!E11 -> 315881 | T21: ='T6.2025'!F11 -> 276753.6 | U21: ='T6.2025'!G11 -> 12424.32 | V21: ='T6.2025'!H11 -> 19418.4 | W21: =SUM(T21:V21) -> 308596.32 | X21: ='T6.2025'!G97 -> 19.6 | Y21: =+W21/X21 -> 15744.71 | Z21: ='T6.2025'!M11 -> 1828.8 | AA21: ='T6.2025'!N11 -> 1290.24 | AB21: ='T6.2025'!O11 -> 19 | AD21: T6 | AE21: ='T6.2025'!E9 -> 297214.29 | AF21: ='T6.2025'!F9 -> 89 | AG21: ='T6.2025'!G9 -> 6 | AH21: ='T6.2025'!H9 -> 5 | AI21: =SUM(AF21:AH21) -> 100 | AJ21: ='T6.2025'!J9 -> 19 | AK21: =AI21/AJ21 -> 5.2631579 | AL21: 40
R22: PSG | W22: =SUM(T22:V22) -> 0 | AI22: =SUM(AF22:AH22) -> 0
B23: Kích thước | D23: Sản Lượng Ép | E23: Sản lượng thu hồi | H23: Tổng (A1+A+B) | I23: Số ngày SX | J23: TB/ngày | K23: A/ép (%) | L23: C | M23: Hủy | N23: T/g dừng 2 ME | R23: M | W23: =SUM(T23:V23) -> 0 | AI23: =SUM(AF23:AH23) -> 0
B24: KH/TH | C24: ĐVT | E24: A1 | F24: A | G24: B | J24: m2 | L24: C/ép | M24: Hủy/ép | N24: Phút/ ngày | Q24: T7 | R24: PN | W24: =SUM(T24:V24) -> 0 | AD24: T7 | AI24: =SUM(AF24:AH24) -> 0
B25: KẾ HOẠCH 40*80 | C25: m2 | D25: =AE137 -> 1058326.5 | E25: =AF137 -> 550429.4 | F25: =AG137 -> 49476.8 | G25: =AH137 -> 18553.8 | H25: =AI137 -> 618460 | I25: =AJ137 -> 74.6 | J25: =AK137 -> 8290.3485 | N25: =AL137 -> 40 | R25: PSG | W25: =SUM(T25:V25) -> 0 | AI25: =SUM(AF25:AH25) -> 0
C26: % | E26: 89 | F26: =F25/H25*100 -> 8 | G26: =G25/H25*100 -> 3 | H26: =SUM(E26:G26) -> 100 | K26: 97.5 | L26: =100-K26 -> 2.5 | R26: M | W26: =SUM(T26:V26) -> 0 | AI26: =SUM(AF26:AH26) -> 0
B27: THỰC HIỆN 40*80 | C27: m2 | D27: =S137 -> 1085392 | E27: =T137 -> 985953.92 | F27: =U137 -> 184.32 | G27: =V137 -> 76234.88 | H27: =W137 -> 1062373.1 | I27: =X137 -> 74.95 | J27: =Y137 -> 14174.425 | L27: =Z137 -> 5328 | M27: =AA137 -> 7905.6 | N27: =AB137 -> 22 | Q27: T8 | R27: PN | W27: =SUM(T27:V27) -> 0 | AD27: T8 | AI27: =SUM(AF27:AH27) -> 0
C28: % | E28: =+E27/H27*100 -> 92.806746 | F28: =+F27/H27*100 -> 0.017349837 | G28: =+G27/H27*100 -> 7.1759045 | H28: =SUM(E28:G28) -> 100 | K28: =H27/D27*100 -> 97.87921 | L28: =100-K28 -> 2.1207895 | R28: PSG | W28: =SUM(T28:V28) -> 0 | AI28: =SUM(AF28:AH28) -> 0
B29: KẾ HOẠCH 50*50 SUGAR | C29: m2 | D29: =AE91 -> 488254.56 | E29: =AF91 -> 446436.82 | F29: =AG91 -> 17544.308 | G29: =AH91 -> 12822.829 | H29: =AI91 -> 476803.96 | I29: =AJ91 -> 38.15 | J29: =AK91 -> 12500.138 | N29: =AL91 -> 100 | R29: M | W29: =SUM(T29:V29) -> 0 | AI29: =SUM(AF29:AH29) -> 0
C30: % | E30: 92 | F30: 5 | G30: 3 | H30: =SUM(E30:G30) -> 100 | K30: 97.5 | L30: =100-K30 -> 2.5 | Q30: T9 | R30: PN | W30: =SUM(T30:V30) -> 0 | AD30: T9 | AI30: =SUM(AF30:AH30) -> 0
B31: THỰC HIỆN 50*50 SUGAR | C31: m2 | D31: =S91 -> 497019 | E31: =T91 -> 420913.5 | F31: =U91 -> 0 | G31: =V91 -> 5400 | H31: =W91 -> 426313.5 | I31: =X91 -> 33.214597 | J31: =Y91 -> #DIV/0! | L31: =Z91 -> 1851 | M31: =AA91 -> 2887 | N31: =AB91 -> 146 | R31: PSG | W31: =SUM(T31:V31) -> 0 | AI31: =SUM(AF31:AH31) -> 0
C32: % | E32: =E31/H31*100 -> 98.733327 | F32: =+F31/H31*100 -> 0 | G32: =+G31/H31*100 -> 1.2666735 | H32: =SUM(E32:G32) -> 100 | K32: =H31/D31*100 -> 85.774085 | L32: =100-K32 -> 14.225915 | R32: M | W32: =SUM(T32:V32) -> 0 | AI32: =SUM(AF32:AH32) -> 0
B33: KẾ HOẠCH 50*50 BÓNG | C33: m2 | D33: =AE92 -> 23338.462 | E33: =AF92 -> 20934.6 | F33: =AG92 -> 1137.75 | G33: =AH92 -> 682.65 | H33: =AI92 -> 22755 | I33: =AJ92 -> 1.85 | J33: =AK92 -> 12300 | N33: 100 | Q33: T10 | R33: PN | W33: =SUM(T33:V33) -> 0 | AD33: T10 | AI33: =SUM(AF33:AH33) -> 0
C34: % | E34: 92 | F34: 5 | G34: 3 | H34: =SUM(E34:G34) -> 100 | K34: 97.5 | L34: =100-K34 -> 2.5 | R34: PSG | W34: =SUM(T34:V34) -> 0 | AI34: =SUM(AF34:AH34) -> 0
B35: THỰC HIỆN 50*50 BÓNG | C35: m2 | D35: =S92 -> 23615 | E35: =T92 -> 79593 | F35: =U92 -> 0 | G35: =V92 -> 8863.5 | H35: =W92 -> 88456.5 | I35: =X92 -> 6.7854032 | J35: =Y92 -> #DIV/0! | L35: =Z92 -> 0 | M35: =AA92 -> 0 | N35: =AB92 -> 146 | R35: M | W35: =SUM(T35:V35) -> 0 | AI35: =SUM(AF35:AH35) -> 0
C36: % | E36: =+E35/H35*100 -> 89.979821 | F36: =+F35/H35*100 -> 0 | G36: =+G35/H35*100 -> 10.020179 | H36: =SUM(E36:G36) -> 100 | K36: =H35/D35*100 -> 374.5776 | L36: =100-K36 -> -274.5776 | Q36: T11 | R36: PN | W36: =SUM(T36:V36) -> 0 | AD36: T11 | AI36: =SUM(AF36:AH36) -> 0
B37: KẾ HOẠCH 50*50 | C37: m2 | D37: =D29+D33 -> 511593.03 | E37: =E29+E33 -> 467371.42 | F37: =F29+F33 -> 18682.058 | G37: =G29+G33 -> 13505.479 | H37: =H29+H33 -> 499558.96 | I37: =I29+I33 -> 40 | J37: =H37/I37+11 -> 12499.974 | N37: 100
C38: % | E38: 92 | F38: 5 | G38: 3 | H38: =SUM(E38:G38) -> 100 | K38: 97.5 | L38: =100-K38 -> 2.5
B39: THỰC HIỆN 50*50 | C39: m2 | D39: =D31+D35 -> 520634 | E39: =E31+E35 -> 500506.5 | F39: =F31+F35 -> 0 | G39: =G31+G35 -> 14263.5 | H39: =H31+H35 -> 514770 | I39: =I31+I35 -> 40 | J39: =H39/I39 -> 12869.25 | K39: =H39/D39*100 -> 98.873681 | L39: =100-K39 -> 1.1263191 | N39: 146
C40: % | E40: =+E39/H39*100 -> 97.229151 | F40: =+F39/H39*100 -> 0 | G40: =+G39/H39*100 -> 2.7708491 | H40: =SUM(E40:G40) -> 100 | K40: =H39/D39*100 -> 98.873681 | L40: =100-K40 -> 1.1263191
B41: KẾ HOẠCH 60*60 BÓNG | C41: m2 | D41: =AE121 -> 117312.82 | E41: =AF121 -> 101798.2 | F41: =AG121 -> 5719 | G41: =AH121 -> 6862.8 | H41: =AI121 -> 114380 | I41: =AJ121 -> 9.5 | J41: =AK121 -> 12040 | N41: 100 | R41: PSG | W41: =SUM(T41:V41) -> 0 | AI41: =SUM(AF41:AH41) -> 0
C42: % | E42: 92 | F42: 5 | G42: 3 | H42: =SUM(E42:G42) -> 100 | K42: 97.5 | L42: =100-K42 -> 2.5 | R42: M | W42: =SUM(T42:V42) -> 0 | AI42: =SUM(AF42:AH42) -> 0
B43: THỰC HIỆN 60*60 BÓNG | C43: m2 | D43: =S121 -> 119675 | E43: =T121 -> 93891.6 | F43: =U121 -> 0 | G43: =V121 -> 5347.08 | H43: =W121 -> 99238.68 | I43: =X121 -> 8.0883283 | J43: =Y121 -> 12269.368 | L43: =Z121 -> 712.8 | M43: =AA121 -> 758.52 | N43: =AB121 -> 230 | Q43: T12 | R43: PN | W43: =SUM(T43:V43) -> 0 | AD43: T12 | AI43: =SUM(AF43:AH43) -> 0
C44: % | E44: =+E43/H43*100 -> 94.611899 | F44: =+F43/H43*100 -> 0 | G44: =+G43/H43*100 -> 5.3881007 | H44: =SUM(E44:G44) -> 100 | K44: =H43/D43*100 -> 82.923484 | L44: =100-K44 -> 17.076516 | R44: PSG | W44: =SUM(T44:V44) -> 0 | AI44: =SUM(AF44:AH44) -> 0
B45: KẾ HOẠCH 60*60 MATT | C45: m2 | D45: =AE99 -> 0 | E45: =AF99 -> 0 | F45: =AG99 -> 0 | G45: =AH99 -> 0 | H45: =AI99 -> 0 | I45: =AJ99 -> 0 | J45: =AK99 -> 0 | N45: 100 | R45: M | W45: =SUM(T45:V45) -> 0 | AI45: =SUM(AF45:AH45) -> 0
C46: % | E46: 89 | F46: 8 | G46: 3 | H46: =SUM(E46:G46) -> 100 | K46: 97.5 | L46: =100-K46 -> 2.5 | Q46: TỔNG: | S46: =SUM(S6:S45) -> 1733166 | T46: =SUM(T6:T45) -> 1562421.6 | U46: =SUM(U6:U45) -> 50064.48 | V46: =SUM(V6:V45) -> 90155.52 | W46: =SUM(W6:W45) -> 1702641.6 | X46: =SUM(X6:X45) -> 111.95001 | Y46: =W46/X46 -> 15208.946 | Z46: =SUM(Z6:Z45) -> 7357.02 | AA46: =SUM(AA6:AA45) -> 7800.8 | AB46: =SUM(AB6:AB45)/5 -> 26 | AD46: TỔNG: | AE46: =SUM(AE6:AE45) -> 1674275.8 | AF46: =SUM(AF6:AF45) -> 1198573.2 | AG46: =SUM(AG6:AG45) -> 80802.69 | AH46: =SUM(AH6:AH45) -> 67335.575 | AI46: =SUM(AI6:AI45) -> 1346711.5 | AJ46: =SUM(AJ6:AJ45) -> 111.75 | AK46: =AI46/AJ46 -> 12051.11 | AL46: 40
B47: THỰC HIỆN 60*60 MATT | C47: m2 | D47: =S122 -> 0 | E47: =T122 -> 16918.2 | F47: =U122 -> 0 | G47: =V122 -> 402.12 | H47: =W122 -> 17320.32 | I47: =X122 -> 1.4116717 | J47: =Y122 -> 12269.368 | L47: =Z122 -> 0 | M47: =AA122 -> 0 | N47: =AB122 -> 0 | Q47: PN: | T47: =T6+T9+T12+T15+T18+T21+T24+T27+T30+T33+T36+T43 -> 1203423.8 | U47: =U6+U9+U12+U15+U18+U21+U24+U27+U30+U33+U36+U43 -> 46261.44 | V47: =V6+V9+V12+V15+V18+V21+V24+V27+V30+V33+V36+V43 -> 66183.84 | W47: =W6+W9+W12+W15+W18+W21+W24+W27+W30+W33+W36+W43 -> 1315869.1 | X47: =X6+X9+X12+X15+X18+X21+X24+X27+X30+X33+X36+X43 -> 86.756006 | Y47: =W47/X47 -> 15167.47 | Z47: =Z6+Z9+Z12+Z15+Z18+Z21+Z24+Z27+Z30+Z33+Z36+Z43 -> 7357.02 | AA47: =AA6+AA9+AA12+AA15+AA18+AA21+AA24+AA27+AA30+AA33+AA36+AA43 -> 7800.8 | AD47: PN: | AH47: =AH6+AH9+AH12+AH15+AH18+AH21+AH24+AH27+AH30+AH33+AH36+AH43 -> 67335.575 | AI47: =AI6+AI9+AI12+AI15+AI18+AI21+AI24+AI27+AI30+AI33+AI36+AI43 -> 1346711.5
C48: % | E48: =+E47/H47*100 -> 97.678334 | F48: =+F47/H47*100 -> 0 | G48: =+G47/H47*100 -> 2.3216661 | H48: =SUM(E48:G48) -> 100 | K48: =H47/D47*100 -> #DIV/0! | L48: =100-K48 -> #DIV/0! | Q48: PSG: | T48: =T7+T10+T13+T16+T19+T22+T25+T28+T31+T34+T41+T44 -> 307101.6 | U48: =U7+U10+U13+U16+U19+U22+U25+U28+U31+U34+U41+U44 -> 3644.64 | V48: =V7+V10+V13+V16+V19+V22+V25+V28+V31+V34+V41+V44 -> 21886.56 | W48: =W7+W10+W13+W16+W19+W22+W25+W28+W31+W34+W41+W44 -> 332632.8 | X48: =X7+X10+X13+X16+X19+X22+X25+X28+X31+X34+X41+X44 -> 21.482097 | Y48: =W48/X48 -> 15484.186 | Z48: =Z7+Z10+Z13+Z16+Z19+Z22+Z25+Z28+Z31+Z34+Z41+Z44 -> 0 | AA48: =AA7+AA10+AA13+AA16+AA19+AA22+AA25+AA28+AA31+AA34+AA41+AA44 -> 0 | AD48: PSG: | AH48: =AH7+AH10+AH13+AH16+AH19+AH22+AH25+AH28+AH31+AH34+AH41+AH44 -> 0 | AI48: =AI7+AI10+AI13+AI16+AI19+AI22+AI25+AI28+AI31+AI34+AI41+AI44 -> 0
B49: KẾ HOẠCH 60*60 | C49: m2 | D49: =D41+D45 -> 117312.82 | E49: =E41+E45 -> 101798.2 | F49: =F41+F45 -> 5719 | G49: =G41+G45 -> 6862.8 | H49: =H41+H45 -> 114380 | I49: =I41+I45 -> 9.5 | J49: =H49/I49 -> 12040 | N49: 100
C50: % | E50: 92 | F50: 5 | G50: 3 | H50: =SUM(E50:G50) -> 100 | K50: 97.5 | L50: =100-K50 -> 2.5
B51: THỰC HIỆN 60*60 | C51: m2 | D51: =D43+D47 -> 119675 | E51: =E43+E47 -> 110809.8 | F51: =F43+F47 -> 0 | G51: =G43+G47 -> 5749.2 | H51: =H43+H47 -> 116559 | I51: =I43+I47 -> 9.5 | J51: =H51/I51 -> 12269.368 | K51: =H51/D51*100 -> 97.396282 | L51: =100-K51 -> 2.6037184 | N51: 230
C52: % | E52: =+E51/H51*100 -> 95.067562 | F52: =+F51/H51*100 -> 0 | G52: =+G51/H51*100 -> 4.9324376 | H52: =SUM(E52:G52) -> 100 | K52: =H51/D51*100 -> 97.396282 | L52: =100-K52 -> 2.6037184
B53: TỔNG KẾ HOẠCH DC2 | C53: m2 | D53: =D25+D29+D33+D41+D45 -> 1687232.4 | E53: =E25+E29+E33+E41+E45 -> 1119599 | F53: =F25+F29+F33+F41+F45 -> 73877.858 | G53: =G25+G29+G33+G41+G45 -> 38922.079 | H53: =H25+H29+H33+H41+H45 -> 1232399 | I53: =I25+I29+I33+I41+I45 -> 124.1 | J53: =H53/I53 -> 9930.6927 | N53: 100 | Q53: M: | T53: =T8+T11+T14+T17+T20+T23+T26+T29+T32+T35+T42+T45 -> 51896.16 | U53: =U8+U11+U14+U17+U20+U23+U26+U29+U32+U35+U42+U45 -> 158.4 | V53: =V8+V11+V14+V17+V20+V23+V26+V29+V32+V35+V42+V45 -> 2085.12 | W53: =W8+W11+W14+W17+W20+W23+W26+W29+W32+W35+W42+W45 -> 54139.68 | X53: =X8+X11+X14+X17+X20+X23+X26+X29+X32+X35+X42+X45 -> 3.7119027 | Y53: =W53/X53 -> 14585.425 | Z53: =Z8+Z11+Z14+Z17+Z20+Z23+Z26+Z29+Z32+Z35+Z42+Z45 -> 0 | AA53: =AA8+AA11+AA14+AA17+AA20+AA23+AA26+AA29+AA32+AA35+AA42+AA45 -> 0 | AD53: M: | AH53: =AH8+AH11+AH14+AH17+AH20+AH23+AH26+AH29+AH32+AH35+AH42+AH45 -> 0 | AI53: =AI8+AI11+AI14+AI17+AI20+AI23+AI26+AI29+AI32+AI35+AI42+AI45 -> 0
C54: % | E54: =E53/$H$53*100 -> 90.847125 | F54: =F53/$H$53*100 -> 5.9946382 | G54: =G53/$H$53*100 -> 3.1582369 | H54: =H53/$H$53*100 -> 100 | K54: 97.5 | L54: =100-K54 -> 2.5
B55: TỔNG THỰC HIỆN DC2 | C55: m2 | D55: =D27+D31+D35+D43+D47 -> 1725701 | E55: =E27+E31+E35+E43+E47 -> 1597270.2 | F55: =F27+F31+F35+F43+F47 -> 184.32 | G55: =G27+G31+G35+G43+G47 -> 96247.58 | H55: =H27+H31+H35+H43+H47 -> 1693702.1 | I55: =I27+I31+I35+I43+I47 -> 124.45 | J55: =H55/I55 -> 13609.499 | L55: =L27+L31+L35+L43+L47 -> 7891.8 | M55: =M27+M31+M35+M43+M47 -> 11551.12 | N55: =(N27+N31+N35+N43+N47)/5 -> 108.8 | Q55: 40X60 (TH) | R55: MEN | S55: SL ÉP | T55: A1 | U55: A | V55: B | W55: Tổng A1-A-B | X55: Số ngày SX | Y55: TB/ Ngày | Z55: C | AA55: Huỷ/ ép | AB55: T/g dừng 2 ME | AD55: 40X60 (KH) | AE55: SL ép | AF55: A1 | AG55: A | AH55: B | AI55: Tổng A1-A-B | AJ55: Số ngày SX | AK55: TB/ Ngày | AL55: T/g dừng 2 ME
C56: % | E56: =+E55/H55*100 -> 94.306443 | F56: =+F55/H55*100 -> 0.010882669 | G56: =+G55/H55*100 -> 5.6826746 | H56: =SUM(E56:G56) -> 100 | K56: =H55/D55*100 -> 98.145746 | L56: =100-K56 -> 1.854254 | Q56: T4 | R56: SGSV | W56: =SUM(T56:V56) -> 0 | AD56: T4 | AI56: =SUM(AH56:AH56) -> 0
B57: So sánh TH/KH | C57: m2 | D57: =+D56-D54 -> 0 | E57: =+E56-E54 -> 3.4593178 | F57: =+F56-F54 -> -5.9837555 | G57: =+G56-G54 -> 2.5244377 | H57: =+H56-H54 -> 0 | Q57: T5 | R57: SGSV | W57: =SUM(T57:V57) -> 0 | AD57: T5 | AI57: =SUM(AH57:AH57) -> 0
C58: % | D58: =D55-D53 -> 38468.623 | E58: =E55-E53 -> 477671.2 | F58: =F55-F53 -> -73693.538 | G58: =G55-G53 -> 57325.501 | Q58: TỔNG: | S58: =SUM(S56:S57) -> 0 | T58: =SUM(T56:T57) -> 0 | U58: =SUM(U56:U57) -> 0 | V58: =SUM(V56:V57) -> 0 | W58: =SUM(W56:W57) -> 0 | X58: =SUM(X56:X57) -> 0 | Y58: =SUM(Y56:Y57) -> 0 | AB58: =SUM(AB56:AB57) -> 0 | AH58: =SUM(AH56:AH57) -> 0 | AI58: =SUM(AI56:AI57) -> 0 | AJ58: =SUM(AJ56:AJ57) -> 0 | AK58: =SUM(AK56:AK57) -> 0 | AL58: =SUM(AL56:AL57) -> 0
B60: TỔNG KẾ HOẠCH 2 DC | C60: m2 | D60: =D11+D53 -> 3361508.2 | E60: =E11+E53 -> 2318172.3 | F60: =F11+F53 -> 154680.55 | G60: =G11+G53 -> 106257.65 | H60: =H11+H53 -> 2579110.5 | I60: =I11+I53 -> 235.85 | Q60: 50X50 (TH) | R60: MEN | S60: SL ÉP | T60: A1 | U60: A | V60: B | W60: Tổng A1-A-B | X60: Số ngày SX | Y60: TB/ Ngày | Z60: C | AA60: Huỷ/ ép | AB60: T/g dừng 2 ME | AD60: 50X50 (KH) | AE60: SL ép | AF60: A1 | AG60: A | AH60: B | AI60: Tổng A1-A-B | AJ60: Số ngày SX | AK60: TB/ Ngày | AL60: T/g dừng 2 ME
C61: % | E61: =E60/$H$60*100 -> 89.882628 | F61: =F60/$H$60*100 -> 5.9974379 | G61: =G60/$H$60*100 -> 4.1199342 | H61: =H60/$H$60*100 -> 100 | K61: 98 | L61: =100-K61 -> 2 | Q61: T1 | R61: SG | S61: ='T1.2025'!E16 -> 92105 | T61: ='T1.2025'!F16 -> 91914 | U61: ='T1.2025'!G16 -> 0 | V61: ='T1.2025'!H16 -> 606 | W61: =SUM(T61:V61) -> 92520 | X61: ='T1.2025'!J14 -> 7.15 | Y61: ='T1.2025'!K16 -> 12940 | AB61: ='T1.2025'!O16 -> 147 | AD61: T1 | AE61: ='T1.2025'!E14 -> 90200 | AF61: ='T1.2025'!F14 -> 80909.4 | AG61: ='T1.2025'!G14 -> 4397.25 | AH61: ='T1.2025'!H14 -> 2638.35 | AI61: ='T1.2025'!I14 -> 87945 | AJ61: ='T1.2025'!J14 -> 7.15 | AK61: ='T1.2025'!K14 -> 12300 | AL61: ='T1.2025'!O14 -> 100
B62: TỔNG THỰC HIỆN 2 DC | C62: m2 | D62: =D13+D55 -> 3458867 | E62: =E13+E55 -> 3159691.8 | F62: =F13+F55 -> 50248.8 | G62: =G13+G55 -> 186403.1 | H62: =H13+H55 -> 3396343.7 | I62: =I13+I55 -> 236.40001 | R62: B | S62: ='T1.2025'!E22 -> 23615 | T62: ='T1.2025'!F22 -> 21199.5 | U62: ='T1.2025'!G22 -> 0 | V62: ='T1.2025'!H22 -> 2161.5 | W62: ='T1.2025'!I22 -> 23361 | X62: ='T1.2025'!J22 -> 1.85 | Y62: ='T1.2025'!K22 -> 12628 | Z62: ='T1.2025'!M22 -> 0 | AA62: ='T1.2025'!N22 -> 0 | AB62: ='T1.2025'!O22 -> 171 | AE62: ='T1.2025'!E20 -> 23338.462 | AF62: ='T1.2025'!F20 -> 20934.6 | AG62: ='T1.2025'!G20 -> 1137.75 | AH62: ='T1.2025'!H20 -> 682.65 | AI62: ='T1.2025'!I20 -> 22755 | AJ62: ='T1.2025'!J20 -> 1.85 | AK62: ='T1.2025'!K20 -> 12300 | AL62: ='T1.2025'!O20 -> 100
C63: % | E63: =E62/$H$62*100 -> 93.032157 | F63: =F62/$H$62*100 -> 1.4794969 | G63: =G62/$H$62*100 -> 5.4883462 | H63: =H62/$H$62*100 -> 100 | K63: =H62/D62*100 -> 98.192377 | L63: {=100-K63:K63} -> 1.8076231 | Q63: T3 | R63: SG | W63: =SUM(T63:V63) -> 0 | AD63: T3 | AI63: =SUM(AH63:AH63) -> 0
R64: B | W64: =SUM(T64:V64) -> 0 | AI64: =SUM(AH64:AH64) -> 0
B65: 3. Tổng thực hiện SX 2 DC 06 tháng đầu năm 2025: | Q65: T4 | R65: SG | S65: ='T4.2025 '!E23 -> 152023 | T65: ='T4.2025 '!F23 -> 145629 | U65: ='T4.2025 '!G23 -> 0 | V65: ='T4.2025 '!H23 -> 2659.5 | W65: =SUM(T65:V65) -> 148288.5 | X65: ='T4.2025 '!J23 -> 12 | Y65: =W65/X65 -> 12357.375 | Z65: ='T4.2025 '!M23 -> 642 | AA65: ='T4.2025 '!N23 -> 1421.75 | AB65: ='T4.2025 '!O23 -> 120 | AD65: T4 | AE65: ='T4.2025 '!E21 -> 151152 | AF65: ='T4.2025 '!F21 -> 139241.22 | AG65: ='T4.2025 '!G21 -> 5925.1584 | AH65: ='T4.2025 '!H21 -> 2962.5792 | AI65: =SUM(AF65:AH65) -> 148128.96 | AJ65: ='T4.2025 '!J21 -> 12 | AK65: =AI65/AJ65 -> 12344.08 | AL65: 100
R66: B | W66: =SUM(T66:V66) -> 0 | Y66: =W66/X66 -> #DIV/0!
B67: STT | C67: Kích thước | D67: Sản Lượng Ép | E67: Sản lượng thu hồi | H67: Tổng (A1+A+B) | I67: Số ngày SX | J67: Ghi chú | Q67: T5 | R67: SG | S67: ='T5.2025'!E17 -> 252891 | T67: ='T5.2025'!F120 -> 183370.5 | U67: ='T5.2025'!G120 -> 0 | V67: ='T5.2025'!H120 -> 2134.5 | W67: =SUM(T67:V67) -> 185505 | X67: ='T5.2025'!G188 -> 14.064597 | Y67: =W67/X67 -> 13189.5 | Z67: ='T5.2025'!M17 -> 1209 | AA67: ='T5.2025'!N17 -> 1465.25 | AB67: ='T5.2025'!O17 -> 146 | AD67: T5 | AE67: ='T5.2025'!E15 -> 246902.56 | AF67: ='T5.2025'!F15 -> 226286.2 | AG67: ='T5.2025'!G15 -> 7221.9 | AH67: ='T5.2025'!H15 -> 7221.9 | AI67: =SUM(AF67:AH67) -> 240730 | AJ67: ='T5.2025'!J15 -> 19 | AK67: =AI67/AJ67 -> 12670 | AL67: 100
E68: A1 | F68: A | G68: B | R68: B | T68: ='T5.2025'!F136 -> 58393.5 | U68: ='T5.2025'!G136 -> 0 | V68: ='T5.2025'!H136 -> 6702 | W68: =SUM(T68:V68) -> 65095.5 | X68: ='T5.2025'!G189 -> 4.9354032 | Y68: =W68/X68 -> 13189.5 | AI68: =SUM(AH68:AH68) -> 0
B69: 1 | C69: 30X60 | D69: =D13 -> 1733166 | E69: =E13 -> 1562421.6 | F69: =F13 -> 50064.48 | G69: =G13 -> 90155.52 | H69: =H13 -> 1702641.6 | I69: =X46 -> 111.95001 | J69: Gạch ốp 30x60 sản xuất T2-T3-T4-T5-T6 | Q69: T6 | R69: SG | W69: =SUM(T69:V69) -> 0 | Y69: =W69/X69 -> #DIV/0! | AD69: T6 | AI69: =SUM(AH69:AH69) -> 0
R70: B | W70: =SUM(T70:V70) -> 0 | Y70: =W70/X70 -> #DIV/0! | AI70: =SUM(AH70:AH70) -> 0
Q71: T7 | R71: SG | W71: =SUM(T71:V71) -> 0 | Y71: =W71/X71 -> #DIV/0! | AD71: T7 | AI71: =SUM(AH71:AH71) -> 0
B72: 2 | C72: 40X80 | D72: =D27 -> 1085392 | E72: =E27 -> 985953.92 | F72: =F27 -> 184.32 | G72: =G27 -> 76234.88 | H72: =H27 -> 1062373.1 | I72: =X137 -> 74.95 | J72: Gạch ốp 40x80 sản xuất T3-T4-T5-T6 | R72: B | W72: =SUM(T72:V72) -> 0 | Y72: =W72/X72 -> #DIV/0! | AI72: =SUM(AH72:AH72) -> 0
B73: 4 | C73: 40X60 | J73: Gạch lát 40x60 KHÔNG sản xuất | Q73: T8 | R73: SG | W73: =SUM(T73:V73) -> 0 | Y73: =W73/X73 -> #DIV/0! | AD73: T8 | AI73: =SUM(AH73:AH73) -> 0
B74: 3 | C74: 50X50 | D74: =D35+D31 -> 520634 | E74: =E35+E31 -> 500506.5 | F74: =F35+F31 -> 0 | G74: =G35+G31 -> 14263.5 | H74: =H35+H31 -> 514770 | I74: =X93 -> 40 | J74: Gạch lát 50x50 sản xuất T1-T4-T5 | R74: B | W74: =SUM(T74:V74) -> 0 | Y74: =W74/X74 -> #DIV/0! | AI74: =SUM(AH74:AH74) -> 0
B75: 4 | C75: 60X60 | D75: =D43+D47 -> 119675 | E75: =E43+E47 -> 110809.8 | F75: =F43+F47 -> 0 | G75: =G43+G47 -> 5749.2 | H75: =H43+H47 -> 116559 | I75: =X120 -> 9.5 | J75: Gạch lát 60x60 sản xuất T5 | Q75: T9 | R75: SG | W75: =SUM(T75:V75) -> 0 | Y75: =W75/X75 -> #DIV/0! | AD75: T9 | AI75: =SUM(AH75:AH75) -> 0
B76: TỔNG SL 2 DC (M2) | D76: =D62 -> 3458867 | E76: =E62 -> 3159691.8 | F76: =F62 -> 50248.8 | G76: =G62 -> 186403.1 | H76: =H62 -> 3396343.7 | I76: =SUM(I69:I75) -> 236.40001 | R76: B | W76: =SUM(T76:V76) -> 0 | Y76: =W76/X76 -> #DIV/0! | AI76: =SUM(AH76:AH76) -> 0
Q77: T10 | R77: SG | W77: =SUM(T77:V77) -> 0 | AD77: T10 | AI77: =SUM(AH77:AH77) -> 0
B78: 4. Kế hoạch 06 tháng đầu năm 2025 Công ty đề ra:
B79: STT | C79: Kích thước | D79: Sản Lượng Ép | E79: Sản lượng thu hồi | H79: Tổng (A1+A+B) | I79: Số ngày SX | J79: Ghi chú
E80: A1 | F80: A | G80: B
B81: 1 | C81: 30X60 | D81: ='[1]KH-MY MỚI 2025 (OK)'!$D$32 -> #REF! | E81: ='[1]KH-MY MỚI 2025 (OK)'!$E$32 -> #REF! | F81: ='[1]KH-MY MỚI 2025 (OK)'!$F$32 -> #REF! | G81: ='[1]KH-MY MỚI 2025 (OK)'!$G$32 -> #REF! | H81: =SUM(E81:G81) -> #REF! | I81: ='[1]KH-MY MỚI 2025 (OK)'!$I$32 -> #REF! | J81: Gạch ốp 30x60 sản xuất ở DC1
B82: 2 | C82: 40X80 | D82: ='[1]KH-MY MỚI 2025 (OK)'!$D$135 -> #REF! | E82: ='[1]KH-MY MỚI 2025 (OK)'!$E$135 -> #REF! | F82: ='[1]KH-MY MỚI 2025 (OK)'!$F$135 -> #REF! | G82: ='[1]KH-MY MỚI 2025 (OK)'!$G$135 -> #REF! | H82: =SUM(E82:G82) -> #REF! | I82: ='[1]KH-MY MỚI 2025 (OK)'!$I$135 -> #REF! | J82: Gạch ốp 40x80 sản xuất T3-T4
B83: 3 | C83: 50X50 | D83: ='[1]KH-MY MỚI 2025 (OK)'!$D$87 -> #REF! | E83: ='[1]KH-MY MỚI 2025 (OK)'!$E$87 -> #REF! | F83: ='[1]KH-MY MỚI 2025 (OK)'!$F$87 -> #REF! | G83: ='[1]KH-MY MỚI 2025 (OK)'!$G$87 -> #REF! | H83: =SUM(E83:G83) -> #REF! | I83: ='[1]KH-MY MỚI 2025 (OK)'!$I$87 -> #REF! | J83: Gạch lát 50x50 sản xuất T1-T5
B84: 4 | C84: 60X60 | D84: ='[1]KH-MY MỚI 2025 (OK)'!$D$99 -> #REF! | E84: ='[1]KH-MY MỚI 2025 (OK)'!$E$99 -> #REF! | F84: ='[1]KH-MY MỚI 2025 (OK)'!$F$99 -> #REF! | G84: ='[1]KH-MY MỚI 2025 (OK)'!$G$99 -> #REF! | H84: =SUM(E84:G84) -> #REF! | I84: ='[1]KH-MY MỚI 2025 (OK)'!$I$99 -> #REF! | J84: Gạch lát 60x60 sản xuất T6
B85: TỔNG SL 2 DC (M2) | D85: =SUM(D81:D84) -> #REF! | E85: =SUM(E81:E84) -> #REF! | F85: =SUM(F81:F84) -> #REF! | G85: =SUM(G81:G84) -> #REF! | H85: =SUM(H81:H84) -> #REF! | I85: =SUM(I81:I84) -> #REF!
B86: So sánh TH/KH | C86: m2 | D86: =D85-D76 -> #REF! | E86: =E85-E76 -> #REF! | F86: =F85-F76 -> #REF! | G86: =G85-G76 -> #REF! | H86: =H85-H76 -> #REF! | I86: =I85-I76 -> #REF! | R86: B | W86: =SUM(T86:V86) -> 0 | AI86: =SUM(AH86:AH86) -> 0
C87: % | Q87: T11 | R87: SG | W87: =SUM(T87:V87) -> 0 | AD87: T11 | AI87: =SUM(AH87:AH87) -> 0
R88: B | W88: =SUM(T88:V88) -> 0 | AI88: =SUM(AH88:AH88) -> 0
Q89: T12 | R89: SG | W89: =SUM(T89:V89) -> 0 | AD89: T12 | AI89: =SUM(AH89:AH89) -> 0
R90: B | W90: =SUM(T90:V90) -> 0 | AI90: =SUM(AH90:AH90) -> 0
Q91: TỔNG SG: | S91: =S61+S63+S65+S67+S69+S71+S73+S75+S77+S87+S89 -> 497019 | T91: =T61+T63+T65+T67+T69+T71+T73+T75+T77+T87+T89 -> 420913.5 | U91: =U61+U63+U65+U67+U69+U71+U73+U75+U77+U87+U89 -> 0 | V91: =V61+V63+V65+V67+V69+V71+V73+V75+V77+V87+V89 -> 5400 | W91: =W61+W63+W65+W67+W69+W71+W73+W75+W77+W87+W89 -> 426313.5 | X91: =X61+X63+X65+X67+X69+X71+X73+X75+X77+X87+X89 -> 33.214597 | Y91: =Y61+Y63+Y65+Y67+Y69+Y71+Y73+Y75+Y77+Y87+Y89 -> #DIV/0! | Z91: =Z61+Z63+Z65+Z67+Z69+Z71+Z73+Z75+Z77+Z87+Z89 -> 1851 | AA91: =AA61+AA63+AA65+AA67+AA69+AA71+AA73+AA75+AA77+AA87+AA89 -> 2887 | AB91: =(AB61+AB62+AB65+AB67)/4 -> 146 | AD91: TỔNG SG: | AE91: =AE61+AE63+AE65+AE67+AE69+AE71+AE73+AE75+AE77+AE87+AE89 -> 488254.56 | AF91: =AF61+AF63+AF65+AF67+AF69+AF71+AF73+AF75+AF77+AF87+AF89 -> 446436.82 | AG91: =AG61+AG63+AG65+AG67+AG69+AG71+AG73+AG75+AG77+AG87+AG89 -> 17544.308 | AH91: =AH61+AH63+AH65+AH67+AH69+AH71+AH73+AH75+AH77+AH87+AH89 -> 12822.829 | AI91: =AI61+AI63+AI65+AI67+AI69+AI71+AI73+AI75+AI77+AI87+AI89 -> 476803.96 | AJ91: =AJ61+AJ63+AJ65+AJ67+AJ69+AJ71+AJ73+AJ75+AJ77+AJ87+AJ89 -> 38.15 | AK91: =AI91/AJ91+2 -> 12500.138 | AL91: 100
Q92: TỔNG B: | S92: =S62+S64+S66+S68+S70+S72+S74+S76+S86+S88+S90 -> 23615 | T92: =T62+T64+T66+T68+T70+T72+T74+T76+T86+T88+T90 -> 79593 | U92: =U62+U64+U66+U68+U70+U72+U74+U76+U86+U88+U90 -> 0 | V92: =V62+V64+V66+V68+V70+V72+V74+V76+V86+V88+V90 -> 8863.5 | W92: =W62+W64+W66+W68+W70+W72+W74+W76+W86+W88+W90 -> 88456.5 | X92: =X62+X64+X66+X68+X70+X72+X74+X76+X86+X88+X90 -> 6.7854032 | Y92: =Y62+Y64+Y66+Y68+Y70+Y72+Y74+Y76+Y86+Y88+Y90 -> #DIV/0! | Z92: =Z62+Z64+Z66+Z68+Z70+Z72+Z74+Z76+Z86+Z88+Z90 -> 0 | AA92: =AA62+AA64+AA66+AA68+AA70+AA72+AA74+AA76+AA86+AA88+AA90 -> 0 | AB92: =AB91 -> 146 | AD92: TỔNG B: | AE92: =AE62+AE64+AE66+AE68+AE70+AE72+AE74+AE76+AE86+AE88+AE90 -> 23338.462 | AF92: =AF62+AF64+AF66+AF68+AF70+AF72+AF74+AF76+AF86+AF88+AF90 -> 20934.6 | AG92: =AG62+AG64+AG66+AG68+AG70+AG72+AG74+AG76+AG86+AG88+AG90 -> 1137.75 | AH92: =AH62+AH64+AH66+AH68+AH70+AH72+AH74+AH76+AH86+AH88+AH90 -> 682.65 | AI92: =AI62+AI64+AI66+AI68+AI70+AI72+AI74+AI76+AI86+AI88+AI90 -> 22755 | AJ92: =AJ62+AJ64+AJ66+AJ68+AJ70+AJ72+AJ74+AJ76+AJ86+AJ88+AJ90 -> 1.85 | AK92: =AI92/AJ92 -> 12300 | AL92: 100
Q93: TỔNG: | S93: =SUM(S91:S92) -> 520634 | T93: =SUM(T91:T92) -> 500506.5 | U93: =SUM(U91:U92) -> 0 | V93: =SUM(V91:V92) -> 14263.5 | W93: =SUM(W91:W92) -> 514770 | X93: =SUM(X91:X92) -> 40 | Y93: =SUM(Y91:Y92) -> #DIV/0! | Z93: =SUM(Z91:Z92) -> 1851 | AA93: =SUM(AA91:AA92) -> 2887 | AB93: =AB91 -> 146 | AD93: TỔNG: | AE93: =SUM(AE91:AE92) -> 511593.03 | AF93: =SUM(AF91:AF92) -> 467371.42 | AG93: =SUM(AG91:AG92) -> 18682.058 | AH93: =SUM(AH91:AH92) -> 13505.479 | AI93: =SUM(AI91:AI92) -> 499558.96 | AJ93: =SUM(AJ91:AJ92) -> 40 | AK93: =SUM(AK91:AK92) -> 24800.138 | AL93: 100
B95: II. Sản lượng theo các thương hiệu 06 tháng đầu năm 2025:
B96: 1. Kế hoạch - kết quả thực hiện sản phẩm 30x60 các thương hiệu của dây chuyền số 1 :
B97: Thương hiệu | D97: ĐVT | E97: Thực Hiện | I97: Tỷ lệ | J97: Ghi chú | Q97: 60X60 (TH) | R97: MEN | S97: SL ÉP | T97: A1 | U97: A | V97: B | W97: Tổng A1-A-B | X97: Số ngày SX | Y97: TB/ Ngày | Z97: C | AA97: Huỷ/ ép | AB97: T/g dừng 2 ME | AD97: 60X60 (KH) | AE97: SL ép | AF97: A1 | AG97: A | AH97: B | AI97: Tổng A1-A-B | AJ97: Số ngày SX | AK97: TB/ Ngày | AL97: T/g dừng 2 ME
E98: A1 | F98: A | G98: B | H98: Tổng A1+A+B | I98: % | Q98: T1 | R98: B | AD98: T1
B99: Luxury | D99: m2 | E99: ='TH Thương hiệu DC1'!Y7 -> 111178.56 | F99: ='TH Thương hiệu DC1'!Y8 -> 3644.64 | G99: ='TH Thương hiệu DC1'!Y9 -> 18577.44 | H99: =SUM(E99:G99) -> 133400.64 | J99: Sản lượng men Panson | R99: M
D100: % | E100: =E99/$H$99*100 -> 83.341849 | F100: =F99/$H$99*100 -> 2.7321008 | G100: =G99/$H$99*100 -> 13.92605 | H100: =SUM(E100:G100) -> 100 | I100: =H99/$H$135*100 -> 7.8349273 | Q100: T3 | R100: B | W100: =SUM(T100:V100) -> 0 | AD100: T3 | AI100: =SUM(AH100:AH100) -> 0
B101: Green Era | D101: m2 | E101: ='TH Thương hiệu DC1'!Y10 -> 0 | F101: ='TH Thương hiệu DC1'!Y11 -> 0 | G101: ='TH Thương hiệu DC1'!Y12 -> 0 | H101: =SUM(E101:G101) -> 0 | R101: M | W101: =SUM(T101:V101) -> 0 | AI101: =SUM(AH101:AH101) -> 0
D102: % | E102: =E101/$H$101*100 -> #DIV/0! | F102: =F101/$H$101*100 -> #DIV/0! | G102: =G101/$H$101*100 -> #DIV/0! | H102: =SUM(E102:G102) -> #DIV/0! | I102: =H101/$H$135*100 -> 0 | Q102: T4 | R102: B | W102: =SUM(T102:V102) -> 0 | AD102: T4 | AI102: =SUM(AH102:AH102) -> 0
B103: Lustile | D103: m2 | E103: ='TH Thương hiệu DC1'!Y13 -> 164010.24 | F103: ='TH Thương hiệu DC1'!Y14 -> 0 | G103: ='TH Thương hiệu DC1'!Y15 -> 0 | H103: =SUM(E103:G103) -> 164010.24 | R103: M | W103: =SUM(T103:V103) -> 0 | AI103: =SUM(AH103:AH103) -> 0
...

Sheet TH Thương hiệu DC2
A5: Thương hiệu | C5: ĐVT | D5: Thực Hiện | H5: Tỷ lệ | I5: Ghi chú
D6: A1 | E6: A | F6: B | G6: Tổng A1+A+B | H6: % | L6: SL (M2) | M6: T1 | N6: T2 | O6: T3 | P6: T4 | Q6: T5 | R6: T6 | S6: T7 | T6: T8 | U6: T9 | V6: T10 | W6: T11 | X6: T12 | Y6: Tổng:
A7: Luxury | C7: m2 | D7: =Y7 -> 569905.24 | E7: =Y8 -> 184.32 | F7: =Y9 -> 47363.96 | G7: =SUM(D7:F7) -> 617453.52 | I7: Sản lượng men Panson 40X80 | L7: A1 | O7: ='T3.2025 '!F89 -> 214442.24 | P7: 123295 | Q7: ='T5.2025'!F170 -> 6464 | R7: ='T6.2025'!F172 -> 225704 | Y7: =SUM(M7:X7) -> 569905.24
C8: % | D8: =D7/$G$7*100 -> 92.299294 | E8: =E7/$G$7*100 -> 0.02985164 | F8: =F7/$G$7*100 -> 7.6708543 | G8: =SUM(D8:F8) -> 100 | H8: =G7/$G$37*100 -> 58.120132 | L8: A | O8: ='T3.2025 '!G89 -> 184.32 | Y8: =SUM(M8:X8) -> 184.32
L9: B | O9: ='T3.2025 '!H89 -> 22239 | P9: 9684 | Q9: ='T5.2025'!H170 -> 1728 | R9: ='T6.2025'!H172 -> 13712.96 | Y9: =SUM(M9:X9) -> 47363.96
A10: Green Era | C10: m2 | D10: =Y10 -> 36316.04 | E10: =Y11 -> 0 | F10: =Y12 -> 1901.6 | G10: =SUM(D10:F10) -> 38217.64 | L10: A1 | O10: ='T3.2025 '!F99 -> 9719.04 | P10: 8637 | R10: ='T6.2025'!F182 -> 17960 | Y10: =SUM(M10:X10) -> 36316.04
C11: % | D11: =D10/$G$10*100 -> 95.024287 | E11: =E10/$G$10*100 -> 0 | F11: =F10/$G$10*100 -> 4.9757128 | G11: =SUM(D11:F11) -> 100 | H11: =G10/$G$37*100 -> 3.5973789 | L11: A | O11: ='T3.2025 '!G99 -> 0 | Y11: =SUM(M11:X11) -> 0
L12: B | O12: ='T3.2025 '!H99 -> 880 | P12: 388 | R12: ='T6.2025'!H182 -> 633.6 | Y12: =SUM(M12:X12) -> 1901.6
A13: Crown | C13: m2 | D13: =Y13 -> 75054.56 | E13: =Y14 -> 0 | F13: =Y15 -> 5907.76 | G13: =SUM(D13:F13) -> 80962.32 | L13: A1 | O13: ='T3.2025 '!F91 -> 12367.36 | P13: 13060 | Q13: ='T5.2025'!F172 -> 4672 | R13: ='T6.2025'!F178 -> 44955.2 | Y13: =SUM(M13:X13) -> 75054.56
C14: % | D14: =D13/$G$13*100 -> 92.703075 | E14: =E13/$G$13*100 -> 0 | F14: =F13/$G$13*100 -> 7.2969253 | G14: =SUM(D14:F14) -> 100 | H14: =G13/$G$37*100 -> 7.6208825 | L14: A | Y14: =SUM(M14:X14) -> 0
L15: B | O15: ='T3.2025 '!H91 -> 2378.24 | P15: 782 | Q15: ='T5.2025'!H172 -> 640 | R15: ='T6.2025'!H178 -> 2107.52 | Y15: =SUM(M15:X15) -> 5907.76
A16: Green Home | C16: m2 | D16: =Y16 -> 34275.12 | E16: =Y17 -> 0 | F16: =Y18 -> 1752.44 | G16: =SUM(D16:F16) -> 36027.56 | L16: A1 | O16: ='T3.2025 '!F93 -> 8145.92 | P16: 4630 | Q16: ='T5.2025'!F174 -> 5598.4 | R16: ='T6.2025'!F184 -> 15900.8 | Y16: =SUM(M16:X16) -> 34275.12
C17: % | D17: =D16/$G$16*100 -> 95.135835 | E17: =E16/$G$16*100 -> 0 | F17: =F16/$G$16*100 -> 4.8641651 | G17: =SUM(D17:F17) -> 100 | H17: =G16/$G$37*100 -> 3.3912294 | L17: A | Y17: =SUM(M17:X17) -> 0
L18: B | O18: ='T3.2025 '!H93 -> 586.24 | P18: 467 | Q18: ='T5.2025'!H174 -> 64 | R18: ='T6.2025'!H184 -> 635.2 | Y18: =SUM(M18:X18) -> 1752.44
A19: Lustile | C19: m2 | D19: =Y19 -> 36629.76 | E19: =Y20 -> 0 | F19: =Y21 -> 3620 | G19: =SUM(D19:F19) -> 40249.76 | L19: A1 | O19: ='T3.2025 '!F95 -> 36629.76 | Y19: =SUM(M19:X19) -> 36629.76
C20: % | D20: =D19/$G$25*100 -> 92.378928 | E20: =E19/$G$25*100 -> 0 | F20: =F19/$G$25*100 -> 9.1295089 | G20: =SUM(D20:F20) -> 101.50844 | H20: =G19/$G$37*100 -> 3.7886599 | L20: A | Y20: =SUM(M20:X20) -> 0
L21: B | O21: ='T3.2025 '!H95 -> 3620 | Y21: =SUM(M21:X21) -> 3620
A22: Top One | C22: m2 | D22: =Y22 -> 121266.36 | E22: =Y23 -> 0 | F22: =Y24 -> 9059.28 | G22: =SUM(D22:F22) -> 130325.64 | L22: A1 | O22: ='T3.2025 '!F101 -> 49378.56 | P22: 29859 | R22: ='T6.2025'!F174 -> 42028.8 | Y22: =SUM(M22:X22) -> 121266.36
C23: % | D23: =D22/$G$25*100 -> 305.82937 | E23: =E22/$G$25*100 -> 0 | F23: =F22/$G$25*100 -> 22.847176 | G23: =SUM(D23:F23) -> 328.67654 | H23: =G22/$G$37*100 -> 12.26739 | L23: A | Y23: =SUM(M23:X23) -> 0
L24: B | O24: ='T3.2025 '!H101 -> 3176.96 | P24: 2706 | R24: ='T6.2025'!H174 -> 3176.32 | Y24: =SUM(M24:X24) -> 9059.28
A25: Havira | C25: m2 | D25: =Y25 -> 37362.72 | E25: =Y26 -> 0 | F25: =Y27 -> 2288.92 | G25: =SUM(D25:F25) -> 39651.64 | L25: A1 | O25: ='T3.2025 '!F97 -> 3749.12 | P25: 19628 | R25: ='T6.2025'!F180 -> 13985.6 | Y25: =SUM(M25:X25) -> 37362.72
C26: % | D26: =D25/$G$25*100 -> 94.227427 | E26: =E25/$G$25*100 -> 0 | F26: =F25/$G$25*100 -> 5.7725733 | G26: =SUM(D26:F26) -> 100 | H26: =G25/$G$37*100 -> 3.7323596 | L26: A | O26: ='T3.2025 '!G97 -> 0 | Y26: =SUM(M26:X26) -> 0
L27: B | O27: ='T3.2025 '!H97 -> 398.64 | P27: 1345 | R27: ='T6.2025'!H180 -> 545.28 | Y27: =SUM(M27:X27) -> 2288.92
A28: Espana | C28: m2 | D28: =Y28 -> 38325.8 | E28: =Y29 -> 0 | F28: =Y30 -> 2062.84 | G28: =SUM(D28:F28) -> 40388.64 | L28: A1 | P28: 13473 | R28: ='T6.2025'!F176 -> 24852.8 | Y28: =SUM(M28:X28) -> 38325.8
C29: % | D29: =D28/$G$25*100 -> 96.65628 | E29: =E28/$G$25*100 -> 0 | F29: =F28/$G$25*100 -> 5.2024078 | G29: =SUM(D29:F29) -> 101.85869 | H29: =G28/$G$37*100 -> 3.8017325 | L29: A | Y29: =SUM(M29:X29) -> 0
L30: B | P30: 1059 | R30: ='T6.2025'!H176 -> 1003.84 | Y30: =SUM(M30:X30) -> 2062.84
A31: Pana Tile | C31: m2 | D31: =Y31 -> 35942.8 | E31: =Y32 -> 0 | F31: =Y33 -> 2278.08 | G31: =SUM(D31:F31) -> 38220.88 | L31: A1 | P31: 13850 | R31: ='T6.2025'!F186 -> 22092.8 | Y31: =SUM(M31:X31) -> 35942.8
C32: % | D32: =D31/$G$25*100 -> 90.64644 | E32: =E31/$G$25*100 -> 0 | F32: =F31/$G$25*100 -> 5.7452353 | G32: =SUM(D32:F32) -> 96.391675 | H32: =G31/$G$37*100 -> 3.5976839 | L32: A | Y32: =SUM(M32:X32) -> 0
L33: B | P33: 864 | R33: ='T6.2025'!H186 -> 1414.08 | Y33: =SUM(M33:X33) -> 2278.08
A34: Unitile | C34: m2 | D34: =Y34 -> 877 | E34: =Y35 -> 0 | F34: =Y36 -> 0 | G34: =SUM(D34:F34) -> 877 | L34: A1 | P34: 877 | Y34: =SUM(M34:X34) -> 877
C35: % | D35: =D34/$G$25*100 -> 2.2117622 | E35: =E34/$G$25*100 -> 0 | F35: =F34/$G$25*100 -> 0 | G35: =SUM(D35:F35) -> 2.2117622 | H35: =G34/$G$37*100 -> 0.082550919 | L35: A | Y35: =SUM(M35:X35) -> 0
L36: B | Y36: =SUM(M36:X36) -> 0
A37: Tổng men Panson 40X80 | C37: m2 | D37: =D7+D10+D13+D16+D19+D22+D25+D28+D31+D34 -> 985955.4 | E37: =E7+E10+E13+E16+E19+E22+E25+E28+E31+E34 -> 184.32 | F37: =F7+F10+F13+F16+F19+F22+F25+F28+F31+F34 -> 76234.88 | G37: =G7+G10+G13+G16+G19+G22+G25+G28+G31+G34 -> 1062374.6 | L37: A1 | Y37: =SUM(M37:X37) -> 0
C38: % | D38: =D37/$G$37*100 -> 92.806756 | E38: =E37/$G$37*100 -> 0.017349812 | F38: =F37/$G$37*100 -> 7.1758945 | G38: =SUM(D38:F38) -> 100 | L38: A | Y38: =SUM(M38:X38) -> 0
L39: B | Y39: =SUM(M39:X39) -> 0
A40: Luxury | C40: m2 | D40: =Y40 -> 58545 | E40: =Y41 -> 0 | F40: =Y42 -> 4089.24 | G40: =SUM(D40:F40) -> 62634.24 | I40: Sản lượng men Bóng 60x60 | L40: A1 | M40: ='T1.2025'!F97 -> 0 | Q40: ='T5.2025'!F138 -> 58545 | Y40: =SUM(M40:X40) -> 58545
C41: % | D41: =D40/$G$40*100 -> 93.471239 | E41: =E40/$G$40*100 -> 0 | F41: =F40/$G$40*100 -> 6.5287613 | G41: =SUM(D41:F41) -> 100 | H41: =G40/$G$67*100 -> 63.114745 | L41: A | M41: ='T1.2025'!G97 -> 0 | Y41: =SUM(M41:X41) -> 0
L42: B | M42: ='T1.2025'!H97 -> 0 | Q42: ='T5.2025'!H138 -> 4089.24 | Y42: =SUM(M42:X42) -> 4089.24
A43: Espana | C43: m2 | D43: =Y43 -> 19218.6 | E43: =Y44 -> 0 | F43: =Y45 -> 537.84 | G43: =SUM(D43:F43) -> 19756.44 | L43: A1 | M43: ='T1.2025'!F99 -> 0 | Q43: ='T5.2025'!F146 -> 19218.6 | Y43: =SUM(M43:X43) -> 19218.6
C44: % | D44: =D43/$G$43*100 -> 97.277647 | E44: =E43/$G$43*100 -> 0 | F44: =F43/$G$43*100 -> 2.7223528 | G44: =SUM(D44:F44) -> 100 | H44: =G43/$G$67*100 -> 19.908004 | L44: A | M44: ='T1.2025'!G99 -> 0 | Y44: =SUM(M44:X44) -> 0
L45: B | M45: ='T1.2025'!H99 -> 0 | Q45: ='T5.2025'!H146 -> 537.84 | Y45: =SUM(M45:X45) -> 537.84
A46: Green Home | C46: m2 | D46: =Y46 -> 0 | E46: =Y47 -> 0 | F46: =Y48 -> 0 | G46: =SUM(D46:F46) -> 0 | L46: A1 | M46: ='T1.2025'!F101 -> 0 | Y46: =SUM(M46:X46) -> 0
C47: % | D47: =D46/$G$46*100 -> #DIV/0! | E47: =E46/$G$46*100 -> #DIV/0! | F47: =F46/$G$46*100 -> #DIV/0! | G47: =SUM(D47:F47) -> #DIV/0! | H47: =G46/$G$67*100 -> 0 | L47: A | M47: ='T1.2025'!G101 -> 0 | Y47: =SUM(M47:X47) -> 0
L48: B | M48: ='T1.2025'!H101 -> 0 | Y48: =SUM(M48:X48) -> 0
A49: Havira | C49: m2 | D49: =Y49 -> 5306.4 | E49: =Y50 -> 0 | F49: =Y51 -> 361.44 | G49: =SUM(D49:F49) -> 5667.84 | L49: A1 | M49: ='T1.2025'!F103 -> 0 | Q49: ='T5.2025'!F140 -> 5306.4 | Y49: =SUM(M49:X49) -> 5306.4
C50: % | D50: =D49/$G$49*100 -> 93.622967 | E50: =E49/$G$49*100 -> 0 | F50: =F49/$G$49*100 -> 6.3770325 | G50: =SUM(D50:F50) -> 100 | H50: =G49/$G$67*100 -> 5.7113214 | L50: A | M50: ='T1.2025'!G103 -> 0 | Y50: =SUM(M50:X50) -> 0
L51: B | M51: ='T1.2025'!H103 -> 0 | Q51: ='T5.2025'!H140 -> 361.44 | Y51: =SUM(M51:X51) -> 361.44
A52: Green Era | C52: m2 | D52: =Y52 -> 0 | E52: =Y53 -> 0 | F52: =Y54 -> 0 | G52: =SUM(D52:F52) -> 0 | L52: A1 | Y52: =SUM(M52:X52) -> 0
C53: % | D53: =D52/$H$195*100 -> #DIV/0! | E53: =E52/$H$195*100 -> #DIV/0! | F53: =F52/$H$195*100 -> #DIV/0! | G53: =SUM(D53:F53) -> #DIV/0! | H53: =G52/$H$207*100 -> #DIV/0! | L53: A | Y53: =SUM(M53:X53) -> 0
L54: B | Y54: =SUM(M54:X54) -> 0
A55: Sahado | C55: m2 | D55: =Y55 -> 0 | E55: =Y56 -> 0 | F55: =Y57 -> 0 | G55: =SUM(D55:F55) -> 0 | L55: A1 | Y55: =SUM(M55:X55) -> 0
C56: % | D56: =D55/$H$197*100 -> #DIV/0! | E56: =E55/$H$197*100 -> #DIV/0! | F56: =F55/$H$197*100 -> #DIV/0! | G56: =G55/$H$197*100 -> #DIV/0! | H56: =G55/$H$207*100 -> #DIV/0! | L56: A | Y56: =SUM(M56:X56) -> 0
L57: B | Y57: =SUM(M57:X57) -> 0
A58: Pana Tile | C58: m2 | D58: =Y58 -> 0 | E58: =Y59 -> 0 | F58: =Y60 -> 0 | G58: =SUM(D58:F58) -> 0 | L58: A1 | Y58: =SUM(M58:X58) -> 0
C59: % | D59: =D58/$H$199*100 -> #DIV/0! | E59: =E58/$H$199*100 -> #DIV/0! | F59: =F58/$H$199*100 -> #DIV/0! | G59: =G58/$H$199*100 -> #DIV/0! | H59: =G58/$H$207*100 -> #DIV/0! | L59: A | Y59: =SUM(M59:X59) -> 0
L60: B | Y60: =SUM(M60:X60) -> 0
A61: Crown | C61: m2 | D61: =Y61 -> 3603.6 | E61: =Y62 -> 0 | F61: =Y63 -> 97.92 | G61: =SUM(D61:F61) -> 3701.52 | L61: A1 | Q61: ='T5.2025'!F142 -> 3603.6 | Y61: =SUM(M61:X61) -> 3603.6
C62: % | D62: =D61/$H$201*100 -> #DIV/0! | E62: =E61/$H$201*100 -> #DIV/0! | F62: =F61/$H$201*100 -> #DIV/0! | G62: =G61/$H$201*100 -> #DIV/0! | H62: =G61/$H$207*100 -> #DIV/0! | L62: A | Y62: =SUM(M62:X62) -> 0
L63: B | Q63: ='T5.2025'!H142 -> 97.92 | Y63: =SUM(M63:X63) -> 97.92
A64: Green Home | C64: m2 | D64: =Y64 -> 7218 | E64: =Y65 -> 0 | F64: =Y66 -> 260.64 | G64: =SUM(D64:F64) -> 7478.64 | L64: A1 | Q64: ='T5.2025'!F144 -> 7218 | Y64: =SUM(M64:X64) -> 7218
C65: % | D65: =D64/$G$64*100 -> 96.514874 | E65: =E64/$G$64*100 -> 0 | F65: =F64/$G$64*100 -> 3.4851256 | G65: =SUM(D65:F65) -> 100 | H65: =G64/$H$207*100 -> #DIV/0! | L65: A | Y65: =SUM(M65:X65) -> 0
L66: B | Q66: ='T5.2025'!H144 -> 260.64 | Y66: =SUM(M66:X66) -> 260.64
A67: Tổng men Bóng 60X60 | C67: m2 | D67: =D40+D43+D46+D49+D52+D55+D58+D61+D64 -> 93891.6 | E67: =E40+E43+E46+E49+E52+E55+E58+E61+E64 -> 0 | F67: =F40+F43+F46+F49+F52+F55+F58+F61+F64 -> 5347.08 | G67: =SUM(D67:F67) -> 99238.68 | L67: A1 | Y67: =SUM(M67:X67) -> 0
C68: % | D68: =D67/$G$67*100 -> 94.611899 | E68: =E67/$G$67*100 -> 0 | F68: =F67/$G$67*100 -> 5.3881007 | G68: =SUM(D68:F68) -> 100 | L68: A | Y68: =SUM(M68:X68) -> 0
L69: B | Y69: =SUM(M69:X69) -> 0
A70: Luxury | C70: m2 | D70: =Y70 -> 7331.4 | E70: =Y71 -> 0 | F70: =Y72 -> 192.96 | G70: =SUM(D70:F70) -> 7524.36 | I70: Sản lượng men Matt 60x60 | L70: A1 | M70: ='T1.2025'!F107 -> 0 | Q70: ='T5.2025'!F154 -> 7331.4 | Y70: =SUM(M70:X70) -> 7331.4
C71: % | D71: =D70/$G$70*100 -> 97.435529 | E71: =E70/$G$70*100 -> 0 | F71: =F70/$G$70*100 -> 2.5644706 | G71: =SUM(D71:F71) -> 100 | H71: =D70/$G$82*100 -> 42.328317 | L71: A | M71: ='T1.2025'!G107 -> 0 | Y71: =SUM(M71:X71) -> 0
L72: B | M72: ='T1.2025'!H107 -> 0 | Q72: ='T5.2025'!H154 -> 192.96 | Y72: =SUM(M72:X72) -> 192.96
A73: Crown | C73: m2 | D73: =Y73 -> 4341.6 | E73: =Y74 -> 0 | F73: =Y75 -> 140.04 | G73: =SUM(D73:F73) -> 4481.64 | L73: A1 | M73: ='T1.2025'!F109 -> 0 | Q73: ='T5.2025'!F158 -> 4341.6 | Y73: =SUM(M73:X73) -> 4341.6
C74: % | D74: =D73/$G$73*100 -> 96.875251 | E74: =E73/$G$73*100 -> 0 | F74: =F73/$G$73*100 -> 3.124749 | G74: =SUM(D74:F74) -> 100 | H74: =D73/$G$82*100 -> 25.066511 | L74: A | M74: ='T1.2025'!G109 -> 0 | Y74: =SUM(M74:X74) -> 0
L75: B | M75: ='T1.2025'!H109 -> 0 | Q75: ='T5.2025'!H158 -> 140.04 | Y75: =SUM(M75:X75) -> 140.04
A76: Havira | C76: m2 | D76: =Y76 -> 2476.8 | E76: =Y77 -> 0 | F76: =Y78 -> 38.88 | G76: =SUM(D76:F76) -> 2515.68 | L76: A1 | M76: ='T1.2025'!F111 -> 0 | Q76: ='T5.2025'!F156 -> 2476.8 | Y76: =SUM(M76:X76) -> 2476.8
C77: % | D77: =D76/$G$76*100 -> 98.454493 | E77: =E76/$G$76*100 -> 0 | F77: =F76/$G$76*100 -> 1.5455066 | G77: =SUM(D77:F77) -> 100 | H77: =D76/$G$82*100 -> 14.299967 | L77: A | M77: ='T1.2025'!G111 -> 0 | Y77: =SUM(M77:X77) -> 0
L78: B | M78: ='T1.2025'!H111 -> 0 | Q78: ='T5.2025'!H156 -> 38.88 | Y78: =SUM(M78:X78) -> 38.88
A79: Green Home | C79: m2 | D79: =Y79 -> 2768.4 | E79: =Y80 -> 0 | F79: =Y81 -> 30.24 | G79: =SUM(D79:F79) -> 2798.64 | L79: A1 | Q79: ='T5.2025'!F160 -> 2768.4 | Y79: =SUM(M79:X79) -> 2768.4
C80: % | D80: =D79/$G$115*100 -> 8.2340169 | E80: =E79/$G$115*100 -> 0 | F80: =F79/$G$115*100 -> 0.089942448 | G80: =SUM(D80:F80) -> 8.3239594 | H80: =D79/$G$82*100 -> 15.983538 | L80: A | Y80: =SUM(M80:X80) -> 0
L81: B | Q81: ='T5.2025'!H160 -> 30.24 | Y81: =SUM(M81:X81) -> 30.24
A82: Tổng men Matt 60X60 | C82: m2 | D82: =D70+D73+D76+D79 -> 16918.2 | E82: =E70+E73+E76+E79 -> 0 | F82: =F70+F73+F76+F79 -> 402.12 | G82: =SUM(D82:F82) -> 17320.32 | L82: A1 | Y82: =SUM(M82:X82) -> 0
C83: % | D83: =D82/$G$124*100 -> 3.9684414 | E83: =E82/$G$124*100 -> 0 | F83: =F82/$G$124*100 -> 0.094323845 | G83: =SUM(D83:F83) -> 4.0627653 | L83: A | Y83: =SUM(M83:X83) -> 0
L84: B | Y84: =SUM(M84:X84) -> 0
A85: Luxury | C85: m2 | D85: =Y85 -> 44421.5 | E85: =Y86 -> 0 | F85: =Y87 -> 4154 | G85: =SUM(D85:F85) -> 48575.5 | H85: =G85/$G$124*100 -> 11.394181 | I85: Sản lượng men Bóng 50X50 | L85: A1 | M85: ='T1.2025'!F85 -> 11471 | Q85: ='T5.2025'!F124 -> 32950.5 | Y85: =SUM(M85:X85) -> 44421.5
C86: % | D86: =D85/$G$103*100 -> 25.604055 | E86: =E85/$G$103*100 -> 0 | F86: =F85/$G$103*100 -> 2.3943191 | G86: =SUM(D86:F86) -> 27.998375 | L86: A | M86: ='T1.2025'!G85 -> 0 | Q86: ='T5.2025'!G124 -> 0 | Y86: =SUM(M86:X86) -> 0
L87: B | M87: ='T1.2025'!H85 -> 1523 | Q87: ='T5.2025'!H124 -> 2631 | Y87: =SUM(M87:X87) -> 4154
A88: Crown | C88: m2 | D88: =Y88 -> 2130 | E88: =Y89 -> 0 | F88: =Y90 -> 73.5 | G88: =SUM(D88:F88) -> 2203.5 | H88: =G88/$G$124*100 -> 0.51686708 | L88: A1 | M88: ='T1.2025'!F87 -> 1056 | Q88: ='T5.2025'!F130 -> 1074 | Y88: =SUM(M88:X88) -> 2130
C89: % | D89: =D88/$G$106*100 -> 50.690148 | E89: =E88/$G$106*100 -> 0 | F89: =F88/$G$106*100 -> 1.7491671 | G89: =SUM(D89:F89) -> 52.439315 | L89: A | M89: ='T1.2025'!G87 -> 0 | Y89: =SUM(M89:X89) -> 0
L90: B | M90: ='T1.2025'!H87 -> 51 | Q90: ='T5.2025'!H130 -> 22.5 | Y90: =SUM(M90:X90) -> 73.5
A91: Green Home | C91: m2 | D91: =Y91 -> 13999.5 | E91: =Y92 -> 0 | F91: =Y93 -> 3231.5 | G91: =SUM(D91:F91) -> 17231 | H91: =G91/$G$124*100 -> 4.0418138 | L91: A1 | M91: ='T1.2025'!F91 -> 3759 | Q91: ='T5.2025'!F122 -> 10240.5 | Y91: =SUM(M91:X91) -> 13999.5
C92: % | D92: =D91/$G$109*100 -> 24.28066 | E92: =E91/$G$109*100 -> 0 | F92: =F91/$G$109*100 -> 5.6046967 | G92: =SUM(D92:F92) -> 29.885357 | L92: A | M92: ='T1.2025'!G91 -> 0 | Y92: =SUM(M92:X92) -> 0
L93: B | M93: ='T1.2025'!H91 -> 287 | Q93: ='T5.2025'!H122 -> 2944.5 | Y93: =SUM(M93:X93) -> 3231.5
A94: Xanh Tím | C94: m2 | D94: =Y94 -> 9583.5 | E94: =Y95 -> 0 | F94: =Y96 -> 884 | G94: =SUM(D94:F94) -> 10467.5 | H94: =G94/$G$124*100 -> 2.4553239 | L94: A1 | M94: ='T1.2025'!F89 -> 4914 | Q94: ='T5.2025'!F126 -> 4669.5 | Y94: =SUM(M94:X94) -> 9583.5
C95: % | D95: =D94/$G$112*100 -> 12.567206 | E95: =E94/$G$112*100 -> 0 | F95: =F94/$G$112*100 -> 1.1592226 | G95: =SUM(D95:F95) -> 13.726429 | L95: A | M95: ='T1.2025'!G89 -> 0 | Y95: =SUM(M95:X95) -> 0
L96: B | M96: ='T1.2025'!H89 -> 302 | Q96: ='T5.2025'!H126 -> 582 | Y96: =SUM(M96:X96) -> 884
A97: Havira | C97: m2 | D97: =Y97 -> 9459 | E97: =Y98 -> 0 | F97: =Y99 -> 522 | G97: =SUM(D97:F97) -> 9981 | H97: =G97/$G$124*100 -> 2.3412073 | L97: A1 | Q97: ='T5.2025'!F128 -> 9459 | Y97: =SUM(M97:X97) -> 9459
C98: % | D98: =D97/$G$115*100 -> 28.133783 | E98: =E97/$G$115*100 -> 0 | F98: =F97/$G$115*100 -> 1.552578 | G98: =SUM(D98:F98) -> 29.686361 | L98: A | Y98: =SUM(M98:X98) -> 0
L99: B | Q99: ='T5.2025'!H128 -> 522 | Y99: =SUM(M99:X99) -> 522
A100: Tổng men Bóng 50X50 | C100: m2 | D100: =D85+D88+D91+D94+D97 -> 79593.5 | E100: =E85+E88+E91+E94+E97 -> 0 | F100: =F85+F88+F91+F94+F97 -> 8865 | G100: =SUM(D100:F100) -> 88458.5 | L100: A1 | Y100: =SUM(M100:X100) -> 0
C101: % | D101: =D100/$G$100*100 -> 89.978351 | E101: =E100/$G$100*100 -> 0 | F101: =F100/$G$100*100 -> 10.021649 | G101: =SUM(D101:F101) -> 100 | L101: A | Y101: =SUM(M101:X101) -> 0
L102: B | Y102: =SUM(M102:X102) -> 0
A103: Luxury | C103: m2 | D103: =Y103 -> 170811.5 | E103: =Y104 -> 0 | F103: =Y105 -> 2682.5 | G103: =SUM(D103:F103) -> 173494 | H103: =G103/$G$124*100 -> 40.695865 | I103: Sản lượng men Sân vườn Sugar 50X50 | L103: A1 | M103: ='T1.2025'!F115 -> 29660 | P103: 74484 | Q103: ='T5.2025'!F102 -> 66667.5 | Y103: =SUM(M103:X103) -> 170811.5
C104: % | D104: =D103/$G$103*100 -> 98.453837 | E104: =E103/$G$103*100 -> 0 | F104: =F103/$G$103*100 -> 1.546163 | G104: =SUM(D104:F104) -> 100 | L104: A | M104: ='T1.2025'!G115 -> 0 | Y104: =SUM(M104:X104) -> 0
...

Sheet TH Thương hiệu DC1
A5: Thương hiệu | C5: ĐVT | D5: Thực Hiện | H5: Tỷ lệ | I5: Ghi chú
D6: A1 | E6: A | F6: B | G6: Tổng A1+A+B | H6: % | L6: SL (M2) | M6: T1 | N6: T2 | O6: T3 | P6: T4 | Q6: T5 | R6: T6 | S6: T7 | T6: T8 | U6: T9 | V6: T10 | W6: T11 | X6: T12 | Y6: Tổng: | Z6: Tổng C: | AA6: Số ngày SX
A7: Luxury | C7: m2 | D7: =Y7 -> 111178.56 | E7: =Y8 -> 3644.64 | F7: =Y9 -> 18577.44 | G7: =SUM(D7:F7) -> 133400.64 | I7: Sản lượng men Panson | L7: A1 | M7: ='T1.2025'!F45 -> 0 | O7: ='T3.2025 '!F57 -> 64971.36 | P7: 41916 | Q7: ='T5.2025'!F70 -> 4291.2 | Y7: =SUM(M7:X7) -> 111178.56
C8: % | D8: =D7/$G$7*100 -> 83.341849 | E8: =E7/$G$7*100 -> 2.7321008 | F8: =F7/$G$7*100 -> 13.92605 | G8: =SUM(D8:F8) -> 100 | H8: =G7/$G$70*100 -> 7.8349273 | L8: A | M8: ='T1.2025'!G45 -> 0 | O8: ='T3.2025 '!G57 -> 2617.92 | P8: 853.92 | Q8: ='T5.2025'!G70 -> 172.8 | Y8: =SUM(M8:X8) -> 3644.64
L9: B | M9: ='T1.2025'!H45 -> 0 | O9: ='T3.2025 '!H57 -> 15330.24 | P9: 2443.68 | Q9: ='T5.2025'!H70 -> 803.52 | Y9: =SUM(M9:X9) -> 18577.44
A10: Green Era | C10: m2 | D10: =Y10 -> 0 | E10: =Y11 -> 0 | F10: =Y12 -> 0 | G10: =SUM(D10:F10) -> 0 | L10: A1 | Y10: =SUM(M10:X10) -> 0
C11: % | D11: =D10/$G$10*100 -> #DIV/0! | E11: =E10/$G$10*100 -> #DIV/0! | F11: =F10/$G$10*100 -> #DIV/0! | G11: =SUM(D11:F11) -> #DIV/0! | H11: =G10/$G$70*100 -> 0 | L11: A | Y11: =SUM(M11:X11) -> 0
L12: B | Y12: =SUM(M12:X12) -> 0
A13: Lustile | C13: m2 | D13: =Y13 -> 164010.24 | E13: =Y14 -> 0 | F13: =Y15 -> 0 | G13: =SUM(D13:F13) -> 164010.24 | L13: A1 | M13: ='T1.2025'!F47 -> 0 | O13: ='T3.2025 '!F55 -> 164010.24 | Y13: =SUM(M13:X13) -> 164010.24
C14: % | D14: =D13/$G$13*100 -> 100 | E14: =E13/$G$13*100 -> 0 | F14: =F13/$G$13*100 -> 0 | G14: =SUM(D14:F14) -> 100 | H14: =G13/$G$70*100 -> 9.6326997 | L14: A | M14: ='T1.2025'!G47 -> 0 | Y14: =SUM(M14:X14) -> 0
L15: B | M15: ='T1.2025'!H47 -> 0 | O15: ='T3.2025 '!H55 -> 0 | Y15: =SUM(M15:X15) -> 0
A16: Sahado | C16: m2 | D16: =Y16 -> 26395.2 | E16: =Y17 -> 0 | F16: =Y18 -> 2674.08 | G16: =SUM(D16:F16) -> 29069.28 | L16: A1 | M16: ='T1.2025'!F49 -> 0 | O16: ='T3.2025 '!F59 -> 2779.2 | Q16: ='T5.2025'!F74 -> 23616 | Y16: =SUM(M16:X16) -> 26395.2
C17: % | D17: =D16/$G$16*100 -> 90.801011 | E17: =E16/$G$16*100 -> 0 | F17: =F16/$G$16*100 -> 9.1989894 | G17: =SUM(D17:F17) -> 100 | H17: =G16/$G$70*100 -> 1.7073059 | L17: A | M17: ='T1.2025'!G49 -> 0 | Q17: ='T5.2025'!G74 -> 0 | Y17: =SUM(M17:X17) -> 0
L18: B | M18: ='T1.2025'!H49 -> 0 | O18: ='T3.2025 '!H59 -> 259.2 | Q18: ='T5.2025'!H74 -> 2414.88 | Y18: =SUM(M18:X18) -> 2674.08
A19: Havira | C19: m2 | D19: =Y19 -> 5518.4 | E19: =Y20 -> 0 | F19: =Y21 -> 634.84 | G19: =SUM(D19:F19) -> 6153.24 | L19: A1 | P19: 3020 | Q19: ='T5.2025'!F72 -> 2498.4 | Y19: =SUM(M19:X19) -> 5518.4
C20: % | D20: =D19/$G$19*100 -> 89.682834 | E20: =E19/$G$19*100 -> 0 | F20: =F19/$G$19*100 -> 10.317166 | G20: =SUM(D20:F20) -> 100 | H20: =G19/$G$70*100 -> 0.36139398 | L20: A | Q20: ='T5.2025'!G72 -> 0 | Y20: =SUM(M20:X20) -> 0
L21: B | P21: 187 | Q21: ='T5.2025'!H72 -> 447.84 | Y21: =SUM(M21:X21) -> 634.84
A22: Tổng men Panson: | C22: m2 | D22: =D7+D10+D13+D16+D19 -> 307102.4 | E22: =E7+E10+E13+E16+E19 -> 3644.64 | F22: =F7+F10+F13+F16+F19 -> 21886.36 | G22: =SUM(D22:F22) -> 332633.4 | L22: A1
C23: % | D23: =D22/$G$22*100 -> 92.324583 | E23: =E22/$G$22*100 -> 1.0956927 | F23: =F22/$G$22*100 -> 6.5797241 | G23: =SUM(D23:F23) -> 100 | H23: =G22/$G$70*100 -> 19.536327 | L23: A
L24: B
A25: Grandcera chung | C25: m2 | D25: =Y25 -> 774043.2 | E25: =Y26 -> 36695.36 | F25: =Y27 -> 41104.6 | G25: =SUM(D25:F25) -> 851843.16 | I25: Sản lượng men Phương Nam | L25: A1 | M25: ='T1.2025'!F53 -> 0 | N25: ='T2.2025 '!F49 -> 76659.84 | O25: ='T3.2025 '!F37 -> 152226.72 | P25: 228780 | Q25: ='T5.2025'!F52 -> 151758.72 | R25: ='T6.2025'!F54 -> 164617.92 | Y25: =SUM(M25:X25) -> 774043.2
C26: % | D26: =D25/$G$25*100 -> 90.866868 | E26: =E25/$G$25*100 -> 4.3077601 | F26: =F25/$G$25*100 -> 4.8253718 | G26: =SUM(D26:F26) -> 100 | H26: =G25/$G$70*100 -> 50.030713 | L26: A | M26: ='T1.2025'!G53 -> 0 | N26: ='T2.2025 '!G49 -> 5675.04 | O26: ='T3.2025 '!G37 -> 5929.92 | P26: 8696 | Q26: ='T5.2025'!G52 -> 7107.84 | R26: ='T6.2025'!G54 -> 9286.56 | Y26: =SUM(M26:X26) -> 36695.36
L27: B | M27: ='T1.2025'!H53 -> 0 | N27: ='T2.2025 '!H49 -> 4896 | O27: ='T3.2025 '!H37 -> 6896.16 | P27: 9871 | Q27: ='T5.2025'!H52 -> 8069.76 | R27: ='T6.2025'!H54 -> 11371.68 | Y27: =SUM(M27:X27) -> 41104.6
A28: Grandcera độc quyền | C28: m2 | D28: =Y28 -> 0 | E28: =Y29 -> 0 | F28: =Y30 -> 0 | G28: =SUM(D28:F28) -> 0 | L28: A1 | Y28: =SUM(M28:X28) -> 0
C29: % | D29: =D28/$H$130*100 -> #DIV/0! | E29: =E28/$H$130*100 -> #DIV/0! | F29: =F28/$H$130*100 -> #DIV/0! | G29: =SUM(D29:F29) -> #DIV/0! | H29: =G28/$G$70*100 -> 0 | L29: A | Y29: =SUM(M29:X29) -> 0
L30: B | Y30: =SUM(M30:X30) -> 0
A31: Crown | C31: m2 | D31: =Y31 -> 83359.76 | E31: =Y32 -> 0 | F31: =Y33 -> 6028.12 | G31: =SUM(D31:F31) -> 89387.88 | L31: A1 | M31: ='T1.2025'!F55 -> 0 | N31: ='T2.2025 '!F51 -> 5196.96 | O31: ='T3.2025 '!F41 -> 11684.16 | P31: 19742 | Q31: ='T5.2025'!F56 -> 27426.24 | R31: ='T6.2025'!F58 -> 19310.4 | Y31: =SUM(M31:X31) -> 83359.76
C32: % | D32: =D31/$G$31*100 -> 93.256222 | E32: =E31/$G$31*100 -> 0 | F32: =F31/$G$31*100 -> 6.7437778 | G32: =SUM(D32:F32) -> 100 | H32: =G31/$G$70*100 -> 5.2499564 | L32: A | M32: ='T1.2025'!G55 -> 0 | N32: ='T2.2025 '!G51 -> 0 | Q32: ='T5.2025'!G56 -> 0 | Y32: =SUM(M32:X32) -> 0
L33: B | M33: ='T1.2025'!H55 -> 0 | N33: ='T2.2025 '!H51 -> 440.64 | O33: ='T3.2025 '!H41 -> 662.4 | P33: 1639 | Q33: ='T5.2025'!H56 -> 1558.08 | R33: ='T6.2025'!H58 -> 1728 | Y33: =SUM(M33:X33) -> 6028.12
A34: Esspana | C34: m2 | D34: =Y34 -> 32997.36 | E34: =Y35 -> 0 | F34: =Y36 -> 3757.08 | G34: =SUM(D34:F34) -> 36754.44 | L34: A1 | M34: ='T1.2025'!F57 -> 0 | O34: ='T3.2025 '!F39 -> 624.96 | P34: 14934 | Q34: ='T5.2025'!F54 -> 8082.72 | R34: ='T6.2025'!F56 -> 9355.68 | Y34: =SUM(M34:X34) -> 32997.36
C35: % | D35: =D34/$G$34*100 -> 89.777888 | E35: =E34/$G$34*100 -> 0 | F35: =F34/$G$34*100 -> 10.222112 | G35: =SUM(D35:F35) -> 100 | H35: =G34/$G$70*100 -> 2.158673 | L35: A | M35: ='T1.2025'!G57 -> 0 | Q35: ='T5.2025'!G54 -> 0 | Y35: =SUM(M35:X35) -> 0
L36: B | M36: ='T1.2025'!H57 -> 0 | O36: ='T3.2025 '!H39 -> 79.2 | P36: 1083 | Q36: ='T5.2025'!H54 -> 519.84 | R36: ='T6.2025'!H56 -> 2075.04 | Y36: =SUM(M36:X36) -> 3757.08
A37: Green Era | C37: m2 | D37: =Y37 -> 49259.12 | E37: =Y38 -> 1691.56 | F37: =Y39 -> 2500.8 | G37: =SUM(D37:F37) -> 53451.48 | L37: A1 | O37: ='T3.2025 '!F47 -> 9253.44 | P37: 18518 | Q37: ='T5.2025'!F62 -> 8536.32 | R37: ='T6.2025'!F64 -> 12951.36 | Y37: =SUM(M37:X37) -> 49259.12
C38: % | D38: =D37/$H$136*100 -> #DIV/0! | E38: =E37/$H$136*100 -> #DIV/0! | F38: =F37/$H$136*100 -> #DIV/0! | G38: =SUM(D38:F38) -> #DIV/0! | H38: =G37/$G$70*100 -> 3.1393287 | L38: A | O38: ='T3.2025 '!G47 -> 365.76 | P38: 397 | Q38: ='T5.2025'!G62 -> 432 | R38: ='T6.2025'!G64 -> 496.8 | Y38: =SUM(M38:X38) -> 1691.56
L39: B | O39: ='T3.2025 '!H47 -> 217.44 | P39: 1032 | Q39: ='T5.2025'!H62 -> 472.32 | R39: ='T6.2025'!H64 -> 779.04 | Y39: =SUM(M39:X39) -> 2500.8
A40: Sahado | C40: m2 | D40: =Y40 -> 31897.44 | E40: =Y41 -> 0 | F40: =Y42 -> 2551.6 | G40: =SUM(D40:F40) -> 34449.04 | L40: A1 | N40: ='T2.2025 '!F53 -> 1958.4 | O40: ='T3.2025 '!F43 -> 2750.4 | P40: 19044 | Q40: ='T5.2025'!F58 -> 1929.6 | R40: ='T6.2025'!F60 -> 6215.04 | Y40: =SUM(M40:X40) -> 31897.44
C41: % | D41: =D40/$G$40*100 -> 92.593117 | E41: =E40/$G$40*100 -> 0 | F41: =F40/$G$40*100 -> 7.4068827 | G41: =G40/$G$40*100 -> 100 | H41: =G40/$G$70*100 -> 2.0232716 | L41: A | N41: ='T2.2025 '!G53 -> 0 | Q41: ='T5.2025'!G58 -> 0 | Y41: =SUM(M41:X41) -> 0
L42: B | N42: ='T2.2025 '!H53 -> 175.68 | O42: ='T3.2025 '!H43 -> 306.72 | P42: 1414 | Q42: ='T5.2025'!H58 -> 135.36 | R42: ='T6.2025'!H60 -> 519.84 | Y42: =SUM(M42:X42) -> 2551.6
A43: Pana Tile | C43: m2 | D43: =Y43 -> 29594.88 | E43: =Y44 -> 0 | F43: =Y45 -> 1762.56 | G43: =SUM(D43:F43) -> 31357.44 | L43: A1 | O43: ='T3.2025 '!F49 -> 8828.64 | Q43: ='T5.2025'!F64 -> 13389.12 | R43: ='T6.2025'!F66 -> 7377.12 | Y43: =SUM(M43:X43) -> 29594.88
C44: % | D44: =D43/$H$140*100 -> #DIV/0! | E44: =E43/$H$140*100 -> #DIV/0! | F44: =F43/$H$140*100 -> #DIV/0! | G44: =G43/$H$140*100 -> #DIV/0! | H44: =G43/$G$70*100 -> 1.8416948 | L44: A | Q44: ='T5.2025'!G64 -> 0 | Y44: =SUM(M44:X44) -> 0
L45: B | O45: ='T3.2025 '!H49 -> 560.16 | Q45: ='T5.2025'!H64 -> 918.72 | R45: ='T6.2025'!H66 -> 283.68 | Y45: =SUM(M45:X45) -> 1762.56
A46: Top One | C46: m2 | D46: =Y46 -> 126581.84 | E46: =Y47 -> 5017 | F46: =Y48 -> 5048.84 | G46: =SUM(D46:F46) -> 136647.68 | L46: A1 | O46: ='T3.2025 '!F51 -> 22269.6 | P46: 49850 | Q46: ='T5.2025'!F66 -> 13351.68 | R46: ='T6.2025'!F68 -> 41110.56 | Y46: =SUM(M46:X46) -> 126581.84
C47: % | D47: =D46/$H$142*100 -> #DIV/0! | E47: =E46/$H$142*100 -> #DIV/0! | F47: =F46/$H$142*100 -> #DIV/0! | G47: =G46/$H$142*100 -> #DIV/0! | H47: =G46/$G$70*100 -> 8.0256334 | L47: A | O47: ='T3.2025 '!G51 -> 518.4 | P47: 2065 | Q47: ='T5.2025'!G66 -> 604.8 | R47: ='T6.2025'!G68 -> 1828.8 | Y47: =SUM(M47:X47) -> 5017
L48: B | O48: ='T3.2025 '!H51 -> 740.16 | P48: 2297 | Q48: ='T5.2025'!H66 -> 442.08 | R48: ='T6.2025'!H68 -> 1569.6 | Y48: =SUM(M48:X48) -> 5048.84
A49: Green Home | C49: m2 | D49: =Y49 -> 75689.68 | E49: =Y50 -> 2856.56 | F49: =Y51 -> 3430 | G49: =SUM(D49:F49) -> 81976.24 | L49: A1 | M49: ='T1.2025'!F59 -> 0 | N49: ='T2.2025 '!F55 -> 7333.92 | O49: ='T3.2025 '!F45 -> 14446.08 | P49: 12190 | Q49: ='T5.2025'!F60 -> 25904.16 | R49: ='T6.2025'!F62 -> 15815.52 | Y49: =SUM(M49:X49) -> 75689.68
C50: % | D50: =D49/$G$49*100 -> 92.331241 | E50: =E49/$G$49*100 -> 3.4846194 | F50: =F49/$G$49*100 -> 4.1841392 | G50: =SUM(D50:F50) -> 100 | H50: =G49/$G$70*100 -> 4.8146536 | L50: A | M50: ='T1.2025'!G59 -> 0 | N50: ='T2.2025 '!G55 -> 172.8 | O50: ='T3.2025 '!G45 -> 316.8 | P50: 518 | Q50: ='T5.2025'!G60 -> 1036.8 | R50: ='T6.2025'!G62 -> 812.16 | Y50: =SUM(M50:X50) -> 2856.56
L51: B | M51: ='T1.2025'!H59 -> 0 | N51: ='T2.2025 '!H55 -> 292.32 | O51: ='T3.2025 '!H45 -> 531.36 | P51: 586 | Q51: ='T5.2025'!H60 -> 928.8 | R51: ='T6.2025'!H62 -> 1091.52 | Y51: =SUM(M51:X51) -> 3430
A52: Tổng men Phương Nam | C52: m2 | D52: =D25+D28+D31+D34+D37+D40+D43+D46+D49 -> 1203423.3 | E52: =E25+E28+E31+E34+E37+E40+E43+E46+E49 -> 46260.48 | F52: =F25+F28+F31+F34+F37+F40+F43+F46+F49 -> 66183.6 | G52: =SUM(D52:F52) -> 1315867.4 | L52: A1
C53: % | D53: =D52/$G$52*100 -> 91.454756 | E53: =E52/$G$52*100 -> 3.5155884 | F53: =F52/$G$52*100 -> 5.0296559 | G53: =SUM(D53:F53) -> 100 | H53: =G52/$G$70*100 -> 77.283925 | L53: A
L54: B
A55: Crown | C55: m2 | D55: =Y55 -> 27152.64 | E55: =Y56 -> 0 | F55: =Y57 -> 1215.36 | G55: =SUM(D55:F55) -> 28368 | I55: Sản lượng men Matt | L55: A1 | M55: ='T1.2025'!F63 -> 0 | Q55: ='T5.2025'!F80 -> 27152.64 | Y55: =SUM(M55:X55) -> 27152.64
C56: % | D56: =D55/$G$55*100 -> 95.715736 | E56: =E55/$G$55*100 -> 0 | F56: =F55/$G$55*100 -> 4.284264 | G56: =SUM(D56:F56) -> 100 | H56: =G55/$G$70*100 -> 1.6661181 | L56: A | M56: ='T1.2025'!G63 -> 0 | Q56: ='T5.2025'!G80 -> 0 | Y56: =SUM(M56:X56) -> 0
L57: B | M57: ='T1.2025'!H63 -> 0 | Q57: ='T5.2025'!H80 -> 1215.36 | Y57: =SUM(M57:X57) -> 1215.36
A58: Grandcera chung | C58: m2 | D58: =Y58 -> 8570.88 | E58: =Y59 -> 86.4 | F58: =Y60 -> 282.24 | G58: =SUM(D58:F58) -> 8939.52 | L58: A1 | M58: ='T1.2025'!F65 -> 0 | Q58: ='T5.2025'!F82 -> 8570.88 | Y58: =SUM(M58:X58) -> 8570.88
C59: % | D59: =D58/$G$58*100 -> 95.876289 | E59: =E58/$G$58*100 -> 0.96649485 | F59: =F58/$G$58*100 -> 3.1572165 | G59: =SUM(D59:F59) -> 100 | H59: =G58/$G$70*100 -> 0.52503863 | L59: A | M59: ='T1.2025'!G65 -> 0 | Q59: ='T5.2025'!G82 -> 86.4 | Y59: =SUM(M59:X59) -> 86.4
L60: B | M60: ='T1.2025'!H65 -> 0 | Q60: ='T5.2025'!H82 -> 282.24 | Y60: =SUM(M60:X60) -> 282.24
A61: Luxury | C61: m2 | D61: =Y61 -> 14420.16 | E61: =Y62 -> 72 | F61: =Y63 -> 506.88 | G61: =SUM(D61:F61) -> 14999.04 | L61: A1 | M61: ='T1.2025'!F67 -> 0 | Q61: ='T5.2025'!F84 -> 14420.16 | Y61: =SUM(M61:X61) -> 14420.16
C62: % | D62: =D61/$G$61*100 -> 96.140553 | E62: =E61/$G$61*100 -> 0.48003072 | F62: =F61/$G$61*100 -> 3.3794163 | G62: =SUM(D62:F62) -> 100 | H62: =G61/$G$70*100 -> 0.88092821 | L62: A | M62: ='T1.2025'!G67 -> 0 | Q62: ='T5.2025'!G84 -> 72 | Y62: =SUM(M62:X62) -> 72
L63: B | M63: ='T1.2025'!H67 -> 0 | Q63: ='T5.2025'!H84 -> 506.88 | Y63: =SUM(M63:X63) -> 506.88
A64: Green Home | C64: m2 | D64: =Y64 -> 1752.48 | E64: =Y65 -> 0 | F64: =Y66 -> 80.64 | G64: =SUM(D64:F64) -> 1833.12 | L64: A1 | M64: ='T1.2025'!F69 -> 0 | Q64: ='T5.2025'!F86 -> 1752.48 | Y64: =SUM(M64:X64) -> 1752.48
C65: % | D65: =D64/$G$64*100 -> 95.600943 | E65: =E64/$G$64*100 -> 0 | F65: =F64/$G$64*100 -> 4.3990573 | G65: =SUM(D65:F65) -> 100 | H65: =G64/$G$70*100 -> 0.10766337 | L65: A | M65: ='T1.2025'!G69 -> 0 | Y65: =SUM(M65:X65) -> 0
L66: B | M66: ='T1.2025'!H69 -> 0 | Q66: ='T5.2025'!H86 -> 80.64 | Y66: =SUM(M66:X66) -> 80.64
A67: Tổng men Mattt | C67: m2 | D67: =D55+D58+D61+D64 -> 51896.16 | E67: =E55+E58+E61+E64 -> 158.4 | F67: =F55+F58+F61+F64 -> 2085.12 | G67: =SUM(D67:F67) -> 54139.68 | L67: A1 | Y67: =SUM(M67:X67) -> 0
C68: % | D68: =D67/$G$67*100 -> 95.856052 | E68: =E67/$G$67*100 -> 0.29257654 | F68: =F67/$G$67*100 -> 3.8513711 | G68: =SUM(D68:F68) -> 100 | H68: =G67/$G$70*100 -> 3.1797483 | L68: A | Y68: =SUM(M68:X68) -> 0
L69: B | Y69: =SUM(M69:X69) -> 0
A70: Tổng SL DC1: | C70: m2 | D70: =D22+D52+D67 -> 1562421.8 | E70: =E22+E52+E67 -> 50063.52 | F70: =F22+F52+F67 -> 90155.08 | G70: =SUM(D70:F70) -> 1702640.4 | L70: Tổng (m2): | M70: =SUM(M7:M69) -> 0 | N70: =SUM(N7:N69) -> 102801.6 | O70: =SUM(O7:O69) -> 489176.64 | P70: =SUM(P7:P69) -> 441076.6 | Q70: =SUM(Q7:Q69) -> 360989.28 | R70: =SUM(R7:R69) -> 308596.32 | S70: =SUM(S7:S69) -> 0 | T70: =SUM(T7:T69) -> 0 | ... Y70: =SUM(Y7:Y69) -> 1702640.4
C71: % | D71: =D70/$G$70*100 -> 91.764638 | E71: =E70/$G$70*100 -> 2.940346 | F71: =F70/$G$70*100 -> 5.2950158 | G71: =SUM(D71:F71) -> 100 | H71: =H23+H53+H68 -> 100 | L71: %
A73: Sản lượng theo cơ cấu chủng loại sản phẩm
A74: STT | B74: Chủng loại | D74: Kích thước | E74: Men | F74: Sản lượng | G74: Số ngày SX | H74: Tỷ lệ (%) | I74: Ghi chú
A75: 1 | B75: Gạch ốp | D75: 30x60 cm | E75: Phương Nam | F75: =G52 -> 1315867.4 | G75: ='TH SX Năm 2025'!H123 -> 86.756006 | H75: =F75/$F$78*100 -> 77.283925
A76: 2 | B76: Gạch ốp | D76: 30x60 cm | E76: Panson | F76: =G22 -> 332633.4 | G76: ='TH SX Năm 2025'!H124 -> 21.482097 | H76: =F76/$F$78*100 -> 19.536327
A77: 3 | B77: Gạch ốp | D77: 30x60 cm | E77: Matt | F77: =G67 -> 54139.68 | G77: ='TH SX Năm 2025'!H125 -> 3.7119027 | H77: =F77/$F$78*100 -> 3.1797483
A78: TỔNG | B78: - | D78: - | E78: - | F78: =SUM(F75:F77) -> 1702640.4 | G78: =SUM(G75:G77) -> 111.95001 | H78: =SUM(H75:H77) -> 100

Sheet TH Than 2025
A1: CÔNG TY CỔ PHẦN GẠCH MEN PHƯƠNG NAM
A2: Địa chỉ: Cụm CN VLXD Tân An, X. Tân An, H. Vĩnh Cửu, T. Đồng Nai
A3: Điện thoại: 0251 3684039 *** Email: gachmenphuongnam@gmail.com
A4: BÁO CÁO TIÊU HAO THAN 2 DC NĂM 2025
A5: STT | B5: KT | C5: Sản lượng (A1-A-B) | D5: KL Than cục | E5: Tiêu hao | F5: Xuất Cám | H5: Tiêu hao (cục + cám) | I5: Lĩnh bù | J5: Tiêu hao (cục + cám + lĩnh bù) | K5: Ghi chú
C6: m2 | D6: Kg | E6: Kg/ m2 | F6: Số lượng (Kg) | G6: Cám (%) | H6: Kg | I6: Kg | J6: Kg/ m2
A7: 1 | B7: 30X60 | C7: =B33 -> 1702641.7 | D7: =D33 -> 5003816 | E7: =D7/C7 -> 2.9388544 | F7: =E33 -> 519541 | G7: =F7/(D7+F7)*100 -> 9.4062542 | H7: =(D7+F7)/C7 -> 3.2439926 | I7: =F33 -> 34457 | J7: =(D7+F7+I7)/C7 -> 3.26423 | K7: DC1 SX lại từ ngày 22/02/2025
A8: 2 | B8: 40X80 | C8: =G33 -> 1062373.1 | D8: =I33 -> 3439724 | E8: =D8/C8 -> 3.2377739 | F8: =J33 -> 309127 | G8: =F8/(D8+F8)*100 -> 8.2459132 | H8: =(D8+F8)/C8 -> 3.5287517 | I8: =K33 -> 35288 | J8: =(D8+F8+I8)/C8 -> 3.5619679 | K8: DC2 SX lại từ ngày 05/03/2025: tháng 03-04-05-06
A9: 3 | B9: 40X60 | G9: =F9/(D9+F9)*100 -> #DIV/0!
A10: 3 | B10: 50X50 | C10: =L33 -> 514773.5 | D10: =N33 -> 1158501 | E10: =D10/C10 -> 2.2505063 | F10: =O33 -> 149956 | G10: =F10/(D10+F10)*100 -> 11.460522 | H10: =(D10+F10)/C10 -> 2.5418111 | I10: =P33 -> 2115 | J10: =(D10+F10+I10)/C10 -> 2.5459197 | K10: DC2 tháng 01-04-05
A11: 4 | B11: 60X60 | C11: =Q33 -> 116559 | D11: =S33 -> 224692 | E11: =D11/C11 -> 1.9277104 | F11: =T33 -> 39187 | G11: =F11/(D11+F11)*100 -> 14.850367 | H11: =(D11+F11)/C11 -> 2.2639093 | I11: =U33 -> 0 | J11: =(D11+F11+I11)/C11 -> 2.2639093 | K11: DC2 tháng 05
A12: Tổng năm 2 DC | C12: =SUM(C7:C11) -> 3396347.3 | D12: =SUM(D7:D11) -> 9826733 | E12: =D12/C12 -> 2.8933239 | F12: =SUM(F7:F11) -> 1017811 | G12: =SUM(G7:G11)/4 -> #DIV/0! | H12: =(D12+F12)/C12 -> 3.1930021 | I12: =SUM(I7:I11) -> 71860 | J12: =(D12+F12+I12)/C12 -> 3.2141601
A14: Trân trọng!
I15: Đồng Nai, ngày ... tháng 12 năm 2025
I16: P.TGĐ PT SX - KTCN
A19: THÁNG | B19: 300X600 (SX lại từ 22/02/25) | G19: 400X800 (SX lại từ 05/03/25): T3-T4-T5-T6 | L19: 500X500 ( T1-T4-T5 | Q19: 600X600 (T5 | V19: 400X600
B20: A1-A-B | C20: C | D20: Cục | E20: Cám | F20: Bù | G20: A1-A-B | H20: C | I20: Cục | J20: Cám | K20: Bù | L20: A1-A-B | M20: C | N20: Cục | O20: Cám | P20: Bù | Q20: A1-A-B | R20: C | S20: Cục | T20: Cám | U20: Bù | V20: A1-A-B | W20: C | X20: Cục | Y20: Cám | Z20: Bù
A21: 1 | L21: ='T1.2025'!F134 -> 115884.5 | N21: ='T1.2025'!I210 -> 245803 | O21: ='T1.2025'!L210 -> 21106 | P21: ='T1.2025'!O210 -> 355
A22: 2 | B22: ='T2.2025 '!I11 -> 102801.6 | C22: ='T2.2025 '!M11 -> 649.44 | D22: ='T2.2025 '!J86 -> 400363 | E22: ='T2.2025 '!M86 -> 21691 | F22: ='T2.2025 '!P86 -> 0
A23: 3 | B23: ='T3.2025 '!J154 -> 489176.73 | C23: ='T3.2025 '!M10 -> 1677.66 | D23: ='T3.2025 '!I154 -> 1499949 | E23: ='T3.2025 '!L154 -> 137444 | F23: ='T3.2025 '!O154 -> 16343 | G23: ='T3.2025 '!J165 -> 367895.04 | H23: ='T3.2025 '!M16 -> 1689.6 | I23: ='T3.2025 '!I165 -> 1301592 | J23: ='T3.2025 '!L165 -> 121885 | K23: ='T3.2025 '!O165 -> 14492
A24: 4 | B24: ='T4.2025 '!J196 -> 441077.76 | C24: ='T4.2025 '!M11 -> 1512 | D24: ='T4.2025 '!I196 -> 1280929 | E24: ='T4.2025 '!L196 -> 110494 | F24: ='T4.2025 '!O196 -> 7653 | G24: ='T4.2025 '!J202 -> 244602.88 | H24: ='T4.2025 '!M17 -> 1286.4 | I24: ='T4.2025 '!I202 -> 787687 | J24: ='T4.2025 '!L202 -> 67873 | K24: ='T4.2025 '!O202 -> 5105 | L24: ='T4.2025 '!I130 -> 148288.5 | M24: ='T4.2025 '!M23 -> 642 | N24: ='T4.2025 '!I208 -> 357263 | O24: ='T4.2025 '!L208 -> 30883 | P24: ='T4.2025 '!O208 -> 1760
A25: 5 | B25: ='T5.2025'!J265 -> 360989.28 | C25: ='T5.2025'!M11 -> 1689.12 | D25: ='T5.2025'!I265 -> 906891 | E25: ='T5.2025'!L265 -> 184210 | F25: ='T5.2025'!O265 -> 0 | G25: ='T5.2025'!J284 -> 19166.4 | H25: ='T5.2025'!M29 -> 240 | I25: ='T5.2025'!I284 -> 70279 | J25: ='T5.2025'!L284 -> 13564 | K25: ='T5.2025'!O284 -> 0 | L25: ='T5.2025'!J272 -> 250600.5 | M25: ='T5.2025'!M17 -> 1209 | N25: ='T5.2025'!I272 -> 555435 | O25: ='T5.2025'!L272 -> 97967 | P25: ='T5.2025'!O272 -> 0 | Q25: ='T5.2025'!J278 -> 116559 | R25: ='T5.2025'!M23 -> 712.8 | S25: ='T5.2025'!I278 -> 224692 | T25: ='T5.2025'!L278 -> 39187 | U25: ='T5.2025'!O278 -> 0
A26: 6 | B26: ='T6.2025'!J302 -> 308596.32 | C26: ='T6.2025'!M11 -> 1828.8 | D26: ='T6.2025'!I302 -> 915684 | E26: ='T6.2025'!L302 -> 65702 | F26: ='T6.2025'!O302 -> 10461 | G26: ='T6.2025'!J310 -> 430708.8 | H26: ='T6.2025'!M29 -> 2112 | I26: ='T6.2025'!I310 -> 1280166 | J26: ='T6.2025'!L310 -> 105805 | K26: ='T6.2025'!O310 -> 15691
A27: 7
A28: 8
A29: 9
A30: 10
A31: 11
A32: 12
A33: Tổng: | B33: =SUM(B21:B32) -> 1702641.7 | C33: =SUM(C21:C32) -> 7357.02 | D33: =SUM(D21:D32) -> 5003816 | E33: =SUM(E21:E32) -> 519541 | F33: =SUM(F21:F32) -> 34457 | G33: =SUM(G21:G32) -> 1062373.1 | H33: =SUM(H21:H32) -> 5328 | I33: =SUM(I21:I32) -> 3439724 | ... Z33: =SUM(Z21:Z32) -> 0
A34: Tổng C | B34: =SUM(B33:C33) -> 1709998.7 | G34: =SUM(G33:H33) -> 1067701.1 | L34: =SUM(L33:M33) -> 516624.5 | Q34: =SUM(Q33:R33) -> 117271.8 | V34: =SUM(V33:W33) -> 0
A37: - DC1 SX lại từ ngày 22/02/2025
A38: - DC2 SX lại từ ngày 05/03/25. Chạy 40x80 từ 05/03/25

Sheet 6 tháng đầu năm Than 2025 
A1: CÔNG TY CỔ PHẦN GẠCH MEN PHƯƠNG NAM
A2: Địa chỉ: Cụm CN VLXD Tân An, X. Tân An, H. Vĩnh Cửu, T. Đồng Nai
A3: Điện thoại: 0251 3684039 *** Email: gachmenphuongnam@gmail.com
A4: BÁO CÁO TIÊU HAO THAN 2 DC 6 THÁNG ĐẦU NĂM 2025
A5: STT | B5: KT | C5: Sản lượng (A1-A-B) | D5: KL Than cục | E5: Tiêu hao | F5: Xuất Cám | H5: Tiêu hao (cục + cám) | I5: Lĩnh bù | J5: Tiêu hao (cục + cám + lĩnh bù) | K5: Ghi chú
C6: m2 | D6: Kg | E6: Kg/ m2 | F6: Số lượng (Kg) | G6: Cám (%) | H6: Kg | I6: Kg | J6: Kg/ m2
A7: 1 | B7: 30X60 | C7: =B33 -> 1702641.7 | D7: =D33 -> 5003816 | E7: =D7/C7 -> 2.9388544 | F7: =E33 -> 519541 | G7: =F7/(D7+F7)*100 -> 9.4062542 | H7: =(D7+F7)/C7 -> 3.2439926 | I7: =F33 -> 34457 | J7: =(D7+F7+I7)/C7 -> 3.26423 | K7: DC1 Gạch ốp 30x60 SX từ ngày 22/02/2025
A8: 2 | B8: 40X80 | C8: =G33 -> 1062373.1 | D8: =I33 -> 3439724 | E8: =D8/C8 -> 3.2377739 | F8: =J33 -> 309127 | G8: =F8/(D8+F8)*100 -> 8.2459132 | H8: =(D8+F8)/C8 -> 3.5287517 | I8: =K33 -> 35288 | J8: =(D8+F8+I8)/C8 -> 3.5619679 | K8: DC2 Gạch ốp 40x80 sản xuất T3-T4-T5-T6
A9: 3 | B9: 40X60 | G9: =F9/(D9+F9)*100 -> #DIV/0!
A10: 3 | B10: 50X50 | C10: =L33 -> 514773.5 | D10: =N33 -> 1158501 | E10: =D10/C10 -> 2.2505063 | F10: =O33 -> 149956 | G10: =F10/(D10+F10)*100 -> 11.460522 | H10: =(D10+F10)/C10 -> 2.5418111 | I10: =P33 -> 2115 | J10: =(D10+F10+I10)/C10 -> 2.5459197 | K10: DC2 Gạch lát 50x50 sản xuất T1-T4-T5
A11: 4 | B11: 60X60 | C11: =Q33 -> 116559 | D11: =S33 -> 224692 | E11: =D11/C11 -> 1.9277104 | F11: =T33 -> 39187 | G11: =F11/(D11+F11)*100 -> 14.850367 | H11: =(D11+F11)/C11 -> 2.2639093 | I11: =U33 -> 0 | J11: =(D11+F11+I11)/C11 -> 2.2639093 | K11: DC2 Gạch lát 60x60 sản xuất T5
A12: Tổng 6 tháng đầu năm 2025 2 DC | C12: =SUM(C7:C11) -> 3396347.3 | D12: =SUM(D7:D11) -> 9826733 | E12: =D12/C12 -> 2.8933239 | F12: =SUM(F7:F11) -> 1017811 | G12: =F12/(F12+D12)*100 -> 9.3854661 | H12: =(D12+F12)/C12 -> 3.1930021 | I12: =SUM(I7:I11) -> 71860 | J12: =(D12+F12+I12)/C12 -> 3.2141601
A13: 06 Tháng cuối năm 2024 | C13: ='[2]6 tháng cuối năm a viện'!$J$98 -> #REF! | D13: ='[2]6 tháng cuối năm a viện'!$H$98 -> #REF! | E13: =D13/C13 -> #REF! | F13: ='[2]6 tháng cuối năm a viện'!$L$98 -> #REF! | G13: =F13/(F13+D13)*100 -> #REF! | H13: =(D13+F13)/C13 -> #REF! | I13: ='[2]6 tháng cuối năm a viện'!$Q$98 -> #REF! | J13: =(D13+F13+I13)/C13 -> #REF!
A14: Trân trọng!
I15: Đồng Nai, ngày 08 tháng 07 năm 2025
I16: P.TGĐ PT SX
A19: THÁNG | B19: 300X600 (SX lại từ 22/02/25) | G19: 400X800 (SX lại từ 05/03/25): T3-T4-T5-T6 | L19: 500X500 ( T1-T4-T5 | Q19: 600X600 (T5 | V19: 400X600
B20: A1-A-B | C20: C | D20: Cục | E20: Cám | F20: Bù | G20: A1-A-B | H20: C | I20: Cục | J20: Cám | K20: Bù | L20: A1-A-B | M20: C | N20: Cục | O20: Cám | P20: Bù | Q20: A1-A-B | R20: C | S20: Cục | T20: Cám | U20: Bù | V20: A1-A-B | W20: C | X20: Cục | Y20: Cám | Z20: Bù
A21: 1 | L21: ='T1.2025'!F134 -> 115884.5 | N21: ='T1.2025'!I210 -> 245803 | O21: ='T1.2025'!L210 -> 21106 | P21: ='T1.2025'!O210 -> 355
A22: 2 | B22: ='T2.2025 '!I11 -> 102801.6 | C22: ='T2.2025 '!M11 -> 649.44 | D22: ='T2.2025 '!J86 -> 400363 | E22: ='T2.2025 '!M86 -> 21691 | F22: ='T2.2025 '!P86 -> 0
A23: 3 | B23: ='T3.2025 '!J154 -> 489176.73 | C23: ='T3.2025 '!M10 -> 1677.66 | D23: ='T3.2025 '!I154 -> 1499949 | E23: ='T3.2025 '!L154 -> 137444 | F23: ='T3.2025 '!O154 -> 16343 | G23: ='T3.2025 '!J165 -> 367895.04 | H23: ='T3.2025 '!M16 -> 1689.6 | I23: ='T3.2025 '!I165 -> 1301592 | J23: ='T3.2025 '!L165 -> 121885 | K23: ='T3.2025 '!O165 -> 14492
A24: 4 | B24: ='T4.2025 '!J196 -> 441077.76 | C24: ='T4.2025 '!M11 -> 1512 | D24: ='T4.2025 '!I196 -> 1280929 | E24: ='T4.2025 '!L196 -> 110494 | F24: ='T4.2025 '!O196 -> 7653 | G24: ='T4.2025 '!J202 -> 244602.88 | H24: ='T4.2025 '!M17 -> 1286.4 | I24: ='T4.2025 '!I202 -> 787687 | J24: ='T4.2025 '!L202 -> 67873 | K24: ='T4.2025 '!O202 -> 5105 | L24: ='T4.2025 '!I130 -> 148288.5 | M24: ='T4.2025 '!M23 -> 642 | N24: ='T4.2025 '!I208 -> 357263 | O24: ='T4.2025 '!L208 -> 30883 | P24: ='T4.2025 '!O208 -> 1760
A25: 5 | B25: ='T5.2025'!J265 -> 360989.28 | C25: ='T5.2025'!M11 -> 1689.12 | D25: ='T5.2025'!I265 -> 906891 | E25: ='T5.2025'!L265 -> 184210 | F25: ='T5.2025'!O265 -> 0 | G25: ='T5.2025'!J284 -> 19166.4 | H25: ='T5.2025'!M29 -> 240 | I25: ='T5.2025'!I284 -> 70279 | J25: ='T5.2025'!L284 -> 13564 | K25: ='T5.2025'!O284 -> 0 | L25: ='T5.2025'!J272 -> 250600.5 | M25: ='T5.2025'!M17 -> 1209 | N25: ='T5.2025'!I272 -> 555435 | O25: ='T5.2025'!L272 -> 97967 | P25: ='T5.2025'!O272 -> 0 | Q25: ='T5.2025'!J278 -> 116559 | R25: ='T5.2025'!M23 -> 712.8 | S25: ='T5.2025'!I278 -> 224692 | T25: ='T5.2025'!L278 -> 39187 | U25: ='T5.2025'!O278 -> 0
A26: 6 | B26: ='T6.2025'!J302 -> 308596.32 | C26: ='T6.2025'!M11 -> 1828.8 | D26: ='T6.2025'!I302 -> 915684 | E26: ='T6.2025'!L302 -> 65702 | F26: ='T6.2025'!O302 -> 10461 | G26: ='T6.2025'!J310 -> 430708.8 | H26: ='T6.2025'!M29 -> 2112 | I26: ='T6.2025'!I310 -> 1280166 | J26: ='T6.2025'!L310 -> 105805 | K26: ='T6.2025'!O310 -> 15691
A27: 7
A28: 8
A29: 9
A30: 10
A31: 11
A32: 12
A33: Tổng: | B33: =SUM(B21:B32) -> 1702641.7 | C33: =SUM(C21:C32) -> 7357.02 | D33: =SUM(D21:D32) -> 5003816 | E33: =SUM(E21:E32) -> 519541 | F33: =SUM(F21:F32) -> 34457 | G33: =SUM(G21:G32) -> 1062373.1 | H33: =SUM(H21:H32) -> 5328 | I33: =SUM(I21:I32) -> 3439724 | ... Z33: =SUM(Z21:Z32) -> 0
A34: Tổng C | B34: =SUM(B33:C33) -> 1709998.7 | G34: =SUM(G33:H33) -> 1067701.1 | L34: =SUM(L33:M33) -> 516624.5 | Q34: =SUM(Q33:R33) -> 117271.8 | V34: =SUM(V33:W33) -> 0
A37: - DC1 SX lại từ ngày 22/02/2025
A38: - DC2 SX lại từ ngày 05/03/25. Chạy 40x80 từ 05/03/25

Sheet Form mẫu
A1: CÔNG TY CỔ PHẦN GẠCH MEN PHƯƠNG NAM
A2: Địa chỉ: Cụm CN VLXD Tân An, X. Tân An, H. Vĩnh Cửu, T. Đồng Nai | T2: Tháng | U2: 12
A3: Điện thoại: 0251 3684039 *** Email: gachmenphuongnam@gmail.com
A4: BÁO CÁO TỔNG HỢP KẾT QUẢ SẢN XUẤT THÁNG 08 NĂM 2025 CỦA 2 DÂY CHUYỀN
A5: I. Sản lượng - Chất lượng - Thu hồi Tổng A1+A+B/ép:
A6: DC | B6: Kích thước | C6: KH/TH | D6: ĐVT | E6: Tổng sản lượng ép | F6: Sản lượng thu hồi | I6: Tổng (A1+A+B) | J6: Số ngày SX | K6: TB/ ngày | L6: A/ép | M6: C/ép | N6: Huỷ/ép | O6: T/g dừng 2MF
F7: A1 | G7: A | H7: B | K7: m2 | L7: % | O7: Phút/ngày
B8: Kích thước | C8: KH/TH | D8: ĐVT | E8: Tổng sản lượng ép | F8: A1 | G8: A | H8: B | I8: Tổng (A1+A+B) | J8: Số ngày SX | K8: TB/ ngày | L8: A/ép | M8: C/ép | N8: Huỷ/ép | O8: T/g dừng 2MF
A9: DC1 | B9: 30x60 | C9: Kế hoạch | D9: m2 | E9: =SUMIFS( INDEX('Data tổng hợp I'!$G$2:$Q$1858,0,MATCH(E$8,'Data tổng hợp I'!$G$2:$Q$2,0)), 'Data tổng hợp I'!$B$2:$B$1858,'Form mẫu'!$U$2, 'Data tổng hợp I'!$C$2:$C$1858,'Form mẫu'!$A9, 'Data tổng hợp I'!$D$2:$D$1858,'Form mẫu'!$B9, 'Data tổng hợp I'!$E$2:$E$1858,'Form mẫu'!$C9, 'Data tổng hợp I'!$F$2:$F$1858,'Form mẫu'!$D9 ) -> 0 | F9: =SUMIFS( INDEX('Data tổng hợp I'!$G$2:$Q$1858,0,MATCH(F$8,'Data tổng hợp I'!$G$2:$Q$2,0)), 'Data tổng hợp I'!$B$2:$B$1858,'Form mẫu'!$U$2, 'Data tổng hợp I'!$C$2:$C$1858,'Form mẫu'!$A9, 'Data tổng hợp I'!$D$2:$D$1858,'Form mẫu'!$B9, 'Data tổng hợp I'!$E$2:$E$1858,'Form mẫu'!$C9, 'Data tổng hợp I'!$F$2:$F$1858,'Form mẫu'!$D9 ) -> 0 | G9: =SUMIFS( INDEX('Data tổng hợp I'!$G$2:$Q$1858,0,MATCH(G$8,'Data tổng hợp I'!$G$2:$Q$2,0)), 'Data tổng hợp I'!$B$2:$B$1858,'Form mẫu'!$U$2, 'Data tổng hợp I'!$C$2:$C$1858,'Form mẫu'!$A9, 'Data tổng hợp I'!$D$2:$D$1858,'Form mẫu'!$B9, 'Data tổng hợp I'!$E$2:$E$1858,'Form mẫu'!$C9, 'Data tổng hợp I'!$F$2:$F$1858,'Form mẫu'!$D9 ) -> 0 | H9: =SUMIFS( INDEX('Data tổng hợp I'!$G$2:$Q$1858,0,MATCH(H$8,'Data tổng hợp I'!$G$2:$Q$2,0)), 'Data tổng hợp I'!$B$2:$B$1858,'Form mẫu'!$U$2, 'Data tổng hợp I'!$C$2:$C$1858,'Form mẫu'!$A9, 'Data tổng hợp I'!$D$2:$D$1858,'Form mẫu'!$B9, 'Data tổng hợp I'!$E$2:$E$1858,'Form mẫu'!$C9, 'Data tổng hợp I'!$F$2:$F$1858,'Form mẫu'!$D9 ) -> 0 | I9: =SUMIFS( INDEX('Data tổng hợp I'!$G$2:$Q$1858,0,MATCH(I$8,'Data tổng hợp I'!$G$2:$Q$2,0)), 'Data tổng hợp I'!$B$2:$B$1858,'Form mẫu'!$U$2, 'Data tổng hợp I'!$C$2:$C$1858,'Form mẫu'!$A9, 'Data tổng hợp I'!$D$2:$D$1858,'Form mẫu'!$B9, 'Data tổng hợp I'!$E$2:$E$1858,'Form mẫu'!$C9, 'Data tổng hợp I'!$F$2:$F$1858,'Form mẫu'!$D9 ) -> 0 | J9: =SUMIFS( INDEX('Data tổng hợp I'!$G$2:$Q$1858,0,MATCH(J$8,'Data tổng hợp I'!$G$2:$Q$2,0)), 'Data tổng hợp I'!$B$2:$B$1858,'Form mẫu'!$U$2, 'Data tổng hợp I'!$C$2:$C$1858,'Form mẫu'!$A9, 'Data tổng hợp I'!$D$2:$D$1858,'Form mẫu'!$B9, 'Data tổng hợp I'!$E$2:$E$1858,'Form mẫu'!$C9, 'Data tổng hợp I'!$F$2:$F$1858,'Form mẫu'!$D9 ) -> 0 | K9: =SUMIFS( INDEX('Data tổng hợp I'!$G$2:$Q$1858,0,MATCH(K$8,'Data tổng hợp I'!$G$2:$Q$2,0)), 'Data tổng hợp I'!$B$2:$B$1858,'Form mẫu'!$U$2, 'Data tổng hợp I'!$C$2:$C$1858,'Form mẫu'!$A9, 'Data tổng hợp I'!$D$2:$D$1858,'Form mẫu'!$B9, 'Data tổng hợp I'!$E$2:$E$1858,'Form mẫu'!$C9, 'Data tổng hợp I'!$F$2:$F$1858,'Form mẫu'!$D9 ) -> 0 | L9: =SUMIFS( INDEX('Data tổng hợp I'!$G$2:$Q$1858,0,MATCH(L$8,'Data tổng hợp I'!$G$2:$Q$2,0)), 'Data tổng hợp I'!$B$2:$B$1858,'Form mẫu'!$U$2, 'Data tổng hợp I'!$C$2:$C$1858,'Form mẫu'!$A9, 'Data tổng hợp I'!$D$2:$D$1858,'Form mẫu'!$B9, 'Data tổng hợp I'!$E$2:$E$1858,'Form mẫu'!$C9, 'Data tổng hợp I'!$F$2:$F$1858,'Form mẫu'!$D9 ) -> 0 | ... O9: =SUMIFS( INDEX('Data tổng hợp I'!$G$2:$Q$1858,0,MATCH(O$8,'Data tổng hợp I'!$G$2:$Q$2,0)), 'Data tổng hợp I'!$B$2:$B$1858,'Form mẫu'!$U$2, 'Data tổng hợp I'!$C$2:$C$1858,'Form mẫu'!$A9, 'Data tổng hợp I'!$D$2:$D$1858,'Form mẫu'!$B9, 'Data tổng hợp I'!$E$2:$E$1858,'Form mẫu'!$C9, 'Data tổng hợp I'!$F$2:$F$1858,'Form mẫu'!$D9 ) -> 0
A10: DC1 | B10: 30x60 | C10: Kế hoạch | D10: % | E10: =SUMIFS( INDEX('Data tổng hợp I'!$G$2:$Q$1858,0,MATCH(E$8,'Data tổng hợp I'!$G$2:$Q$2,0)), 'Data tổng hợp I'!$B$2:$B$1858,'Form mẫu'!$U$2, 'Data tổng hợp I'!$C$2:$C$1858,'Form mẫu'!$A10, 'Data tổng hợp I'!$D$2:$D$1858,'Form mẫu'!$B10, 'Data tổng hợp I'!$E$2:$E$1858,'Form mẫu'!$C10, 'Data tổng hợp I'!$F$2:$F$1858,'Form mẫu'!$D10 ) -> 0 | F10: =SUMIFS( INDEX('Data tổng hợp I'!$G$2:$Q$1858,0,MATCH(F$8,'Data tổng hợp I'!$G$2:$Q$2,0)), 'Data tổng hợp I'!$B$2:$B$1858,'Form mẫu'!$U$2, 'Data tổng hợp I'!$C$2:$C$1858,'Form mẫu'!$A10, 'Data tổng hợp I'!$D$2:$D$1858,'Form mẫu'!$B10, 'Data tổng hợp I'!$E$2:$E$1858,'Form mẫu'!$C10, 'Data tổng hợp I'!$F$2:$F$1858,'Form mẫu'!$D10 ) -> 0 | G10: =SUMIFS( INDEX('Data tổng hợp I'!$G$2:$Q$1858,0,MATCH(G$8,'Data tổng hợp I'!$G$2:$Q$2,0)), 'Data tổng hợp I'!$B$2:$B$1858,'Form mẫu'!$U$2, 'Data tổng hợp I'!$C$2:$C$1858,'Form mẫu'!$A10, 'Data tổng hợp I'!$D$2:$D$1858,'Form mẫu'!$B10, 'Data tổng hợp I'!$E$2:$E$1858,'Form mẫu'!$C10, 'Data tổng hợp I'!$F$2:$F$1858,'Form mẫu'!$D10 ) -> 0 | H10: =SUMIFS( INDEX('Data tổng hợp I'!$G$2:$Q$1858,0,MATCH(H$8,'Data tổng hợp I'!$G$2:$Q$2,0)), 'Data tổng hợp I'!$B$2:$B$1858,'Form mẫu'!$U$2, 'Data tổng hợp I'!$C$2:$C$1858,'Form mẫu'!$A10, 'Data tổng hợp I'!$D$2:$D$1858,'Form mẫu'!$B10, 'Data tổng hợp I'!$E$2:$E$1858,'Form mẫu'!$C10, 'Data tổng hợp I'!$F$2:$F$1858,'Form mẫu'!$D10 ) -> 0 | I10: =SUMIFS( INDEX('Data tổng hợp I'!$G$2:$Q$1858,0,MATCH(I$8,'Data tổng hợp I'!$G$2:$Q$2,0)), 'Data tổng hợp I'!$B$2:$B$1858,'Form mẫu'!$U$2, 'Data tổng hợp I'!$C$2:$C$1858,'Form mẫu'!$A10, 'Data tổng hợp I'!$D$2:$D$1858,'Form mẫu'!$B10, 'Data tổng hợp I'!$E$2:$E$1858,'Form mẫu'!$C10, 'Data tổng hợp I'!$F$2:$F$1858,'Form mẫu'!$D10 ) -> 0 | J10: =SUMIFS( INDEX('Data tổng hợp I'!$G$2:$Q$1858,0,MATCH(J$8,'Data tổng hợp I'!$G$2:$Q$2,0)), 'Data tổng hợp I'!$B$2:$B$1858,'Form mẫu'!$U$2, 'Data tổng hợp I'!$C$2:$C$1858,'Form mẫu'!$A10, 'Data tổng hợp I'!$D$2:$D$1858,'Form mẫu'!$B10, 'Data tổng hợp I'!$E$2:$E$1858,'Form mẫu'!$C10, 'Data tổng hợp I'!$F$2:$F$1858,'Form mẫu'!$D10 ) -> 0 | K10: =SUMIFS( INDEX('Data tổng hợp I'!$G$2:$Q$1858,0,MATCH(K$8,'Data tổng hợp I'!$G$2:$Q$2,0)), 'Data tổng hợp I'!$B$2:$B$1858,'Form mẫu'!$U$2, 'Data tổng hợp I'!$C$2:$C$1858,'Form mẫu'!$A10, 'Data tổng hợp I'!$D$2:$D$1858,'Form mẫu'!$B10, 'Data tổng hợp I'!$E$2:$E$1858,'Form mẫu'!$C10, 'Data tổng hợp I'!$F$2:$F$1858,'Form mẫu'!$D10 ) -> 0 | L10: =SUMIFS( INDEX('Data tổng hợp I'!$G$2:$Q$1858,0,MATCH(L$8,'Data tổng hợp I'!$G$2:$Q$2,0)), 'Data tổng hợp I'!$B$2:$B$1858,'Form mẫu'!$U$2, 'Data tổng hợp I'!$C$2:$C$1858,'Form mẫu'!$A10, 'Data tổng hợp I'!$D$2:$D$1858,'Form mẫu'!$B10, 'Data tổng hợp I'!$E$2:$E$1858,'Form mẫu'!$C10, 'Data tổng hợp I'!$F$2:$F$1858,'Form mẫu'!$D10 ) -> 0 | ... O10: =SUMIFS( INDEX('Data tổng hợp I'!$G$2:$Q$1858,0,MATCH(O$8,'Data tổng hợp I'!$G$2:$Q$2,0)), 'Data tổng hợp I'!$B$2:$B$1858,'Form mẫu'!$U$2, 'Data tổng hợp I'!$C$2:$C$1858,'Form mẫu'!$A10, 'Data tổng hợp I'!$D$2:$D$1858,'Form mẫu'!$B10, 'Data tổng hợp I'!$E$2:$E$1858,'Form mẫu'!$C10, 'Data tổng hợp I'!$F$2:$F$1858,'Form mẫu'!$D10 ) -> 0
A11: DC1 | B11: 30x60 | C11: Thực hiện | D11: m2 | E11: =SUMIFS( INDEX('Data tổng hợp I'!$G$2:$Q$1858,0,MATCH(E$8,'Data tổng hợp I'!$G$2:$Q$2,0)), 'Data tổng hợp I'!$B$2:$B$1858,'Form mẫu'!$U$2, 'Data tổng hợp I'!$C$2:$C$1858,'Form mẫu'!$A11, 'Data tổng hợp I'!$D$2:$D$1858,'Form mẫu'!$B11, 'Data tổng hợp I'!$E$2:$E$1858,'Form mẫu'!$C11, 'Data tổng hợp I'!$F$2:$F$1858,'Form mẫu'!$D11 ) -> 0 | F11: =SUMIFS( INDEX('Data tổng hợp I'!$G$2:$Q$1858,0,MATCH(F$8,'Data tổng hợp I'!$G$2:$Q$2,0)), 'Data tổng hợp I'!$B$2:$B$1858,'Form mẫu'!$U$2, 'Data tổng hợp I'!$C$2:$C$1858,'Form mẫu'!$A11, 'Data tổng hợp I'!$D$2:$D$1858,'Form mẫu'!$B11, 'Data tổng hợp I'!$E$2:$E$1858,'Form mẫu'!$C11, 'Data tổng hợp I'!$F$2:$F$1858,'Form mẫu'!$D11 ) -> 0 | G11: =SUMIFS( INDEX('Data tổng hợp I'!$G$2:$Q$1858,0,MATCH(G$8,'Data tổng hợp I'!$G$2:$Q$2,0)), 'Data tổng hợp I'!$B$2:$B$1858,'Form mẫu'!$U$2, 'Data tổng hợp I'!$C$2:$C$1858,'Form mẫu'!$A11, 'Data tổng hợp I'!$D$2:$D$1858,'Form mẫu'!$B11, 'Data tổng hợp I'!$E$2:$E$1858,'Form mẫu'!$C11, 'Data tổng hợp I'!$F$2:$F$1858,'Form mẫu'!$D11 ) -> 0 | H11: =SUMIFS( INDEX('Data tổng hợp I'!$G$2:$Q$1858,0,MATCH(H$8,'Data tổng hợp I'!$G$2:$Q$2,0)), 'Data tổng hợp I'!$B$2:$B$1858,'Form mẫu'!$U$2, 'Data tổng hợp I'!$C$2:$C$1858,'Form mẫu'!$A11, 'Data tổng hợp I'!$D$2:$D$1858,'Form mẫu'!$B11, 'Data tổng hợp I'!$E$2:$E$1858,'Form mẫu'!$C11, 'Data tổng hợp I'!$F$2:$F$1858,'Form mẫu'!$D11 ) -> 0 | I11: =SUMIFS( INDEX('Data tổng hợp I'!$G$2:$Q$1858,0,MATCH(I$8,'Data tổng hợp I'!$G$2:$Q$2,0)), 'Data tổng hợp I'!$B$2:$B$1858,'Form mẫu'!$U$2, 'Data tổng hợp I'!$C$2:$C$1858,'Form mẫu'!$A11, 'Data tổng hợp I'!$D$2:$D$1858,'Form mẫu'!$B11, 'Data tổng hợp I'!$E$2:$E$1858,'Form mẫu'!$C11, 'Data tổng hợp I'!$F$2:$F$1858,'Form mẫu'!$D11 ) -> 0 | J11: =SUMIFS( INDEX('Data tổng hợp I'!$G$2:$Q$1858,0,MATCH(J$8,'Data tổng hợp I'!$G$2:$Q$2,0)), 'Data tổng hợp I'!$B$2:$B$1858,'Form mẫu'!$U$2, 'Data tổng hợp I'!$C$2:$C$1858,'Form mẫu'!$A11, 'Data tổng hợp I'!$D$2:$D$1858,'Form mẫu'!$B11, 'Data tổng hợp I'!$E$2:$E$1858,'Form mẫu'!$C11, 'Data tổng hợp I'!$F$2:$F$1858,'Form mẫu'!$D11 ) -> 0 | K11: =SUMIFS( INDEX('Data tổng hợp I'!$G$2:$Q$1858,0,MATCH(K$8,'Data tổng hợp I'!$G$2:$Q$2,0)), 'Data tổng hợp I'!$B$2:$B$1858,'Form mẫu'!$U$2, 'Data tổng hợp I'!$C$2:$C$1858,'Form mẫu'!$A11, 'Data tổng hợp I'!$D$2:$D$1858,'Form mẫu'!$B11, 'Data tổng hợp I'!$E$2:$E$1858,'Form mẫu'!$C11, 'Data tổng hợp I'!$F$2:$F$1858,'Form mẫu'!$D11 ) -> 0 | L11: =SUMIFS( INDEX('Data tổng hợp I'!$G$2:$Q$1858,0,MATCH(L$8,'Data tổng hợp I'!$G$2:$Q$2,0)), 'Data tổng hợp I'!$B$2:$B$1858,'Form mẫu'!$U$2, 'Data tổng hợp I'!$C$2:$C$1858,'Form mẫu'!$A11, 'Data tổng hợp I'!$D$2:$D$1858,'Form mẫu'!$B11, 'Data tổng hợp I'!$E$2:$E$1858,'Form mẫu'!$C11, 'Data tổng hợp I'!$F$2:$F$1858,'Form mẫu'!$D11 ) -> 0 | ... O11: =SUMIFS( INDEX('Data tổng hợp I'!$G$2:$Q$1858,0,MATCH(O$8,'Data tổng hợp I'!$G$2:$Q$2,0)), 'Data tổng hợp I'!$B$2:$B$1858,'Form mẫu'!$U$2, 'Data tổng hợp I'!$C$2:$C$1858,'Form mẫu'!$A11, 'Data tổng hợp I'!$D$2:$D$1858,'Form mẫu'!$B11, 'Data tổng hợp I'!$E$2:$E$1858,'Form mẫu'!$C11, 'Data tổng hợp I'!$F$2:$F$1858,'Form mẫu'!$D11 ) -> 0
A12: DC1 | B12: 30x60 | C12: Thực hiện | D12: % | E12: =SUMIFS( INDEX('Data tổng hợp I'!$G$2:$Q$1858,0,MATCH(E$8,'Data tổng hợp I'!$G$2:$Q$2,0)), 'Data tổng hợp I'!$B$2:$B$1858,'Form mẫu'!$U$2, 'Data tổng hợp I'!$C$2:$C$1858,'Form mẫu'!$A12, 'Data tổng hợp I'!$D$2:$D$1858,'Form mẫu'!$B12, 'Data tổng hợp I'!$E$2:$E$1858,'Form mẫu'!$C12, 'Data tổng hợp I'!$F$2:$F$1858,'Form mẫu'!$D12 ) -> 0 | F12: =SUMIFS( INDEX('Data tổng hợp I'!$G$2:$Q$1858,0,MATCH(F$8,'Data tổng hợp I'!$G$2:$Q$2,0)), 'Data tổng hợp I'!$B$2:$B$1858,'Form mẫu'!$U$2, 'Data tổng hợp I'!$C$2:$C$1858,'Form mẫu'!$A12, 'Data tổng hợp I'!$D$2:$D$1858,'Form mẫu'!$B12, 'Data tổng hợp I'!$E$2:$E$1858,'Form mẫu'!$C12, 'Data tổng hợp I'!$F$2:$F$1858,'Form mẫu'!$D12 ) -> 0 | G12: =SUMIFS( INDEX('Data tổng hợp I'!$G$2:$Q$1858,0,MATCH(G$8,'Data tổng hợp I'!$G$2:$Q$2,0)), 'Data tổng hợp I'!$B$2:$B$1858,'Form mẫu'!$U$2, 'Data tổng hợp I'!$C$2:$C$1858,'Form mẫu'!$A12, 'Data tổng hợp I'!$D$2:$D$1858,'Form mẫu'!$B12, 'Data tổng hợp I'!$E$2:$E$1858,'Form mẫu'!$C12, 'Data tổng hợp I'!$F$2:$F$1858,'Form mẫu'!$D12 ) -> 0 | H12: =SUMIFS( INDEX('Data tổng hợp I'!$G$2:$Q$1858,0,MATCH(H$8,'Data tổng hợp I'!$G$2:$Q$2,0)), 'Data tổng hợp I'!$B$2:$B$1858,'Form mẫu'!$U$2, 'Data tổng hợp I'!$C$2:$C$1858,'Form mẫu'!$A12, 'Data tổng hợp I'!$D$2:$D$1858,'Form mẫu'!$B12, 'Data tổng hợp I'!$E$2:$E$1858,'Form mẫu'!$C12, 'Data tổng hợp I'!$F$2:$F$1858,'Form mẫu'!$D12 ) -> 0 | I12: =SUMIFS( INDEX('Data tổng hợp I'!$G$2:$Q$1858,0,MATCH(I$8,'Data tổng hợp I'!$G$2:$Q$2,0)), 'Data tổng hợp I'!$B$2:$B$1858,'Form mẫu'!$U$2, 'Data tổng hợp I'!$C$2:$C$1858,'Form mẫu'!$A12, 'Data tổng hợp I'!$D$2:$D$1858,'Form mẫu'!$B12, 'Data tổng hợp I'!$E$2:$E$1858,'Form mẫu'!$C12, 'Data tổng hợp I'!$F$2:$F$1858,'Form mẫu'!$D12 ) -> 0 | J12: =SUMIFS( INDEX('Data tổng hợp I'!$G$2:$Q$1858,0,MATCH(J$8,'Data tổng hợp I'!$G$2:$Q$2,0)), 'Data tổng hợp I'!$B$2:$B$1858,'Form mẫu'!$U$2, 'Data tổng hợp I'!$C$2:$C$1858,'Form mẫu'!$A12, 'Data tổng hợp I'!$D$2:$D$1858,'Form mẫu'!$B12, 'Data tổng hợp I'!$E$2:$E$1858,'Form mẫu'!$C12, 'Data tổng hợp I'!$F$2:$F$1858,'Form mẫu'!$D12 ) -> 0 | K12: =SUMIFS( INDEX('Data tổng hợp I'!$G$2:$Q$1858,0,MATCH(K$8,'Data tổng hợp I'!$G$2:$Q$2,0)), 'Data tổng hợp I'!$B$2:$B$1858,'Form mẫu'!$U$2, 'Data tổng hợp I'!$C$2:$C$1858,'Form mẫu'!$A12, 'Data tổng hợp I'!$D$2:$D$1858,'Form mẫu'!$B12, 'Data tổng hợp I'!$E$2:$E$1858,'Form mẫu'!$C12, 'Data tổng hợp I'!$F$2:$F$1858,'Form mẫu'!$D12 ) -> 0 | L12: =SUMIFS( INDEX('Data tổng hợp I'!$G$2:$Q$1858,0,MATCH(L$8,'Data tổng hợp I'!$G$2:$Q$2,0)), 'Data tổng hợp I'!$B$2:$B$1858,'Form mẫu'!$U$2, 'Data tổng hợp I'!$C$2:$C$1858,'Form mẫu'!$A12, 'Data tổng hợp I'!$D$2:$D$1858,'Form mẫu'!$B12, 'Data tổng hợp I'!$E$2:$E$1858,'Form mẫu'!$C12, 'Data tổng hợp I'!$F$2:$F$1858,'Form mẫu'!$D12 ) -> 0 | ... O12: =SUMIFS( INDEX('Data tổng hợp I'!$G$2:$Q$1858,0,MATCH(O$8,'Data tổng hợp I'!$G$2:$Q$2,0)), 'Data tổng hợp I'!$B$2:$B$1858,'Form mẫu'!$U$2, 'Data tổng hợp I'!$C$2:$C$1858,'Form mẫu'!$A12, 'Data tổng hợp I'!$D$2:$D$1858,'Form mẫu'!$B12, 'Data tổng hợp I'!$E$2:$E$1858,'Form mẫu'!$C12, 'Data tổng hợp I'!$F$2:$F$1858,'Form mẫu'!$D12 ) -> 0
A13: DC1 | B13: 30x60 | C13: So sánh TH/KH | D13: m2 | E13: =E11-E9 -> 0 | F13: =F11-F9 -> 0 | G13: =G11-G9 -> 0 | H13: =H11-H9 -> 0 | I13: =I11-I9 -> 0 | J13: =J11-J9 -> 0 | K13: =K11-K9 -> 0
A14: DC1 | B14: 30x60 | D14: % | F14: =F12-F10 -> 0 | G14: =G12-G10 -> 0 | H14: =H12-H10 -> 0
A15: DC2 | B15: 50x50 | C15: Kế hoạch | D15: m2 | E15: =SUMIFS( INDEX('Data tổng hợp I'!$G$2:$Q$1858,0,MATCH(E$8,'Data tổng hợp I'!$G$2:$Q$2,0)), 'Data tổng hợp I'!$B$2:$B$1858,'Form mẫu'!$U$2, 'Data tổng hợp I'!$C$2:$C$1858,'Form mẫu'!$A15, 'Data tổng hợp I'!$D$2:$D$1858,'Form mẫu'!$B15, 'Data tổng hợp I'!$E$2:$E$1858,'Form mẫu'!$C15, 'Data tổng hợp I'!$F$2:$F$1858,'Form mẫu'!$D15 ) -> 0 | F15: =SUMIFS( INDEX('Data tổng hợp I'!$G$2:$Q$1858,0,MATCH(F$8,'Data tổng hợp I'!$G$2:$Q$2,0)), 'Data tổng hợp I'!$B$2:$B$1858,'Form mẫu'!$U$2, 'Data tổng hợp I'!$C$2:$C$1858,'Form mẫu'!$A15, 'Data tổng hợp I'!$D$2:$D$1858,'Form mẫu'!$B15, 'Data tổng hợp I'!$E$2:$E$1858,'Form mẫu'!$C15, 'Data tổng hợp I'!$F$2:$F$1858,'Form mẫu'!$D15 ) -> 0 | G15: =SUMIFS( INDEX('Data tổng hợp I'!$G$2:$Q$1858,0,MATCH(G$8,'Data tổng hợp I'!$G$2:$Q$2,0)), 'Data tổng hợp I'!$B$2:$B$1858,'Form mẫu'!$U$2, 'Data tổng hợp I'!$C$2:$C$1858,'Form mẫu'!$A15, 'Data tổng hợp I'!$D$2:$D$1858,'Form mẫu'!$B15, 'Data tổng hợp I'!$E$2:$E$1858,'Form mẫu'!$C15, 'Data tổng hợp I'!$F$2:$F$1858,'Form mẫu'!$D15 ) -> 0 | H15: =SUMIFS( INDEX('Data tổng hợp I'!$G$2:$Q$1858,0,MATCH(H$8,'Data tổng hợp I'!$G$2:$Q$2,0)), 'Data tổng hợp I'!$B$2:$B$1858,'Form mẫu'!$U$2, 'Data tổng hợp I'!$C$2:$C$1858,'Form mẫu'!$A15, 'Data tổng hợp I'!$D$2:$D$1858,'Form mẫu'!$B15, 'Data tổng hợp I'!$E$2:$E$1858,'Form mẫu'!$C15, 'Data tổng hợp I'!$F$2:$F$1858,'Form mẫu'!$D15 ) -> 0 | I15: =SUMIFS( INDEX('Data tổng hợp I'!$G$2:$Q$1858,0,MATCH(I$8,'Data tổng hợp I'!$G$2:$Q$2,0)), 'Data tổng hợp I'!$B$2:$B$1858,'Form mẫu'!$U$2, 'Data tổng hợp I'!$C$2:$C$1858,'Form mẫu'!$A15, 'Data tổng hợp I'!$D$2:$D$1858,'Form mẫu'!$B15, 'Data tổng hợp I'!$E$2:$E$1858,'Form mẫu'!$C15, 'Data tổng hợp I'!$F$2:$F$1858,'Form mẫu'!$D15 ) -> 0 | J15: =SUMIFS( INDEX('Data tổng hợp I'!$G$2:$Q$1858,0,MATCH(J$8,'Data tổng hợp I'!$G$2:$Q$2,0)), 'Data tổng hợp I'!$B$2:$B$1858,'Form mẫu'!$U$2, 'Data tổng hợp I'!$C$2:$C$1858,'Form mẫu'!$A15, 'Data tổng hợp I'!$D$2:$D$1858,'Form mẫu'!$B15, 'Data tổng hợp I'!$E$2:$E$1858,'Form mẫu'!$C15, 'Data tổng hợp I'!$F$2:$F$1858,'Form mẫu'!$D15 ) -> 0 | K15: =SUMIFS( INDEX('Data tổng hợp I'!$G$2:$Q$1858,0,MATCH(K$8,'Data tổng hợp I'!$G$2:$Q$2,0)), 'Data tổng hợp I'!$B$2:$B$1858,'Form mẫu'!$U$2, 'Data tổng hợp I'!$C$2:$C$1858,'Form mẫu'!$A15, 'Data tổng hợp I'!$D$2:$D$1858,'Form mẫu'!$B15, 'Data tổng hợp I'!$E$2:$E$1858,'Form mẫu'!$C15, 'Data tổng hợp I'!$F$2:$F$1858,'Form mẫu'!$D15 ) -> 0 | L15: =SUMIFS( INDEX('Data tổng hợp I'!$G$2:$Q$1858,0,MATCH(L$8,'Data tổng hợp I'!$G$2:$Q$2,0)), 'Data tổng hợp I'!$B$2:$B$1858,'Form mẫu'!$U$2, 'Data tổng hợp I'!$C$2:$C$1858,'Form mẫu'!$A15, 'Data tổng hợp I'!$D$2:$D$1858,'Form mẫu'!$B15, 'Data tổng hợp I'!$E$2:$E$1858,'Form mẫu'!$C15, 'Data tổng hợp I'!$F$2:$F$1858,'Form mẫu'!$D15 ) -> 0 | ... O15: =SUMIFS( INDEX('Data tổng hợp I'!$G$2:$Q$1858,0,MATCH(O$8,'Data tổng hợp I'!$G$2:$Q$2,0)), 'Data tổng hợp I'!$B$2:$B$1858,'Form mẫu'!$U$2, 'Data tổng hợp I'!$C$2:$C$1858,'Form mẫu'!$A15, 'Data tổng hợp I'!$D$2:$D$1858,'Form mẫu'!$B15, 'Data tổng hợp I'!$E$2:$E$1858,'Form mẫu'!$C15, 'Data tổng hợp I'!$F$2:$F$1858,'Form mẫu'!$D15 ) -> 0
A16: DC2 | B16: 50x50 | C16: Kế hoạch | D16: % | E16: =SUMIFS( INDEX('Data tổng hợp I'!$G$2:$Q$1858,0,MATCH(E$8,'Data tổng hợp I'!$G$2:$Q$2,0)), 'Data tổng hợp I'!$B$2:$B$1858,'Form mẫu'!$U$2, 'Data tổng hợp I'!$C$2:$C$1858,'Form mẫu'!$A16, 'Data tổng hợp I'!$D$2:$D$1858,'Form mẫu'!$B16, 'Data tổng hợp I'!$E$2:$E$1858,'Form mẫu'!$C16, 'Data tổng hợp I'!$F$2:$F$1858,'Form mẫu'!$D16 ) -> 0 | F16: =SUMIFS( INDEX('Data tổng hợp I'!$G$2:$Q$1858,0,MATCH(F$8,'Data tổng hợp I'!$G$2:$Q$2,0)), 'Data tổng hợp I'!$B$2:$B$1858,'Form mẫu'!$U$2, 'Data tổng hợp I'!$C$2:$C$1858,'Form mẫu'!$A16, 'Data tổng hợp I'!$D$2:$D$1858,'Form mẫu'!$B16, 'Data tổng hợp I'!$E$2:$E$1858,'Form mẫu'!$C16, 'Data tổng hợp I'!$F$2:$F$1858,'Form mẫu'!$D16 ) -> 0 | G16: =SUMIFS( INDEX('Data tổng hợp I'!$G$2:$Q$1858,0,MATCH(G$8,'Data tổng hợp I'!$G$2:$Q$2,0)), 'Data tổng hợp I'!$B$2:$B$1858,'Form mẫu'!$U$2, 'Data tổng hợp I'!$C$2:$C$1858,'Form mẫu'!$A16, 'Data tổng hợp I'!$D$2:$D$1858,'Form mẫu'!$B16, 'Data tổng hợp I'!$E$2:$E$1858,'Form mẫu'!$C16, 'Data tổng hợp I'!$F$2:$F$1858,'Form mẫu'!$D16 ) -> 0 | H16: =SUMIFS( INDEX('Data tổng hợp I'!$G$2:$Q$1858,0,MATCH(H$8,'Data tổng hợp I'!$G$2:$Q$2,0)), 'Data tổng hợp I'!$B$2:$B$1858,'Form mẫu'!$U$2, 'Data tổng hợp I'!$C$2:$C$1858,'Form mẫu'!$A16, 'Data tổng hợp I'!$D$2:$D$1858,'Form mẫu'!$B16, 'Data tổng hợp I'!$E$2:$E$1858,'Form mẫu'!$C16, 'Data tổng hợp I'!$F$2:$F$1858,'Form mẫu'!$D16 ) -> 0 | I16: =SUMIFS( INDEX('Data tổng hợp I'!$G$2:$Q$1858,0,MATCH(I$8,'Data tổng hợp I'!$G$2:$Q$2,0)), 'Data tổng hợp I'!$B$2:$B$1858,'Form mẫu'!$U$2, 'Data tổng hợp I'!$C$2:$C$1858,'Form mẫu'!$A16, 'Data tổng hợp I'!$D$2:$D$1858,'Form mẫu'!$B16, 'Data tổng hợp I'!$E$2:$E$1858,'Form mẫu'!$C16, 'Data tổng hợp I'!$F$2:$F$1858,'Form mẫu'!$D16 ) -> 0 | J16: =SUMIFS( INDEX('Data tổng hợp I'!$G$2:$Q$1858,0,MATCH(J$8,'Data tổng hợp I'!$G$2:$Q$2,0)), 'Data tổng hợp I'!$B$2:$B$1858,'Form mẫu'!$U$2, 'Data tổng hợp I'!$C$2:$C$1858,'Form mẫu'!$A16, 'Data tổng hợp I'!$D$2:$D$1858,'Form mẫu'!$B16, 'Data tổng hợp I'!$E$2:$E$1858,'Form mẫu'!$C16, 'Data tổng hợp I'!$F$2:$F$1858,'Form mẫu'!$D16 ) -> 0 | K16: =SUMIFS( INDEX('Data tổng hợp I'!$G$2:$Q$1858,0,MATCH(K$8,'Data tổng hợp I'!$G$2:$Q$2,0)), 'Data tổng hợp I'!$B$2:$B$1858,'Form mẫu'!$U$2, 'Data tổng hợp I'!$C$2:$C$1858,'Form mẫu'!$A16, 'Data tổng hợp I'!$D$2:$D$1858,'Form mẫu'!$B16, 'Data tổng hợp I'!$E$2:$E$1858,'Form mẫu'!$C16, 'Data tổng hợp I'!$F$2:$F$1858,'Form mẫu'!$D16 ) -> 0 | L16: =SUMIFS( INDEX('Data tổng hợp I'!$G$2:$Q$1858,0,MATCH(L$8,'Data tổng hợp I'!$G$2:$Q$2,0)), 'Data tổng hợp I'!$B$2:$B$1858,'Form mẫu'!$U$2, 'Data tổng hợp I'!$C$2:$C$1858,'Form mẫu'!$A16, 'Data tổng hợp I'!$D$2:$D$1858,'Form mẫu'!$B16, 'Data tổng hợp I'!$E$2:$E$1858,'Form mẫu'!$C16, 'Data tổng hợp I'!$F$2:$F$1858,'Form mẫu'!$D16 ) -> 0 | ... O16: =SUMIFS( INDEX('Data tổng hợp I'!$G$2:$Q$1858,0,MATCH(O$8,'Data tổng hợp I'!$G$2:$Q$2,0)), 'Data tổng hợp I'!$B$2:$B$1858,'Form mẫu'!$U$2, 'Data tổng hợp I'!$C$2:$C$1858,'Form mẫu'!$A16, 'Data tổng hợp I'!$D$2:$D$1858,'Form mẫu'!$B16, 'Data tổng hợp I'!$E$2:$E$1858,'Form mẫu'!$C16, 'Data tổng hợp I'!$F$2:$F$1858,'Form mẫu'!$D16 ) -> 0
A17: DC2 | B17: 50x50 | C17: Thực hiện | D17: m2 | E17: =SUMIFS( INDEX('Data tổng hợp I'!$G$2:$Q$1858,0,MATCH(E$8,'Data tổng hợp I'!$G$2:$Q$2,0)), 'Data tổng hợp I'!$B$2:$B$1858,'Form mẫu'!$U$2, 'Data tổng hợp I'!$C$2:$C$1858,'Form mẫu'!$A17, 'Data tổng hợp I'!$D$2:$D$1858,'Form mẫu'!$B17, 'Data tổng hợp I'!$E$2:$E$1858,'Form mẫu'!$C17, 'Data tổng hợp I'!$F$2:$F$1858,'Form mẫu'!$D17 ) -> 0 | F17: =SUMIFS( INDEX('Data tổng hợp I'!$G$2:$Q$1858,0,MATCH(F$8,'Data tổng hợp I'!$G$2:$Q$2,0)), 'Data tổng hợp I'!$B$2:$B$1858,'Form mẫu'!$U$2, 'Data tổng hợp I'!$C$2:$C$1858,'Form mẫu'!$A17, 'Data tổng hợp I'!$D$2:$D$1858,'Form mẫu'!$B17, 'Data tổng hợp I'!$E$2:$E$1858,'Form mẫu'!$C17, 'Data tổng hợp I'!$F$2:$F$1858,'Form mẫu'!$D17 ) -> 0 | G17: =SUMIFS( INDEX('Data tổng hợp I'!$G$2:$Q$1858,0,MATCH(G$8,'Data tổng hợp I'!$G$2:$Q$2,0)), 'Data tổng hợp I'!$B$2:$B$1858,'Form mẫu'!$U$2, 'Data tổng hợp I'!$C$2:$C$1858,'Form mẫu'!$A17, 'Data tổng hợp I'!$D$2:$D$1858,'Form mẫu'!$B17, 'Data tổng hợp I'!$E$2:$E$1858,'Form mẫu'!$C17, 'Data tổng hợp I'!$F$2:$F$1858,'Form mẫu'!$D17 ) -> 0 | H17: =SUMIFS( INDEX('Data tổng hợp I'!$G$2:$Q$1858,0,MATCH(H$8,'Data tổng hợp I'!$G$2:$Q$2,0)), 'Data tổng hợp I'!$B$2:$B$1858,'Form mẫu'!$U$2, 'Data tổng hợp I'!$C$2:$C$1858,'Form mẫu'!$A17, 'Data tổng hợp I'!$D$2:$D$1858,'Form mẫu'!$B17, 'Data tổng hợp I'!$E$2:$E$1858,'Form mẫu'!$C17, 'Data tổng hợp I'!$F$2:$F$1858,'Form mẫu'!$D17 ) -> 0 | I17: =SUMIFS( INDEX('Data tổng hợp I'!$G$2:$Q$1858,0,MATCH(I$8,'Data tổng hợp I'!$G$2:$Q$2,0)), 'Data tổng hợp I'!$B$2:$B$1858,'Form mẫu'!$U$2, 'Data tổng hợp I'!$C$2:$C$1858,'Form mẫu'!$A17, 'Data tổng hợp I'!$D$2:$D$1858,'Form mẫu'!$B17, 'Data tổng hợp I'!$E$2:$E$1858,'Form mẫu'!$C17, 'Data tổng hợp I'!$F$2:$F$1858,'Form mẫu'!$D17 ) -> 0 | J17: =SUMIFS( INDEX('Data tổng hợp I'!$G$2:$Q$1858,0,MATCH(J$8,'Data tổng hợp I'!$G$2:$Q$2,0)), 'Data tổng hợp I'!$B$2:$B$1858,'Form mẫu'!$U$2, 'Data tổng hợp I'!$C$2:$C$1858,'Form mẫu'!$A17, 'Data tổng hợp I'!$D$2:$D$1858,'Form mẫu'!$B17, 'Data tổng hợp I'!$E$2:$E$1858,'Form mẫu'!$C17, 'Data tổng hợp I'!$F$2:$F$1858,'Form mẫu'!$D17 ) -> 0 | K17: =SUMIFS( INDEX('Data tổng hợp I'!$G$2:$Q$1858,0,MATCH(K$8,'Data tổng hợp I'!$G$2:$Q$2,0)), 'Data tổng hợp I'!$B$2:$B$1858,'Form mẫu'!$U$2, 'Data tổng hợp I'!$C$2:$C$1858,'Form mẫu'!$A17, 'Data tổng hợp I'!$D$2:$D$1858,'Form mẫu'!$B17, 'Data tổng hợp I'!$E$2:$E$1858,'Form mẫu'!$C17, 'Data tổng hợp I'!$F$2:$F$1858,'Form mẫu'!$D17 ) -> 0 | L17: =SUMIFS( INDEX('Data tổng hợp I'!$G$2:$Q$1858,0,MATCH(L$8,'Data tổng hợp I'!$G$2:$Q$2,0)), 'Data tổng hợp I'!$B$2:$B$1858,'Form mẫu'!$U$2, 'Data tổng hợp I'!$C$2:$C$1858,'Form mẫu'!$A17, 'Data tổng hợp I'!$D$2:$D$1858,'Form mẫu'!$B17, 'Data tổng hợp I'!$E$2:$E$1858,'Form mẫu'!$C17, 'Data tổng hợp I'!$F$2:$F$1858,'Form mẫu'!$D17 ) -> 0 | ... O17: =SUMIFS( INDEX('Data tổng hợp I'!$G$2:$Q$1858,0,MATCH(O$8,'Data tổng hợp I'!$G$2:$Q$2,0)), 'Data tổng hợp I'!$B$2:$B$1858,'Form mẫu'!$U$2, 'Data tổng hợp I'!$C$2:$C$1858,'Form mẫu'!$A17, 'Data tổng hợp I'!$D$2:$D$1858,'Form mẫu'!$B17, 'Data tổng hợp I'!$E$2:$E$1858,'Form mẫu'!$C17, 'Data tổng hợp I'!$F$2:$F$1858,'Form mẫu'!$D17 ) -> 0
A18: DC2 | B18: 50x50 | C18: Thực hiện | D18: % | E18: =SUMIFS( INDEX('Data tổng hợp I'!$G$2:$Q$1858,0,MATCH(E$8,'Data tổng hợp I'!$G$2:$Q$2,0)), 'Data tổng hợp I'!$B$2:$B$1858,'Form mẫu'!$U$2, 'Data tổng hợp I'!$C$2:$C$1858,'Form mẫu'!$A18, 'Data tổng hợp I'!$D$2:$D$1858,'Form mẫu'!$B18, 'Data tổng hợp I'!$E$2:$E$1858,'Form mẫu'!$C18, 'Data tổng hợp I'!$F$2:$F$1858,'Form mẫu'!$D18 ) -> 0 | F18: =SUMIFS( INDEX('Data tổng hợp I'!$G$2:$Q$1858,0,MATCH(F$8,'Data tổng hợp I'!$G$2:$Q$2,0)), 'Data tổng hợp I'!$B$2:$B$1858,'Form mẫu'!$U$2, 'Data tổng hợp I'!$C$2:$C$1858,'Form mẫu'!$A18, 'Data tổng hợp I'!$D$2:$D$1858,'Form mẫu'!$B18, 'Data tổng hợp I'!$E$2:$E$1858,'Form mẫu'!$C18, 'Data tổng hợp I'!$F$2:$F$1858,'Form mẫu'!$D18 ) -> 0 | G18: =SUMIFS( INDEX('Data tổng hợp I'!$G$2:$Q$1858,0,MATCH(G$8,'Data tổng hợp I'!$G$2:$Q$2,0)), 'Data tổng hợp I'!$B$2:$B$1858,'Form mẫu'!$U$2, 'Data tổng hợp I'!$C$2:$C$1858,'Form mẫu'!$A18, 'Data tổng hợp I'!$D$2:$D$1858,'Form mẫu'!$B18, 'Data tổng hợp I'!$E$2:$E$1858,'Form mẫu'!$C18, 'Data tổng hợp I'!$F$2:$F$1858,'Form mẫu'!$D18 ) -> 0 | H18: =SUMIFS( INDEX('Data tổng hợp I'!$G$2:$Q$1858,0,MATCH(H$8,'Data tổng hợp I'!$G$2:$Q$2,0)), 'Data tổng hợp I'!$B$2:$B$1858,'Form mẫu'!$U$2, 'Data tổng hợp I'!$C$2:$C$1858,'Form mẫu'!$A18, 'Data tổng hợp I'!$D$2:$D$1858,'Form mẫu'!$B18, 'Data tổng hợp I'!$E$2:$E$1858,'Form mẫu'!$C18, 'Data tổng hợp I'!$F$2:$F$1858,'Form mẫu'!$D18 ) -> 0 | I18: =SUMIFS( INDEX('Data tổng hợp I'!$G$2:$Q$1858,0,MATCH(I$8,'Data tổng hợp I'!$G$2:$Q$2,0)), 'Data tổng hợp I'!$B$2:$B$1858,'Form mẫu'!$U$2, 'Data tổng hợp I'!$C$2:$C$1858,'Form mẫu'!$A18, 'Data tổng hợp I'!$D$2:$D$1858,'Form mẫu'!$B18, 'Data tổng hợp I'!$E$2:$E$1858,'Form mẫu'!$C18, 'Data tổng hợp I'!$F$2:$F$1858,'Form mẫu'!$D18 ) -> 0 | J18: =SUMIFS( INDEX('Data tổng hợp I'!$G$2:$Q$1858,0,MATCH(J$8,'Data tổng hợp I'!$G$2:$Q$2,0)), 'Data tổng hợp I'!$B$2:$B$1858,'Form mẫu'!$U$2, 'Data tổng hợp I'!$C$2:$C$1858,'Form mẫu'!$A18, 'Data tổng hợp I'!$D$2:$D$1858,'Form mẫu'!$B18, 'Data tổng hợp I'!$E$2:$E$1858,'Form mẫu'!$C18, 'Data tổng hợp I'!$F$2:$F$1858,'Form mẫu'!$D18 ) -> 0 | K18: =SUMIFS( INDEX('Data tổng hợp I'!$G$2:$Q$1858,0,MATCH(K$8,'Data tổng hợp I'!$G$2:$Q$2,0)), 'Data tổng hợp I'!$B$2:$B$1858,'Form mẫu'!$U$2, 'Data tổng hợp I'!$C$2:$C$1858,'Form mẫu'!$A18, 'Data tổng hợp I'!$D$2:$D$1858,'Form mẫu'!$B18, 'Data tổng hợp I'!$E$2:$E$1858,'Form mẫu'!$C18, 'Data tổng hợp I'!$F$2:$F$1858,'Form mẫu'!$D18 ) -> 0 | L18: =SUMIFS( INDEX('Data tổng hợp I'!$G$2:$Q$1858,0,MATCH(L$8,'Data tổng hợp I'!$G$2:$Q$2,0)), 'Data tổng hợp I'!$B$2:$B$1858,'Form mẫu'!$U$2, 'Data tổng hợp I'!$C$2:$C$1858,'Form mẫu'!$A18, 'Data tổng hợp I'!$D$2:$D$1858,'Form mẫu'!$B18, 'Data tổng hợp I'!$E$2:$E$1858,'Form mẫu'!$C18, 'Data tổng hợp I'!$F$2:$F$1858,'Form mẫu'!$D18 ) -> 0 | ... O18: =SUMIFS( INDEX('Data tổng hợp I'!$G$2:$Q$1858,0,MATCH(O$8,'Data tổng hợp I'!$G$2:$Q$2,0)), 'Data tổng hợp I'!$B$2:$B$1858,'Form mẫu'!$U$2, 'Data tổng hợp I'!$C$2:$C$1858,'Form mẫu'!$A18, 'Data tổng hợp I'!$D$2:$D$1858,'Form mẫu'!$B18, 'Data tổng hợp I'!$E$2:$E$1858,'Form mẫu'!$C18, 'Data tổng hợp I'!$F$2:$F$1858,'Form mẫu'!$D18 ) -> 0
A19: DC2 | B19: 50x50 | C19: So sánh TH/KH | D19: m2 | E19: =E17-E15 -> 0 | F19: =F17-F15 -> 0 | G19: =G17-G15 -> 0 | H19: =H17-H15 -> 0 | I19: =I17-I15 -> 0 | J19: =J17-J15 -> 0 | K19: =K17-K15 -> 0
A20: DC2 | B20: 50x50 | C20: So sánh TH/KH | D20: % | F20: =F18-F16 -> 0 | G20: =G18-G16 -> 0 | H20: =H18-H16 -> 0
A21: DC2 | B21: 60x60 | C21: Kế hoạch | D21: m2 | E21: =SUMIFS( INDEX('Data tổng hợp I'!$G$2:$Q$1858,0,MATCH(E$8,'Data tổng hợp I'!$G$2:$Q$2,0)), 'Data tổng hợp I'!$B$2:$B$1858,'Form mẫu'!$U$2, 'Data tổng hợp I'!$C$2:$C$1858,'Form mẫu'!$A21, 'Data tổng hợp I'!$D$2:$D$1858,'Form mẫu'!$B21, 'Data tổng hợp I'!$E$2:$E$1858,'Form mẫu'!$C21, 'Data tổng hợp I'!$F$2:$F$1858,'Form mẫu'!$D21 ) -> 0 | F21: =SUMIFS( INDEX('Data tổng hợp I'!$G$2:$Q$1858,0,MATCH(F$8,'Data tổng hợp I'!$G$2:$Q$2,0)), 'Data tổng hợp I'!$B$2:$B$1858,'Form mẫu'!$U$2, 'Data tổng hợp I'!$C$2:$C$1858,'Form mẫu'!$A21, 'Data tổng hợp I'!$D$2:$D$1858,'Form mẫu'!$B21, 'Data tổng hợp I'!$E$2:$E$1858,'Form mẫu'!$C21, 'Data tổng hợp I'!$F$2:$F$1858,'Form mẫu'!$D21 ) -> 0 | G21: =SUMIFS( INDEX('Data tổng hợp I'!$G$2:$Q$1858,0,MATCH(G$8,'Data tổng hợp I'!$G$2:$Q$2,0)), 'Data tổng hợp I'!$B$2:$B$1858,'Form mẫu'!$U$2, 'Data tổng hợp I'!$C$2:$C$1858,'Form mẫu'!$A21, 'Data tổng hợp I'!$D$2:$D$1858,'Form mẫu'!$B21, 'Data tổng hợp I'!$E$2:$E$1858,'Form mẫu'!$C21, 'Data tổng hợp I'!$F$2:$F$1858,'Form mẫu'!$D21 ) -> 0 | H21: =SUMIFS( INDEX('Data tổng hợp I'!$G$2:$Q$1858,0,MATCH(H$8,'Data tổng hợp I'!$G$2:$Q$2,0)), 'Data tổng hợp I'!$B$2:$B$1858,'Form mẫu'!$U$2, 'Data tổng hợp I'!$C$2:$C$1858,'Form mẫu'!$A21, 'Data tổng hợp I'!$D$2:$D$1858,'Form mẫu'!$B21, 'Data tổng hợp I'!$E$2:$E$1858,'Form mẫu'!$C21, 'Data tổng hợp I'!$F$2:$F$1858,'Form mẫu'!$D21 ) -> 0 | I21: =SUMIFS( INDEX('Data tổng hợp I'!$G$2:$Q$1858,0,MATCH(I$8,'Data tổng hợp I'!$G$2:$Q$2,0)), 'Data tổng hợp I'!$B$2:$B$1858,'Form mẫu'!$U$2, 'Data tổng hợp I'!$C$2:$C$1858,'Form mẫu'!$A21, 'Data tổng hợp I'!$D$2:$D$1858,'Form mẫu'!$B21, 'Data tổng hợp I'!$E$2:$E$1858,'Form mẫu'!$C21, 'Data tổng hợp I'!$F$2:$F$1858,'Form mẫu'!$D21 ) -> 0 | J21: =SUMIFS( INDEX('Data tổng hợp I'!$G$2:$Q$1858,0,MATCH(J$8,'Data tổng hợp I'!$G$2:$Q$2,0)), 'Data tổng hợp I'!$B$2:$B$1858,'Form mẫu'!$U$2, 'Data tổng hợp I'!$C$2:$C$1858,'Form mẫu'!$A21, 'Data tổng hợp I'!$D$2:$D$1858,'Form mẫu'!$B21, 'Data tổng hợp I'!$E$2:$E$1858,'Form mẫu'!$C21, 'Data tổng hợp I'!$F$2:$F$1858,'Form mẫu'!$D21 ) -> 0 | K21: =SUMIFS( INDEX('Data tổng hợp I'!$G$2:$Q$1858,0,MATCH(K$8,'Data tổng hợp I'!$G$2:$Q$2,0)), 'Data tổng hợp I'!$B$2:$B$1858,'Form mẫu'!$U$2, 'Data tổng hợp I'!$C$2:$C$1858,'Form mẫu'!$A21, 'Data tổng hợp I'!$D$2:$D$1858,'Form mẫu'!$B21, 'Data tổng hợp I'!$E$2:$E$1858,'Form mẫu'!$C21, 'Data tổng hợp I'!$F$2:$F$1858,'Form mẫu'!$D21 ) -> 0 | L21: =SUMIFS( INDEX('Data tổng hợp I'!$G$2:$Q$1858,0,MATCH(L$8,'Data tổng hợp I'!$G$2:$Q$2,0)), 'Data tổng hợp I'!$B$2:$B$1858,'Form mẫu'!$U$2, 'Data tổng hợp I'!$C$2:$C$1858,'Form mẫu'!$A21, 'Data tổng hợp I'!$D$2:$D$1858,'Form mẫu'!$B21, 'Data tổng hợp I'!$E$2:$E$1858,'Form mẫu'!$C21, 'Data tổng hợp I'!$F$2:$F$1858,'Form mẫu'!$D21 ) -> 0 | ... O21: =SUMIFS( INDEX('Data tổng hợp I'!$G$2:$Q$1858,0,MATCH(O$8,'Data tổng hợp I'!$G$2:$Q$2,0)), 'Data tổng hợp I'!$B$2:$B$1858,'Form mẫu'!$U$2, 'Data tổng hợp I'!$C$2:$C$1858,'Form mẫu'!$A21, 'Data tổng hợp I'!$D$2:$D$1858,'Form mẫu'!$B21, 'Data tổng hợp I'!$E$2:$E$1858,'Form mẫu'!$C21, 'Data tổng hợp I'!$F$2:$F$1858,'Form mẫu'!$D21 ) -> 0
A22: DC2 | B22: 60x60 | C22: Kế hoạch | D22: % | E22: =SUMIFS( INDEX('Data tổng hợp I'!$G$2:$Q$1858,0,MATCH(E$8,'Data tổng hợp I'!$G$2:$Q$2,0)), 'Data tổng hợp I'!$B$2:$B$1858,'Form mẫu'!$U$2, 'Data tổng hợp I'!$C$2:$C$1858,'Form mẫu'!$A22, 'Data tổng hợp I'!$D$2:$D$1858,'Form mẫu'!$B22, 'Data tổng hợp I'!$E$2:$E$1858,'Form mẫu'!$C22, 'Data tổng hợp I'!$F$2:$F$1858,'Form mẫu'!$D22 ) -> 0 | F22: =SUMIFS( INDEX('Data tổng hợp I'!$G$2:$Q$1858,0,MATCH(F$8,'Data tổng hợp I'!$G$2:$Q$2,0)), 'Data tổng hợp I'!$B$2:$B$1858,'Form mẫu'!$U$2, 'Data tổng hợp I'!$C$2:$C$1858,'Form mẫu'!$A22, 'Data tổng hợp I'!$D$2:$D$1858,'Form mẫu'!$B22, 'Data tổng hợp I'!$E$2:$E$1858,'Form mẫu'!$C22, 'Data tổng hợp I'!$F$2:$F$1858,'Form mẫu'!$D22 ) -> 0 | G22: =SUMIFS( INDEX('Data tổng hợp I'!$G$2:$Q$1858,0,MATCH(G$8,'Data tổng hợp I'!$G$2:$Q$2,0)), 'Data tổng hợp I'!$B$2:$B$1858,'Form mẫu'!$U$2, 'Data tổng hợp I'!$C$2:$C$1858,'Form mẫu'!$A22, 'Data tổng hợp I'!$D$2:$D$1858,'Form mẫu'!$B22, 'Data tổng hợp I'!$E$2:$E$1858,'Form mẫu'!$C22, 'Data tổng hợp I'!$F$2:$F$1858,'Form mẫu'!$D22 ) -> 0 | H22: =SUMIFS( INDEX('Data tổng hợp I'!$G$2:$Q$1858,0,MATCH(H$8,'Data tổng hợp I'!$G$2:$Q$2,0)), 'Data tổng hợp I'!$B$2:$B$1858,'Form mẫu'!$U$2, 'Data tổng hợp I'!$C$2:$C$1858,'Form mẫu'!$A22, 'Data tổng hợp I'!$D$2:$D$1858,'Form mẫu'!$B22, 'Data tổng hợp I'!$E$2:$E$1858,'Form mẫu'!$C22, 'Data tổng hợp I'!$F$2:$F$1858,'Form mẫu'!$D22 ) -> 0 | I22: =SUMIFS( INDEX('Data tổng hợp I'!$G$2:$Q$1858,0,MATCH(I$8,'Data tổng hợp I'!$G$2:$Q$2,0)), 'Data tổng hợp I'!$B$2:$B$1858,'Form mẫu'!$U$2, 'Data tổng hợp I'!$C$2:$C$1858,'Form mẫu'!$A22, 'Data tổng hợp I'!$D$2:$D$1858,'Form mẫu'!$B22, 'Data tổng hợp I'!$E$2:$E$1858,'Form mẫu'!$C22, 'Data tổng hợp I'!$F$2:$F$1858,'Form mẫu'!$D22 ) -> 0 | J22: =SUMIFS( INDEX('Data tổng hợp I'!$G$2:$Q$1858,0,MATCH(J$8,'Data tổng hợp I'!$G$2:$Q$2,0)), 'Data tổng hợp I'!$B$2:$B$1858,'Form mẫu'!$U$2, 'Data tổng hợp I'!$C$2:$C$1858,'Form mẫu'!$A22, 'Data tổng hợp I'!$D$2:$D$1858,'Form mẫu'!$B22, 'Data tổng hợp I'!$E$2:$E$1858,'Form mẫu'!$C22, 'Data tổng hợp I'!$F$2:$F$1858,'Form mẫu'!$D22 ) -> 0 | K22: =SUMIFS( INDEX('Data tổng hợp I'!$G$2:$Q$1858,0,MATCH(K$8,'Data tổng hợp I'!$G$2:$Q$2,0)), 'Data tổng hợp I'!$B$2:$B$1858,'Form mẫu'!$U$2, 'Data tổng hợp I'!$C$2:$C$1858,'Form mẫu'!$A22, 'Data tổng hợp I'!$D$2:$D$1858,'Form mẫu'!$B22, 'Data tổng hợp I'!$E$2:$E$1858,'Form mẫu'!$C22, 'Data tổng hợp I'!$F$2:$F$1858,'Form mẫu'!$D22 ) -> 0 | L22: =SUMIFS( INDEX('Data tổng hợp I'!$G$2:$Q$1858,0,MATCH(L$8,'Data tổng hợp I'!$G$2:$Q$2,0)), 'Data tổng hợp I'!$B$2:$B$1858,'Form mẫu'!$U$2, 'Data tổng hợp I'!$C$2:$C$1858,'Form mẫu'!$A22, 'Data tổng hợp I'!$D$2:$D$1858,'Form mẫu'!$B22, 'Data tổng hợp I'!$E$2:$E$1858,'Form mẫu'!$C22, 'Data tổng hợp I'!$F$2:$F$1858,'Form mẫu'!$D22 ) -> 0 | ... O22: =SUMIFS( INDEX('Data tổng hợp I'!$G$2:$Q$1858,0,MATCH(O$8,'Data tổng hợp I'!$G$2:$Q$2,0)), 'Data tổng hợp I'!$B$2:$B$1858,'Form mẫu'!$U$2, 'Data tổng hợp I'!$C$2:$C$1858,'Form mẫu'!$A22, 'Data tổng hợp I'!$D$2:$D$1858,'Form mẫu'!$B22, 'Data tổng hợp I'!$E$2:$E$1858,'Form mẫu'!$C22, 'Data tổng hợp I'!$F$2:$F$1858,'Form mẫu'!$D22 ) -> 0
A23: DC2 | B23: 60x60 | C23: Thực hiện | D23: m2 | E23: =SUMIFS( INDEX('Data tổng hợp I'!$G$2:$Q$1858,0,MATCH(E$8,'Data tổng hợp I'!$G$2:$Q$2,0)), 'Data tổng hợp I'!$B$2:$B$1858,'Form mẫu'!$U$2, 'Data tổng hợp I'!$C$2:$C$1858,'Form mẫu'!$A23, 'Data tổng hợp I'!$D$2:$D$1858,'Form mẫu'!$B23, 'Data tổng hợp I'!$E$2:$E$1858,'Form mẫu'!$C23, 'Data tổng hợp I'!$F$2:$F$1858,'Form mẫu'!$D23 ) -> 0 | F23: =SUMIFS( INDEX('Data tổng hợp I'!$G$2:$Q$1858,0,MATCH(F$8,'Data tổng hợp I'!$G$2:$Q$2,0)), 'Data tổng hợp I'!$B$2:$B$1858,'Form mẫu'!$U$2, 'Data tổng hợp I'!$C$2:$C$1858,'Form mẫu'!$A23, 'Data tổng hợp I'!$D$2:$D$1858,'Form mẫu'!$B23, 'Data tổng hợp I'!$E$2:$E$1858,'Form mẫu'!$C23, 'Data tổng hợp I'!$F$2:$F$1858,'Form mẫu'!$D23 ) -> 0 | G23: =SUMIFS( INDEX('Data tổng hợp I'!$G$2:$Q$1858,0,MATCH(G$8,'Data tổng hợp I'!$G$2:$Q$2,0)), 'Data tổng hợp I'!$B$2:$B$1858,'Form mẫu'!$U$2, 'Data tổng hợp I'!$C$2:$C$1858,'Form mẫu'!$A23, 'Data tổng hợp I'!$D$2:$D$1858,'Form mẫu'!$B23, 'Data tổng hợp I'!$E$2:$E$1858,'Form mẫu'!$C23, 'Data tổng hợp I'!$F$2:$F$1858,'Form mẫu'!$D23 ) -> 0 | H23: =SUMIFS( INDEX('Data tổng hợp I'!$G$2:$Q$1858,0,MATCH(H$8,'Data tổng hợp I'!$G$2:$Q$2,0)), 'Data tổng hợp I'!$B$2:$B$1858,'Form mẫu'!$U$2, 'Data tổng hợp I'!$C$2:$C$1858,'Form mẫu'!$A23, 'Data tổng hợp I'!$D$2:$D$1858,'Form mẫu'!$B23, 'Data tổng hợp I'!$E$2:$E$1858,'Form mẫu'!$C23, 'Data tổng hợp I'!$F$2:$F$1858,'Form mẫu'!$D23 ) -> 0 | I23: =SUMIFS( INDEX('Data tổng hợp I'!$G$2:$Q$1858,0,MATCH(I$8,'Data tổng hợp I'!$G$2:$Q$2,0)), 'Data tổng hợp I'!$B$2:$B$1858,'Form mẫu'!$U$2, 'Data tổng hợp I'!$C$2:$C$1858,'Form mẫu'!$A23, 'Data tổng hợp I'!$D$2:$D$1858,'Form mẫu'!$B23, 'Data tổng hợp I'!$E$2:$E$1858,'Form mẫu'!$C23, 'Data tổng hợp I'!$F$2:$F$1858,'Form mẫu'!$D23 ) -> 0 | J23: =SUMIFS( INDEX('Data tổng hợp I'!$G$2:$Q$1858,0,MATCH(J$8,'Data tổng hợp I'!$G$2:$Q$2,0)), 'Data tổng hợp I'!$B$2:$B$1858,'Form mẫu'!$U$2, 'Data tổng hợp I'!$C$2:$C$1858,'Form mẫu'!$A23, 'Data tổng hợp I'!$D$2:$D$1858,'Form mẫu'!$B23, 'Data tổng hợp I'!$E$2:$E$1858,'Form mẫu'!$C23, 'Data tổng hợp I'!$F$2:$F$1858,'Form mẫu'!$D23 ) -> 0 | K23: =SUMIFS( INDEX('Data tổng hợp I'!$G$2:$Q$1858,0,MATCH(K$8,'Data tổng hợp I'!$G$2:$Q$2,0)), 'Data tổng hợp I'!$B$2:$B$1858,'Form mẫu'!$U$2, 'Data tổng hợp I'!$C$2:$C$1858,'Form mẫu'!$A23, 'Data tổng hợp I'!$D$2:$D$1858,'Form mẫu'!$B23, 'Data tổng hợp I'!$E$2:$E$1858,'Form mẫu'!$C23, 'Data tổng hợp I'!$F$2:$F$1858,'Form mẫu'!$D23 ) -> 0 | L23: =SUMIFS( INDEX('Data tổng hợp I'!$G$2:$Q$1858,0,MATCH(L$8,'Data tổng hợp I'!$G$2:$Q$2,0)), 'Data tổng hợp I'!$B$2:$B$1858,'Form mẫu'!$U$2, 'Data tổng hợp I'!$C$2:$C$1858,'Form mẫu'!$A23, 'Data tổng hợp I'!$D$2:$D$1858,'Form mẫu'!$B23, 'Data tổng hợp I'!$E$2:$E$1858,'Form mẫu'!$C23, 'Data tổng hợp I'!$F$2:$F$1858,'Form mẫu'!$D23 ) -> 0 | ... O23: =SUMIFS( INDEX('Data tổng hợp I'!$G$2:$Q$1858,0,MATCH(O$8,'Data tổng hợp I'!$G$2:$Q$2,0)), 'Data tổng hợp I'!$B$2:$B$1858,'Form mẫu'!$U$2, 'Data tổng hợp I'!$C$2:$C$1858,'Form mẫu'!$A23, 'Data tổng hợp I'!$D$2:$D$1858,'Form mẫu'!$B23, 'Data tổng hợp I'!$E$2:$E$1858,'Form mẫu'!$C23, 'Data tổng hợp I'!$F$2:$F$1858,'Form mẫu'!$D23 ) -> 0
A24: DC2 | B24: 60x60 | C24: Thực hiện | D24: % | E24: =SUMIFS( INDEX('Data tổng hợp I'!$G$2:$Q$1858,0,MATCH(E$8,'Data tổng hợp I'!$G$2:$Q$2,0)), 'Data tổng hợp I'!$B$2:$B$1858,'Form mẫu'!$U$2, 'Data tổng hợp I'!$C$2:$C$1858,'Form mẫu'!$A24, 'Data tổng hợp I'!$D$2:$D$1858,'Form mẫu'!$B24, 'Data tổng hợp I'!$E$2:$E$1858,'Form mẫu'!$C24, 'Data tổng hợp I'!$F$2:$F$1858,'Form mẫu'!$D24 ) -> 0 | F24: =SUMIFS( INDEX('Data tổng hợp I'!$G$2:$Q$1858,0,MATCH(F$8,'Data tổng hợp I'!$G$2:$Q$2,0)), 'Data tổng hợp I'!$B$2:$B$1858,'Form mẫu'!$U$2, 'Data tổng hợp I'!$C$2:$C$1858,'Form mẫu'!$A24, 'Data tổng hợp I'!$D$2:$D$1858,'Form mẫu'!$B24, 'Data tổng hợp I'!$E$2:$E$1858,'Form mẫu'!$C24, 'Data tổng hợp I'!$F$2:$F$1858,'Form mẫu'!$D24 ) -> 0 | G24: =SUMIFS( INDEX('Data tổng hợp I'!$G$2:$Q$1858,0,MATCH(G$8,'Data tổng hợp I'!$G$2:$Q$2,0)), 'Data tổng hợp I'!$B$2:$B$1858,'Form mẫu'!$U$2, 'Data tổng hợp I'!$C$2:$C$1858,'Form mẫu'!$A24, 'Data tổng hợp I'!$D$2:$D$1858,'Form mẫu'!$B24, 'Data tổng hợp I'!$E$2:$E$1858,'Form mẫu'!$C24, 'Data tổng hợp I'!$F$2:$F$1858,'Form mẫu'!$D24 ) -> 0 | H24: =SUMIFS( INDEX('Data tổng hợp I'!$G$2:$Q$1858,0,MATCH(H$8,'Data tổng hợp I'!$G$2:$Q$2,0)), 'Data tổng hợp I'!$B$2:$B$1858,'Form mẫu'!$U$2, 'Data tổng hợp I'!$C$2:$C$1858,'Form mẫu'!$A24, 'Data tổng hợp I'!$D$2:$D$1858,'Form mẫu'!$B24, 'Data tổng hợp I'!$E$2:$E$1858,'Form mẫu'!$C24, 'Data tổng hợp I'!$F$2:$F$1858,'Form mẫu'!$D24 ) -> 0 | I24: =SUMIFS( INDEX('Data tổng hợp I'!$G$2:$Q$1858,0,MATCH(I$8,'Data tổng hợp I'!$G$2:$Q$2,0)), 'Data tổng hợp I'!$B$2:$B$1858,'Form mẫu'!$U$2, 'Data tổng hợp I'!$C$2:$C$1858,'Form mẫu'!$A24, 'Data tổng hợp I'!$D$2:$D$1858,'Form mẫu'!$B24, 'Data tổng hợp I'!$E$2:$E$1858,'Form mẫu'!$C24, 'Data tổng hợp I'!$F$2:$F$1858,'Form mẫu'!$D24 ) -> 0 | J24: =SUMIFS( INDEX('Data tổng hợp I'!$G$2:$Q$1858,0,MATCH(J$8,'Data tổng hợp I'!$G$2:$Q$2,0)), 'Data tổng hợp I'!$B$2:$B$1858,'Form mẫu'!$U$2, 'Data tổng hợp I'!$C$2:$C$1858,'Form mẫu'!$A24, 'Data tổng hợp I'!$D$2:$D$1858,'Form mẫu'!$B24, 'Data tổng hợp I'!$E$2:$E$1858,'Form mẫu'!$C24, 'Data tổng hợp I'!$F$2:$F$1858,'Form mẫu'!$D24 ) -> 0 | K24: =SUMIFS( INDEX('Data tổng hợp I'!$G$2:$Q$1858,0,MATCH(K$8,'Data tổng hợp I'!$G$2:$Q$2,0)), 'Data tổng hợp I'!$B$2:$B$1858,'Form mẫu'!$U$2, 'Data tổng hợp I'!$C$2:$C$1858,'Form mẫu'!$A24, 'Data tổng hợp I'!$D$2:$D$1858,'Form mẫu'!$B24, 'Data tổng hợp I'!$E$2:$E$1858,'Form mẫu'!$C24, 'Data tổng hợp I'!$F$2:$F$1858,'Form mẫu'!$D24 ) -> 0 | L24: =SUMIFS( INDEX('Data tổng hợp I'!$G$2:$Q$1858,0,MATCH(L$8,'Data tổng hợp I'!$G$2:$Q$2,0)), 'Data tổng hợp I'!$B$2:$B$1858,'Form mẫu'!$U$2, 'Data tổng hợp I'!$C$2:$C$1858,'Form mẫu'!$A24, 'Data tổng hợp I'!$D$2:$D$1858,'Form mẫu'!$B24, 'Data tổng hợp I'!$E$2:$E$1858,'Form mẫu'!$C24, 'Data tổng hợp I'!$F$2:$F$1858,'Form mẫu'!$D24 ) -> 0 | ... O24: =SUMIFS( INDEX('Data tổng hợp I'!$G$2:$Q$1858,0,MATCH(O$8,'Data tổng hợp I'!$G$2:$Q$2,0)), 'Data tổng hợp I'!$B$2:$B$1858,'Form mẫu'!$U$2, 'Data tổng hợp I'!$C$2:$C$1858,'Form mẫu'!$A24, 'Data tổng hợp I'!$D$2:$D$1858,'Form mẫu'!$B24, 'Data tổng hợp I'!$E$2:$E$1858,'Form mẫu'!$C24, 'Data tổng hợp I'!$F$2:$F$1858,'Form mẫu'!$D24 ) -> 0
A25: DC2 | B25: 60x60 | C25: So sánh TH/KH | D25: m2 | E25: =E23-E21 -> 0 | F25: =F23-F21 -> 0 | G25: =G23-G21 -> 0 | H25: =H23-H21 -> 0 | I25: =I23-I21 -> 0 | J25: =J23-J21 -> 0 | K25: =K23-K21 -> 0
A26: DC2 | B26: 60x60 | C26: So sánh TH/KH | D26: % | F26: =F24-F22 -> 0 | G26: =G24-G22 -> 0 | H26: =H24-H22 -> 0
A27: DC2 | B27: 40x80 | C27: Kế hoạch | D27: m2 | E27: =SUMIFS( INDEX('Data tổng hợp I'!$G$2:$Q$1858,0,MATCH(E$8,'Data tổng hợp I'!$G$2:$Q$2,0)), 'Data tổng hợp I'!$B$2:$B$1858,'Form mẫu'!$U$2, 'Data tổng hợp I'!$C$2:$C$1858,'Form mẫu'!$A27, 'Data tổng hợp I'!$D$2:$D$1858,'Form mẫu'!$B27, 'Data tổng hợp I'!$E$2:$E$1858,'Form mẫu'!$C27, 'Data tổng hợp I'!$F$2:$F$1858,'Form mẫu'!$D27 ) -> 0 | F27: =SUMIFS( INDEX('Data tổng hợp I'!$G$2:$Q$1858,0,MATCH(F$8,'Data tổng hợp I'!$G$2:$Q$2,0)), 'Data tổng hợp I'!$B$2:$B$1858,'Form mẫu'!$U$2, 'Data tổng hợp I'!$C$2:$C$1858,'Form mẫu'!$A27, 'Data tổng hợp I'!$D$2:$D$1858,'Form mẫu'!$B27, 'Data tổng hợp I'!$E$2:$E$1858,'Form mẫu'!$C27, 'Data tổng hợp I'!$F$2:$F$1858,'Form mẫu'!$D27 ) -> 0 | G27: =SUMIFS( INDEX('Data tổng hợp I'!$G$2:$Q$1858,0,MATCH(G$8,'Data tổng hợp I'!$G$2:$Q$2,0)), 'Data tổng hợp I'!$B$2:$B$1858,'Form mẫu'!$U$2, 'Data tổng hợp I'!$C$2:$C$1858,'Form mẫu'!$A27, 'Data tổng hợp I'!$D$2:$D$1858,'Form mẫu'!$B27, 'Data tổng hợp I'!$E$2:$E$1858,'Form mẫu'!$C27, 'Data tổng hợp I'!$F$2:$F$1858,'Form mẫu'!$D27 ) -> 0 | H27: =SUMIFS( INDEX('Data tổng hợp I'!$G$2:$Q$1858,0,MATCH(H$8,'Data tổng hợp I'!$G$2:$Q$2,0)), 'Data tổng hợp I'!$B$2:$B$1858,'Form mẫu'!$U$2, 'Data tổng hợp I'!$C$2:$C$1858,'Form mẫu'!$A27, 'Data tổng hợp I'!$D$2:$D$1858,'Form mẫu'!$B27, 'Data tổng hợp I'!$E$2:$E$1858,'Form mẫu'!$C27, 'Data tổng hợp I'!$F$2:$F$1858,'Form mẫu'!$D27 ) -> 0 | I27: =SUMIFS( INDEX('Data tổng hợp I'!$G$2:$Q$1858,0,MATCH(I$8,'Data tổng hợp I'!$G$2:$Q$2,0)), 'Data tổng hợp I'!$B$2:$B$1858,'Form mẫu'!$U$2, 'Data tổng hợp I'!$C$2:$C$1858,'Form mẫu'!$A27, 'Data tổng hợp I'!$D$2:$D$1858,'Form mẫu'!$B27, 'Data tổng hợp I'!$E$2:$E$1858,'Form mẫu'!$C27, 'Data tổng hợp I'!$F$2:$F$1858,'Form mẫu'!$D27 ) -> 0 | J27: =SUMIFS( INDEX('Data tổng hợp I'!$G$2:$Q$1858,0,MATCH(J$8,'Data tổng hợp I'!$G$2:$Q$2,0)), 'Data tổng hợp I'!$B$2:$B$1858,'Form mẫu'!$U$2, 'Data tổng hợp I'!$C$2:$C$1858,'Form mẫu'!$A27, 'Data tổng hợp I'!$D$2:$D$1858,'Form mẫu'!$B27, 'Data tổng hợp I'!$E$2:$E$1858,'Form mẫu'!$C27, 'Data tổng hợp I'!$F$2:$F$1858,'Form mẫu'!$D27 ) -> 0 | K27: =SUMIFS( INDEX('Data tổng hợp I'!$G$2:$Q$1858,0,MATCH(K$8,'Data tổng hợp I'!$G$2:$Q$2,0)), 'Data tổng hợp I'!$B$2:$B$1858,'Form mẫu'!$U$2, 'Data tổng hợp I'!$C$2:$C$1858,'Form mẫu'!$A27, 'Data tổng hợp I'!$D$2:$D$1858,'Form mẫu'!$B27, 'Data tổng hợp I'!$E$2:$E$1858,'Form mẫu'!$C27, 'Data tổng hợp I'!$F$2:$F$1858,'Form mẫu'!$D27 ) -> 0 | L27: =SUMIFS( INDEX('Data tổng hợp I'!$G$2:$Q$1858,0,MATCH(L$8,'Data tổng hợp I'!$G$2:$Q$2,0)), 'Data tổng hợp I'!$B$2:$B$1858,'Form mẫu'!$U$2, 'Data tổng hợp I'!$C$2:$C$1858,'Form mẫu'!$A27, 'Data tổng hợp I'!$D$2:$D$1858,'Form mẫu'!$B27, 'Data tổng hợp I'!$E$2:$E$1858,'Form mẫu'!$C27, 'Data tổng hợp I'!$F$2:$F$1858,'Form mẫu'!$D27 ) -> 0 | ... O27: =SUMIFS( INDEX('Data tổng hợp I'!$G$2:$Q$1858,0,MATCH(O$8,'Data tổng hợp I'!$G$2:$Q$2,0)), 'Data tổng hợp I'!$B$2:$B$1858,'Form mẫu'!$U$2, 'Data tổng hợp I'!$C$2:$C$1858,'Form mẫu'!$A27, 'Data tổng hợp I'!$D$2:$D$1858,'Form mẫu'!$B27, 'Data tổng hợp I'!$E$2:$E$1858,'Form mẫu'!$C27, 'Data tổng hợp I'!$F$2:$F$1858,'Form mẫu'!$D27 ) -> 0
A28: DC2 | B28: 40x80 | C28: Kế hoạch | D28: % | E28: =SUMIFS( INDEX('Data tổng hợp I'!$G$2:$Q$1858,0,MATCH(E$8,'Data tổng hợp I'!$G$2:$Q$2,0)), 'Data tổng hợp I'!$B$2:$B$1858,'Form mẫu'!$U$2, 'Data tổng hợp I'!$C$2:$C$1858,'Form mẫu'!$A28, 'Data tổng hợp I'!$D$2:$D$1858,'Form mẫu'!$B28, 'Data tổng hợp I'!$E$2:$E$1858,'Form mẫu'!$C28, 'Data tổng hợp I'!$F$2:$F$1858,'Form mẫu'!$D28 ) -> 0 | F28: =SUMIFS( INDEX('Data tổng hợp I'!$G$2:$Q$1858,0,MATCH(F$8,'Data tổng hợp I'!$G$2:$Q$2,0)), 'Data tổng hợp I'!$B$2:$B$1858,'Form mẫu'!$U$2, 'Data tổng hợp I'!$C$2:$C$1858,'Form mẫu'!$A28, 'Data tổng hợp I'!$D$2:$D$1858,'Form mẫu'!$B28, 'Data tổng hợp I'!$E$2:$E$1858,'Form mẫu'!$C28, 'Data tổng hợp I'!$F$2:$F$1858,'Form mẫu'!$D28 ) -> 0 | G28: =SUMIFS( INDEX('Data tổng hợp I'!$G$2:$Q$1858,0,MATCH(G$8,'Data tổng hợp I'!$G$2:$Q$2,0)), 'Data tổng hợp I'!$B$2:$B$1858,'Form mẫu'!$U$2, 'Data tổng hợp I'!$C$2:$C$1858,'Form mẫu'!$A28, 'Data tổng hợp I'!$D$2:$D$1858,'Form mẫu'!$B28, 'Data tổng hợp I'!$E$2:$E$1858,'Form mẫu'!$C28, 'Data tổng hợp I'!$F$2:$F$1858,'Form mẫu'!$D28 ) -> 0 | H28: =SUMIFS( INDEX('Data tổng hợp I'!$G$2:$Q$1858,0,MATCH(H$8,'Data tổng hợp I'!$G$2:$Q$2,0)), 'Data tổng hợp I'!$B$2:$B$1858,'Form mẫu'!$U$2, 'Data tổng hợp I'!$C$2:$C$1858,'Form mẫu'!$A28, 'Data tổng hợp I'!$D$2:$D$1858,'Form mẫu'!$B28, 'Data tổng hợp I'!$E$2:$E$1858,'Form mẫu'!$C28, 'Data tổng hợp I'!$F$2:$F$1858,'Form mẫu'!$D28 ) -> 0 | I28: =SUMIFS( INDEX('Data tổng hợp I'!$G$2:$Q$1858,0,MATCH(I$8,'Data tổng hợp I'!$G$2:$Q$2,0)), 'Data tổng hợp I'!$B$2:$B$1858,'Form mẫu'!$U$2, 'Data tổng hợp I'!$C$2:$C$1858,'Form mẫu'!$A28, 'Data tổng hợp I'!$D$2:$D$1858,'Form mẫu'!$B28, 'Data tổng hợp I'!$E$2:$E$1858,'Form mẫu'!$C28, 'Data tổng hợp I'!$F$2:$F$1858,'Form mẫu'!$D28 ) -> 0 | J28: =SUMIFS( INDEX('Data tổng hợp I'!$G$2:$Q$1858,0,MATCH(J$8,'Data tổng hợp I'!$G$2:$Q$2,0)), 'Data tổng hợp I'!$B$2:$B$1858,'Form mẫu'!$U$2, 'Data tổng hợp I'!$C$2:$C$1858,'Form mẫu'!$A28, 'Data tổng hợp I'!$D$2:$D$1858,'Form mẫu'!$B28, 'Data tổng hợp I'!$E$2:$E$1858,'Form mẫu'!$C28, 'Data tổng hợp I'!$F$2:$F$1858,'Form mẫu'!$D28 ) -> 0 | K28: =SUMIFS( INDEX('Data tổng hợp I'!$G$2:$Q$1858,0,MATCH(K$8,'Data tổng hợp I'!$G$2:$Q$2,0)), 'Data tổng hợp I'!$B$2:$B$1858,'Form mẫu'!$U$2, 'Data tổng hợp I'!$C$2:$C$1858,'Form mẫu'!$A28, 'Data tổng hợp I'!$D$2:$D$1858,'Form mẫu'!$B28, 'Data tổng hợp I'!$E$2:$E$1858,'Form mẫu'!$C28, 'Data tổng hợp I'!$F$2:$F$1858,'Form mẫu'!$D28 ) -> 0 | L28: =SUMIFS( INDEX('Data tổng hợp I'!$G$2:$Q$1858,0,MATCH(L$8,'Data tổng hợp I'!$G$2:$Q$2,0)), 'Data tổng hợp I'!$B$2:$B$1858,'Form mẫu'!$U$2, 'Data tổng hợp I'!$C$2:$C$1858,'Form mẫu'!$A28, 'Data tổng hợp I'!$D$2:$D$1858,'Form mẫu'!$B28, 'Data tổng hợp I'!$E$2:$E$1858,'Form mẫu'!$C28, 'Data tổng hợp I'!$F$2:$F$1858,'Form mẫu'!$D28 ) -> 0 | ... O28: =SUMIFS( INDEX('Data tổng hợp I'!$G$2:$Q$1858,0,MATCH(O$8,'Data tổng hợp I'!$G$2:$Q$2,0)), 'Data tổng hợp I'!$B$2:$B$1858,'Form mẫu'!$U$2, 'Data tổng hợp I'!$C$2:$C$1858,'Form mẫu'!$A28, 'Data tổng hợp I'!$D$2:$D$1858,'Form mẫu'!$B28, 'Data tổng hợp I'!$E$2:$E$1858,'Form mẫu'!$C28, 'Data tổng hợp I'!$F$2:$F$1858,'Form mẫu'!$D28 ) -> 0
A29: DC2 | B29: 40x80 | C29: Thực hiện | D29: m2 | E29: =SUMIFS( INDEX('Data tổng hợp I'!$G$2:$Q$1858,0,MATCH(E$8,'Data tổng hợp I'!$G$2:$Q$2,0)), 'Data tổng hợp I'!$B$2:$B$1858,'Form mẫu'!$U$2, 'Data tổng hợp I'!$C$2:$C$1858,'Form mẫu'!$A29, 'Data tổng hợp I'!$D$2:$D$1858,'Form mẫu'!$B29, 'Data tổng hợp I'!$E$2:$E$1858,'Form mẫu'!$C29, 'Data tổng hợp I'!$F$2:$F$1858,'Form mẫu'!$D29 ) -> 0 | F29: =SUMIFS( INDEX('Data tổng hợp I'!$G$2:$Q$1858,0,MATCH(F$8,'Data tổng hợp I'!$G$2:$Q$2,0)), 'Data tổng hợp I'!$B$2:$B$1858,'Form mẫu'!$U$2, 'Data tổng hợp I'!$C$2:$C$1858,'Form mẫu'!$A29, 'Data tổng hợp I'!$D$2:$D$1858,'Form mẫu'!$B29, 'Data tổng hợp I'!$E$2:$E$1858,'Form mẫu'!$C29, 'Data tổng hợp I'!$F$2:$F$1858,'Form mẫu'!$D29 ) -> 0 | G29: =SUMIFS( INDEX('Data tổng hợp I'!$G$2:$Q$1858,0,MATCH(G$8,'Data tổng hợp I'!$G$2:$Q$2,0)), 'Data tổng hợp I'!$B$2:$B$1858,'Form mẫu'!$U$2, 'Data tổng hợp I'!$C$2:$C$1858,'Form mẫu'!$A29, 'Data tổng hợp I'!$D$2:$D$1858,'Form mẫu'!$B29, 'Data tổng hợp I'!$E$2:$E$1858,'Form mẫu'!$C29, 'Data tổng hợp I'!$F$2:$F$1858,'Form mẫu'!$D29 ) -> 0 | H29: =SUMIFS( INDEX('Data tổng hợp I'!$G$2:$Q$1858,0,MATCH(H$8,'Data tổng hợp I'!$G$2:$Q$2,0)), 'Data tổng hợp I'!$B$2:$B$1858,'Form mẫu'!$U$2, 'Data tổng hợp I'!$C$2:$C$1858,'Form mẫu'!$A29, 'Data tổng hợp I'!$D$2:$D$1858,'Form mẫu'!$B29, 'Data tổng hợp I'!$E$2:$E$1858,'Form mẫu'!$C29, 'Data tổng hợp I'!$F$2:$F$1858,'Form mẫu'!$D29 ) -> 0 | I29: =SUMIFS( INDEX('Data tổng hợp I'!$G$2:$Q$1858,0,MATCH(I$8,'Data tổng hợp I'!$G$2:$Q$2,0)), 'Data tổng hợp I'!$B$2:$B$1858,'Form mẫu'!$U$2, 'Data tổng hợp I'!$C$2:$C$1858,'Form mẫu'!$A29, 'Data tổng hợp I'!$D$2:$D$1858,'Form mẫu'!$B29, 'Data tổng hợp I'!$E$2:$E$1858,'Form mẫu'!$C29, 'Data tổng hợp I'!$F$2:$F$1858,'Form mẫu'!$D29 ) -> 0 | J29: =SUMIFS( INDEX('Data tổng hợp I'!$G$2:$Q$1858,0,MATCH(J$8,'Data tổng hợp I'!$G$2:$Q$2,0)), 'Data tổng hợp I'!$B$2:$B$1858,'Form mẫu'!$U$2, 'Data tổng hợp I'!$C$2:$C$1858,'Form mẫu'!$A29, 'Data tổng hợp I'!$D$2:$D$1858,'Form mẫu'!$B29, 'Data tổng hợp I'!$E$2:$E$1858,'Form mẫu'!$C29, 'Data tổng hợp I'!$F$2:$F$1858,'Form mẫu'!$D29 ) -> 0 | K29: =SUMIFS( INDEX('Data tổng hợp I'!$G$2:$Q$1858,0,MATCH(K$8,'Data tổng hợp I'!$G$2:$Q$2,0)), 'Data tổng hợp I'!$B$2:$B$1858,'Form mẫu'!$U$2, 'Data tổng hợp I'!$C$2:$C$1858,'Form mẫu'!$A29, 'Data tổng hợp I'!$D$2:$D$1858,'Form mẫu'!$B29, 'Data tổng hợp I'!$E$2:$E$1858,'Form mẫu'!$C29, 'Data tổng hợp I'!$F$2:$F$1858,'Form mẫu'!$D29 ) -> 0 | L29: =SUMIFS( INDEX('Data tổng hợp I'!$G$2:$Q$1858,0,MATCH(L$8,'Data tổng hợp I'!$G$2:$Q$2,0)), 'Data tổng hợp I'!$B$2:$B$1858,'Form mẫu'!$U$2, 'Data tổng hợp I'!$C$2:$C$1858,'Form mẫu'!$A29, 'Data tổng hợp I'!$D$2:$D$1858,'Form mẫu'!$B29, 'Data tổng hợp I'!$E$2:$E$1858,'Form mẫu'!$C29, 'Data tổng hợp I'!$F$2:$F$1858,'Form mẫu'!$D29 ) -> 0 | ... O29: =SUMIFS( INDEX('Data tổng hợp I'!$G$2:$Q$1858,0,MATCH(O$8,'Data tổng hợp I'!$G$2:$Q$2,0)), 'Data tổng hợp I'!$B$2:$B$1858,'Form mẫu'!$U$2, 'Data tổng hợp I'!$C$2:$C$1858,'Form mẫu'!$A29, 'Data tổng hợp I'!$D$2:$D$1858,'Form mẫu'!$B29, 'Data tổng hợp I'!$E$2:$E$1858,'Form mẫu'!$C29, 'Data tổng hợp I'!$F$2:$F$1858,'Form mẫu'!$D29 ) -> 0
A30: DC2 | B30: 40x80 | C30: Thực hiện | D30: % | E30: =SUMIFS( INDEX('Data tổng hợp I'!$G$2:$Q$1858,0,MATCH(E$8,'Data tổng hợp I'!$G$2:$Q$2,0)), 'Data tổng hợp I'!$B$2:$B$1858,'Form mẫu'!$U$2, 'Data tổng hợp I'!$C$2:$C$1858,'Form mẫu'!$A30, 'Data tổng hợp I'!$D$2:$D$1858,'Form mẫu'!$B30, 'Data tổng hợp I'!$E$2:$E$1858,'Form mẫu'!$C30, 'Data tổng hợp I'!$F$2:$F$1858,'Form mẫu'!$D30 ) -> 0 | F30: =SUMIFS( INDEX('Data tổng hợp I'!$G$2:$Q$1858,0,MATCH(F$8,'Data tổng hợp I'!$G$2:$Q$2,0)), 'Data tổng hợp I'!$B$2:$B$1858,'Form mẫu'!$U$2, 'Data tổng hợp I'!$C$2:$C$1858,'Form mẫu'!$A30, 'Data tổng hợp I'!$D$2:$D$1858,'Form mẫu'!$B30, 'Data tổng hợp I'!$E$2:$E$1858,'Form mẫu'!$C30, 'Data tổng hợp I'!$F$2:$F$1858,'Form mẫu'!$D30 ) -> 0 | G30: =SUMIFS( INDEX('Data tổng hợp I'!$G$2:$Q$1858,0,MATCH(G$8,'Data tổng hợp I'!$G$2:$Q$2,0)), 'Data tổng hợp I'!$B$2:$B$1858,'Form mẫu'!$U$2, 'Data tổng hợp I'!$C$2:$C$1858,'Form mẫu'!$A30, 'Data tổng hợp I'!$D$2:$D$1858,'Form mẫu'!$B30, 'Data tổng hợp I'!$E$2:$E$1858,'Form mẫu'!$C30, 'Data tổng hợp I'!$F$2:$F$1858,'Form mẫu'!$D30 ) -> 0 | H30: =SUMIFS( INDEX('Data tổng hợp I'!$G$2:$Q$1858,0,MATCH(H$8,'Data tổng hợp I'!$G$2:$Q$2,0)), 'Data tổng hợp I'!$B$2:$B$1858,'Form mẫu'!$U$2, 'Data tổng hợp I'!$C$2:$C$1858,'Form mẫu'!$A30, 'Data tổng hợp I'!$D$2:$D$1858,'Form mẫu'!$B30, 'Data tổng hợp I'!$E$2:$E$1858,'Form mẫu'!$C30, 'Data tổng hợp I'!$F$2:$F$1858,'Form mẫu'!$D30 ) -> 0 | I30: =SUMIFS( INDEX('Data tổng hợp I'!$G$2:$Q$1858,0,MATCH(I$8,'Data tổng hợp I'!$G$2:$Q$2,0)), 'Data tổng hợp I'!$B$2:$B$1858,'Form mẫu'!$U$2, 'Data tổng hợp I'!$C$2:$C$1858,'Form mẫu'!$A30, 'Data tổng hợp I'!$D$2:$D$1858,'Form mẫu'!$B30, 'Data tổng hợp I'!$E$2:$E$1858,'Form mẫu'!$C30, 'Data tổng hợp I'!$F$2:$F$1858,'Form mẫu'!$D30 ) -> 0 | J30: =SUMIFS( INDEX('Data tổng hợp I'!$G$2:$Q$1858,0,MATCH(J$8,'Data tổng hợp I'!$G$2:$Q$2,0)), 'Data tổng hợp I'!$B$2:$B$1858,'Form mẫu'!$U$2, 'Data tổng hợp I'!$C$2:$C$1858,'Form mẫu'!$A30, 'Data tổng hợp I'!$D$2:$D$1858,'Form mẫu'!$B30, 'Data tổng hợp I'!$E$2:$E$1858,'Form mẫu'!$C30, 'Data tổng hợp I'!$F$2:$F$1858,'Form mẫu'!$D30 ) -> 0 | K30: =SUMIFS( INDEX('Data tổng hợp I'!$G$2:$Q$1858,0,MATCH(K$8,'Data tổng hợp I'!$G$2:$Q$2,0)), 'Data tổng hợp I'!$B$2:$B$1858,'Form mẫu'!$U$2, 'Data tổng hợp I'!$C$2:$C$1858,'Form mẫu'!$A30, 'Data tổng hợp I'!$D$2:$D$1858,'Form mẫu'!$B30, 'Data tổng hợp I'!$E$2:$E$1858,'Form mẫu'!$C30, 'Data tổng hợp I'!$F$2:$F$1858,'Form mẫu'!$D30 ) -> 0 | L30: =SUMIFS( INDEX('Data tổng hợp I'!$G$2:$Q$1858,0,MATCH(L$8,'Data tổng hợp I'!$G$2:$Q$2,0)), 'Data tổng hợp I'!$B$2:$B$1858,'Form mẫu'!$U$2, 'Data tổng hợp I'!$C$2:$C$1858,'Form mẫu'!$A30, 'Data tổng hợp I'!$D$2:$D$1858,'Form mẫu'!$B30, 'Data tổng hợp I'!$E$2:$E$1858,'Form mẫu'!$C30, 'Data tổng hợp I'!$F$2:$F$1858,'Form mẫu'!$D30 ) -> 0 | ... O30: =SUMIFS( INDEX('Data tổng hợp I'!$G$2:$Q$1858,0,MATCH(O$8,'Data tổng hợp I'!$G$2:$Q$2,0)), 'Data tổng hợp I'!$B$2:$B$1858,'Form mẫu'!$U$2, 'Data tổng hợp I'!$C$2:$C$1858,'Form mẫu'!$A30, 'Data tổng hợp I'!$D$2:$D$1858,'Form mẫu'!$B30, 'Data tổng hợp I'!$E$2:$E$1858,'Form mẫu'!$C30, 'Data tổng hợp I'!$F$2:$F$1858,'Form mẫu'!$D30 ) -> 0
A31: DC2 | B31: 40x80 | C31: So sánh TH/KH | D31: m2 | E31: =E29-E27 -> 0 | F31: =F29-F27 -> 0 | G31: =G29-G27 -> 0 | H31: =H29-H27 -> 0 | I31: =I29-I27 -> 0 | J31: =J29-J27 -> 0 | K31: =K29-K27 -> 0
A32: DC2 | B32: 40x80 | C32: So sánh TH/KH | D32: % | F32: =F30-F28 -> 0 | G32: =G30-G28 -> 0 | H32: =H30-H28 -> 0 | I32: =I30-I28 -> 0
A33: Tổng DC 2 | C33: Tổng kế hoạch | D33: m2 | E33: =E15+E21+E27 -> 0 | F33: =F15+F21+F27 -> 0 | G33: =G15+G21+G27 -> 0 | H33: =H15+H21+H27 -> 0 | I33: =I15+I21+I27 -> 0 | J33: =J15+J21+J27 -> 0 | K33: =I33/J33 -> #DIV/0!
C34: Tổng kế hoạch | D34: % | F34: =IFERROR(F33/$I$33*100,0) -> 0 | G34: =IFERROR(G33/$I$33*100,0) -> 0 | H34: =IFERROR(H33/$I$33*100,0) -> 0 | I34: =SUM(F34:H34) -> 0 | L34: =I33/E33*100 -> #DIV/0! | M34: =IF(L34=0,0,100-L34) -> #DIV/0!
C35: Tổng thực hiện | D35: m2 | E35: =E17+E23+E29 -> 0 | F35: =F17+F23+F29 -> 0 | G35: =G17+G23+G29 -> 0 | H35: =H17+H23+H29 -> 0 | I35: =I17+I23+I29 -> 0 | J35: =J17+J23+J29 -> 0 | K35: =+I35/J35 -> #DIV/0! | O35: =J23*O23+J29*O29/J35 -> #DIV/0!
C36: Tổng thực hiện | D36: % | F36: =IFERROR(F35/$I$35*100,0) -> 0 | G36: =IFERROR(G35/$I$35*100,0) -> 0 | H36: =IFERROR(H35/$I$35*100,0) -> 0 | I36: =SUM(F36:H36) -> 0 | L36: =+I35/E35*100 -> #DIV/0! | M36: =IF(L36=0,0,100-L36) -> #DIV/0!
C37: So sánh TH/KH | D37: m2 | E37: =E35-E33 -> 0 | F37: =F35-F33 -> 0 | G37: =G35-G33 -> 0 | H37: =H35-H33 -> 0 | I37: =I35-I33 -> 0 | J37: =J35-J33 -> 0 | K37: =K35-K33 -> #DIV/0! | L37: =L35-L33 -> 0
C38: So sánh TH/KH | D38: % | F38: =F36-F34 -> 0 | G38: =G36-G34 -> 0 | H38: =H36-H34 -> 0
A39: TỔNG 2 DC | C39: TỔNG KẾ HOẠCH | D39: m2 | E39: =E9+E33 -> 0 | F39: =F9+F33 -> 0 | G39: =G9+G33 -> 0 | H39: =H9+H33 -> 0 | I39: =I9+I33 -> 0 | J39: =J9+J33 -> 0 | K39: =+I39/J39 -> #DIV/0!
C40: TỔNG KẾ HOẠCH | D40: % | F40: =IFERROR(F39/$I$39*100,0) -> 0 | G40: =IFERROR(G39/$I$39*100,0) -> 0 | H40: =IFERROR(H39/$I$39*100,0) -> 0 | I40: =SUM(F40:H40) -> 0 | L40: =+I39/E39*100 -> #DIV/0! | M40: =IF(L40=0,0,100-L40) -> #DIV/0!
C41: TỔNG THỰC HIỆN | D41: m2 | E41: =E11+E35 -> 0 | F41: =F11+F35 -> 0 | G41: =G11+G35 -> 0 | H41: =H11+H35 -> 0 | I41: =I11+I35 -> 0 | J41: =J11+J35 -> 0 | K41: =I41/J41 -> #DIV/0!
C42: TỔNG THỰC HIỆN | D42: % | F42: =IFERROR(F41/$I$41*100,0) -> 0 | G42: =IFERROR(G41/$I$41*100,0) -> 0 | H42: =IFERROR(H41/$I$41*100,0) -> 0 | I42: =SUM(F42:H42) -> 0 | L42: =I41/E41*100 -> #DIV/0! | M42: =IF(L42=0,0,100-L42) -> #DIV/0!
C43: So sánh TH/KH | D43: m2 | E43: =E41-E39 -> 0 | F43: =F41-F39 -> 0 | G43: =G41-G39 -> 0 | H43: =H41-H39 -> 0 | I43: =I41-I39 -> 0 | J43: =J41-J39 -> 0 | K43: =K41-K39 -> #DIV/0!
C44: So sánh TH/KH | D44: % | F44: =F42-F40 -> 0 | G44: =G42-G40 -> 0 | H44: =H42-H40 -> 0
A45: * Ghi chú:
A46: - DC1 từ ngày 01/5 - 14/5 chu kì ép 13.5 lần/phút. Từ ngày 15/5-25/5 chu kì ép 15.5 lần/phút, Ca đêm ngày 25/05/2025 dừng ép do sự cố trạm than hoá khí lò 3.6m
A47: - DC2 sản xuất 3 dòng kích thước: 50x50, 60x60 và 40x80 dừng chuyển đổi 2 ngày.
A48: II. Sản lượng theo các thương hiệu:
A49: 1. Kết quả thực hiện sản phẩm 30x60 các thương hiệu của dây chuyền số 1 :
A50: Men | B50: Kích thước | C50: Thương hiệu | D50: ĐVT | E50: Thực Hiện | I50: Tỷ lệ | J50: Ghi chú
E51: A1 | F51: A | G51: B | H51: Tổng A1+A+B | I51: %
A52: Phương Nam | B52: 30x60 | C52: Grandcera chung | D52: m2 | E52: {=IFERROR(INDEX('Data tổng hợp II'!$H$3:$H$4909, MATCH(1, ('Data tổng hợp II'!$C$3:$C$4909="DC1")* ('Data tổng hợp II'!$E$3:$E$4909='Form mẫu'!$A52)* ('Data tổng hợp II'!$F$3:$F$4909='Form mẫu'!$C52)* ('Data tổng hợp II'!$B$3:$B$4909='Form mẫu'!$U$2)*('Data tổng hợp II'!$G$3:$G$4909='Form mẫu'!E$51), 0) ),0)} -> 0 | F52: {=IFERROR(INDEX('Data tổng hợp II'!$H$3:$H$4909, MATCH(1, ('Data tổng hợp II'!$C$3:$C$4909="DC1")* ('Data tổng hợp II'!$E$3:$E$4909='Form mẫu'!$A52)* ('Data tổng hợp II'!$F$3:$F$4909='Form mẫu'!$C52)* ('Data tổng hợp II'!$B$3:$B$4909='Form mẫu'!$U$2)*('Data tổng hợp II'!$G$3:$G$4909='Form mẫu'!F$51), 0) ),0)} -> 0 | G52: {=IFERROR(INDEX('Data tổng hợp II'!$H$3:$H$4909, MATCH(1, ('Data tổng hợp II'!$C$3:$C$4909="DC1")* ('Data tổng hợp II'!$E$3:$E$4909='Form mẫu'!$A52)* ('Data tổng hợp II'!$F$3:$F$4909='Form mẫu'!$C52)* ('Data tổng hợp II'!$B$3:$B$4909='Form mẫu'!$U$2)*('Data tổng hợp II'!$G$3:$G$4909='Form mẫu'!G$51), 0) ),0)} -> 0 | H52: =SUM(E52:G52) -> 0 | I52: =(H52/$H$94) -> #DIV/0!
A53: Phương Nam | B53: 30x60 | D53: % | E53: =IFERROR(E52/$H52,0) -> 0 | F53: =IFERROR(F52/$H52,0) -> 0 | G53: =IFERROR(G52/$H52,0) -> 0
A54: Phương Nam | B54: 30x60 | C54: Espana | D54: m2 | E54: {=IFERROR(INDEX('Data tổng hợp II'!$H$3:$H$4909, MATCH(1, ('Data tổng hợp II'!$C$3:$C$4909="DC1")* ('Data tổng hợp II'!$E$3:$E$4909='Form mẫu'!$A54)* ('Data tổng hợp II'!$F$3:$F$4909='Form mẫu'!$C54)* ('Data tổng hợp II'!$B$3:$B$4909='Form mẫu'!$U$2)*('Data tổng hợp II'!$G$3:$G$4909='Form mẫu'!E$51), 0) ),0)} -> 0 | F54: {=IFERROR(INDEX('Data tổng hợp II'!$H$3:$H$4909, MATCH(1, ('Data tổng hợp II'!$C$3:$C$4909="DC1")* ('Data tổng hợp II'!$E$3:$E$4909='Form mẫu'!$A54)* ('Data tổng hợp II'!$F$3:$F$4909='Form mẫu'!$C54)* ('Data tổng hợp II'!$B$3:$B$4909='Form mẫu'!$U$2)*('Data tổng hợp II'!$G$3:$G$4909='Form mẫu'!F$51), 0) ),0)} -> 0 | G54: {=IFERROR(INDEX('Data tổng hợp II'!$H$3:$H$4909, MATCH(1, ('Data tổng hợp II'!$C$3:$C$4909="DC1")* ('Data tổng hợp II'!$E$3:$E$4909='Form mẫu'!$A54)* ('Data tổng hợp II'!$F$3:$F$4909='Form mẫu'!$C54)* ('Data tổng hợp II'!$B$3:$B$4909='Form mẫu'!$U$2)*('Data tổng hợp II'!$G$3:$G$4909='Form mẫu'!G$51), 0) ),0)} -> 0 | H54: =SUM(E54:G54) -> 0 | I54: =(H54/$H$94) -> #DIV/0!
A55: Phương Nam | B55: 30x60 | D55: % | E55: =IFERROR(E54/$H54,0) -> 0 | F55: =IFERROR(F54/$H54,0) -> 0 | G55: =IFERROR(G54/$H54,0) -> 0
A56: Phương Nam | B56: 30x60 | C56: Crown | D56: m2 | E56: {=IFERROR(INDEX('Data tổng hợp II'!$H$3:$H$4909, MATCH(1, ('Data tổng hợp II'!$C$3:$C$4909="DC1")* ('Data tổng hợp II'!$E$3:$E$4909='Form mẫu'!$A56)* ('Data tổng hợp II'!$F$3:$F$4909='Form mẫu'!$C56)* ('Data tổng hợp II'!$B$3:$B$4909='Form mẫu'!$U$2)*('Data tổng hợp II'!$G$3:$G$4909='Form mẫu'!E$51), 0) ),0)} -> 0 | F56: {=IFERROR(INDEX('Data tổng hợp II'!$H$3:$H$4909, MATCH(1, ('Data tổng hợp II'!$C$3:$C$4909="DC1")* ('Data tổng hợp II'!$E$3:$E$4909='Form mẫu'!$A56)* ('Data tổng hợp II'!$F$3:$F$4909='Form mẫu'!$C56)* ('Data tổng hợp II'!$B$3:$B$4909='Form mẫu'!$U$2)*('Data tổng hợp II'!$G$3:$G$4909='Form mẫu'!F$51), 0) ),0)} -> 0 | G56: {=IFERROR(INDEX('Data tổng hợp II'!$H$3:$H$4909, MATCH(1, ('Data tổng hợp II'!$C$3:$C$4909="DC1")* ('Data tổng hợp II'!$E$3:$E$4909='Form mẫu'!$A56)* ('Data tổng hợp II'!$F$3:$F$4909='Form mẫu'!$C56)* ('Data tổng hợp II'!$B$3:$B$4909='Form mẫu'!$U$2)*('Data tổng hợp II'!$G$3:$G$4909='Form mẫu'!G$51), 0) ),0)} -> 0 | H56: =SUM(E56:G56) -> 0 | I56: =(H56/$H$94) -> #DIV/0!
A57: Phương Nam | B57: 30x60 | C57: Crown | D57: % | E57: =IFERROR(E56/$H56,0) -> 0 | F57: =IFERROR(F56/$H56,0) -> 0 | G57: =IFERROR(G56/$H56,0) -> 0
A58: Phương Nam | B58: 30x60 | C58: Sahado | D58: m2 | E58: {=IFERROR(INDEX('Data tổng hợp II'!$H$3:$H$4909, MATCH(1, ('Data tổng hợp II'!$C$3:$C$4909="DC1")* ('Data tổng hợp II'!$E$3:$E$4909='Form mẫu'!$A58)* ('Data tổng hợp II'!$F$3:$F$4909='Form mẫu'!$C58)* ('Data tổng hợp II'!$B$3:$B$4909='Form mẫu'!$U$2)*('Data tổng hợp II'!$G$3:$G$4909='Form mẫu'!E$51), 0) ),0)} -> 0 | F58: {=IFERROR(INDEX('Data tổng hợp II'!$H$3:$H$4909, MATCH(1, ('Data tổng hợp II'!$C$3:$C$4909="DC1")* ('Data tổng hợp II'!$E$3:$E$4909='Form mẫu'!$A58)* ('Data tổng hợp II'!$F$3:$F$4909='Form mẫu'!$C58)* ('Data tổng hợp II'!$B$3:$B$4909='Form mẫu'!$U$2)*('Data tổng hợp II'!$G$3:$G$4909='Form mẫu'!F$51), 0) ),0)} -> 0 | G58: {=IFERROR(INDEX('Data tổng hợp II'!$H$3:$H$4909, MATCH(1, ('Data tổng hợp II'!$C$3:$C$4909="DC1")* ('Data tổng hợp II'!$E$3:$E$4909='Form mẫu'!$A58)* ('Data tổng hợp II'!$F$3:$F$4909='Form mẫu'!$C58)* ('Data tổng hợp II'!$B$3:$B$4909='Form mẫu'!$U$2)*('Data tổng hợp II'!$G$3:$G$4909='Form mẫu'!G$51), 0) ),0)} -> 0 | H58: =SUM(E58:G58) -> 0 | I58: =(H58/$H$94) -> #DIV/0!
A59: Phương Nam | B59: 30x60 | C59: Sahado | D59: % | E59: =IFERROR(E58/$H58,0) -> 0 | F59: =IFERROR(F58/$H58,0) -> 0 | G59: =IFERROR(G58/$H58,0) -> 0
A60: Phương Nam | B60: 30x60 | C60: Green Home | D60: m2 | E60: {=IFERROR(INDEX('Data tổng hợp II'!$H$3:$H$4909, MATCH(1, ('Data tổng hợp II'!$C$3:$C$4909="DC1")* ('Data tổng hợp II'!$E$3:$E$4909='Form mẫu'!$A60)* ('Data tổng hợp II'!$F$3:$F$4909='Form mẫu'!$C60)* ('Data tổng hợp II'!$B$3:$B$4909='Form mẫu'!$U$2)*('Data tổng hợp II'!$G$3:$G$4909='Form mẫu'!E$51), 0) ),0)} -> 0 | F60: {=IFERROR(INDEX('Data tổng hợp II'!$H$3:$H$4909, MATCH(1, ('Data tổng hợp II'!$C$3:$C$4909="DC1")* ('Data tổng hợp II'!$E$3:$E$4909='Form mẫu'!$A60)* ('Data tổng hợp II'!$F$3:$F$4909='Form mẫu'!$C60)* ('Data tổng hợp II'!$B$3:$B$4909='Form mẫu'!$U$2)*('Data tổng hợp II'!$G$3:$G$4909='Form mẫu'!F$51), 0) ),0)} -> 0 | G60: {=IFERROR(INDEX('Data tổng hợp II'!$H$3:$H$4909, MATCH(1, ('Data tổng hợp II'!$C$3:$C$4909="DC1")* ('Data tổng hợp II'!$E$3:$E$4909='Form mẫu'!$A60)* ('Data tổng hợp II'!$F$3:$F$4909='Form mẫu'!$C60)* ('Data tổng hợp II'!$B$3:$B$4909='Form mẫu'!$U$2)*('Data tổng hợp II'!$G$3:$G$4909='Form mẫu'!G$51), 0) ),0)} -> 0 | H60: =SUM(E60:G60) -> 0 | I60: =(H60/$H$94) -> #DIV/0!
A61: Phương Nam | B61: 30x60 | C61: Green Home | D61: % | E61: =IFERROR(E60/$H60,0) -> 0 | F61: =IFERROR(F60/$H60,0) -> 0 | G61: =IFERROR(G60/$H60,0) -> 0
A62: Phương Nam | B62: 30x60 | C62: Green Era | D62: m2 | E62: {=IFERROR(INDEX('Data tổng hợp II'!$H$3:$H$4909, MATCH(1, ('Data tổng hợp II'!$C$3:$C$4909="DC1")* ('Data tổng hợp II'!$E$3:$E$4909='Form mẫu'!$A62)* ('Data tổng hợp II'!$F$3:$F$4909='Form mẫu'!$C62)* ('Data tổng hợp II'!$B$3:$B$4909='Form mẫu'!$U$2)*('Data tổng hợp II'!$G$3:$G$4909='Form mẫu'!E$51), 0) ),0)} -> 0 | F62: {=IFERROR(INDEX('Data tổng hợp II'!$H$3:$H$4909, MATCH(1, ('Data tổng hợp II'!$C$3:$C$4909="DC1")* ('Data tổng hợp II'!$E$3:$E$4909='Form mẫu'!$A62)* ('Data tổng hợp II'!$F$3:$F$4909='Form mẫu'!$C62)* ('Data tổng hợp II'!$B$3:$B$4909='Form mẫu'!$U$2)*('Data tổng hợp II'!$G$3:$G$4909='Form mẫu'!F$51), 0) ),0)} -> 0 | G62: {=IFERROR(INDEX('Data tổng hợp II'!$H$3:$H$4909, MATCH(1, ('Data tổng hợp II'!$C$3:$C$4909="DC1")* ('Data tổng hợp II'!$E$3:$E$4909='Form mẫu'!$A62)* ('Data tổng hợp II'!$F$3:$F$4909='Form mẫu'!$C62)* ('Data tổng hợp II'!$B$3:$B$4909='Form mẫu'!$U$2)*('Data tổng hợp II'!$G$3:$G$4909='Form mẫu'!G$51), 0) ),0)} -> 0 | H62: =SUM(E62:G62) -> 0 | I62: =(H62/$H$94) -> #DIV/0!
A63: Phương Nam | B63: 30x60 | C63: Green Era | D63: % | E63: =IFERROR(E62/$H62,0) -> 0 | F63: =IFERROR(F62/$H62,0) -> 0 | G63: =IFERROR(G62/$H62,0) -> 0
A64: Phương Nam | B64: 30x60 | C64: Pana Tiles | D64: m2 | E64: {=IFERROR(INDEX('Data tổng hợp II'!$H$3:$H$4909, MATCH(1, ('Data tổng hợp II'!$C$3:$C$4909="DC1")* ('Data tổng hợp II'!$E$3:$E$4909='Form mẫu'!$A64)* ('Data tổng hợp II'!$F$3:$F$4909='Form mẫu'!$C64)* ('Data tổng hợp II'!$B$3:$B$4909='Form mẫu'!$U$2)*('Data tổng hợp II'!$G$3:$G$4909='Form mẫu'!E$51), 0) ),0)} -> 0 | F64: {=IFERROR(INDEX('Data tổng hợp II'!$H$3:$H$4909, MATCH(1, ('Data tổng hợp II'!$C$3:$C$4909="DC1")* ('Data tổng hợp II'!$E$3:$E$4909='Form mẫu'!$A64)* ('Data tổng hợp II'!$F$3:$F$4909='Form mẫu'!$C64)* ('Data tổng hợp II'!$B$3:$B$4909='Form mẫu'!$U$2)*('Data tổng hợp II'!$G$3:$G$4909='Form mẫu'!F$51), 0) ),0)} -> 0 | G64: {=IFERROR(INDEX('Data tổng hợp II'!$H$3:$H$4909, MATCH(1, ('Data tổng hợp II'!$C$3:$C$4909="DC1")* ('Data tổng hợp II'!$E$3:$E$4909='Form mẫu'!$A64)* ('Data tổng hợp II'!$F$3:$F$4909='Form mẫu'!$C64)* ('Data tổng hợp II'!$B$3:$B$4909='Form mẫu'!$U$2)*('Data tổng hợp II'!$G$3:$G$4909='Form mẫu'!G$51), 0) ),0)} -> 0 | H64: =SUM(E64:G64) -> 0 | I64: =(H64/$H$94) -> #DIV/0!
A65: Phương Nam | B65: 30x60 | C65: Pana Tile | D65: % | E65: =IFERROR(E64/$H64,0) -> 0 | F65: =IFERROR(F64/$H64,0) -> 0 | G65: =IFERROR(G64/$H64,0) -> 0
A66: Phương Nam | B66: 30x60 | C66: Top One | D66: m2 | E66: {=IFERROR(INDEX('Data tổng hợp II'!$H$3:$H$4909, MATCH(1, ('Data tổng hợp II'!$C$3:$C$4909="DC1")* ('Data tổng hợp II'!$E$3:$E$4909='Form mẫu'!$A66)* ('Data tổng hợp II'!$F$3:$F$4909='Form mẫu'!$C66)* ('Data tổng hợp II'!$B$3:$B$4909='Form mẫu'!$U$2)*('Data tổng hợp II'!$G$3:$G$4909='Form mẫu'!E$51), 0) ),0)} -> 0 | F66: {=IFERROR(INDEX('Data tổng hợp II'!$H$3:$H$4909, MATCH(1, ('Data tổng hợp II'!$C$3:$C$4909="DC1")* ('Data tổng hợp II'!$E$3:$E$4909='Form mẫu'!$A66)* ('Data tổng hợp II'!$F$3:$F$4909='Form mẫu'!$C66)* ('Data tổng hợp II'!$B$3:$B$4909='Form mẫu'!$U$2)*('Data tổng hợp II'!$G$3:$G$4909='Form mẫu'!F$51), 0) ),0)} -> 0 | G66: {=IFERROR(INDEX('Data tổng hợp II'!$H$3:$H$4909, MATCH(1, ('Data tổng hợp II'!$C$3:$C$4909="DC1")* ('Data tổng hợp II'!$E$3:$E$4909='Form mẫu'!$A66)* ('Data tổng hợp II'!$F$3:$F$4909='Form mẫu'!$C66)* ('Data tổng hợp II'!$B$3:$B$4909='Form mẫu'!$U$2)*('Data tổng hợp II'!$G$3:$G$4909='Form mẫu'!G$51), 0) ),0)} -> 0 | H66: =SUM(E66:G66) -> 0 | I66: =(H66/$H$94) -> #DIV/0!
A67: Phương Nam | B67: 30x60 | C67: Top One | D67: % | E67: =IFERROR(E66/$H66,0) -> 0 | F67: =IFERROR(F66/$H66,0) -> 0 | G67: =IFERROR(G66/$H66,0) -> 0
A68: TỔNG | D68: m2 | E68: =E52+E54+E56+E58+E60+E62+E64+E66 -> 0 | F68: =F52+F54+F56+F58+F60+F62+F64+F66 -> 0 | G68: =G52+G54+G56+G58+G60+G62+G64+G66 -> 0 | H68: =SUM(E68:G68) -> 0
D69: % | E69: =IFERROR(E68/$H$68,0) -> 0 | F69: =IFERROR(F68/$H$68,0) -> 0 | G69: =IFERROR(G68/$H$68,0) -> 0
A70: Panson | B70: 30x60 | C70: Luxury | D70: m2 | E70: {=IFERROR(INDEX('Data tổng hợp II'!$H$3:$H$4909, MATCH(1, ('Data tổng hợp II'!$C$3:$C$4909="DC1")* ('Data tổng hợp II'!$E$3:$E$4909='Form mẫu'!$A70)* ('Data tổng hợp II'!$F$3:$F$4909='Form mẫu'!$C70)* ('Data tổng hợp II'!$B$3:$B$4909='Form mẫu'!$U$2)*('Data tổng hợp II'!$G$3:$G$4909='Form mẫu'!E$51), 0) ),0)} -> 0 | F70: {=IFERROR(INDEX('Data tổng hợp II'!$H$3:$H$4909, MATCH(1, ('Data tổng hợp II'!$C$3:$C$4909="DC1")* ('Data tổng hợp II'!$E$3:$E$4909='Form mẫu'!$A70)* ('Data tổng hợp II'!$F$3:$F$4909='Form mẫu'!$C70)* ('Data tổng hợp II'!$B$3:$B$4909='Form mẫu'!$U$2)*('Data tổng hợp II'!$G$3:$G$4909='Form mẫu'!F$51), 0) ),0)} -> 0 | G70: {=IFERROR(INDEX('Data tổng hợp II'!$H$3:$H$4909, MATCH(1, ('Data tổng hợp II'!$C$3:$C$4909="DC1")* ('Data tổng hợp II'!$E$3:$E$4909='Form mẫu'!$A70)* ('Data tổng hợp II'!$F$3:$F$4909='Form mẫu'!$C70)* ('Data tổng hợp II'!$B$3:$B$4909='Form mẫu'!$U$2)*('Data tổng hợp II'!$G$3:$G$4909='Form mẫu'!G$51), 0) ),0)} -> 0 | H70: =SUM(E70:G70) -> 0 | I70: =(H70/$H$94) -> #DIV/0!
A71: Panson | B71: 30x60 | C71: Luxury | D71: % | E71: =IFERROR(E70/$H70,0) -> 0 | F71: =IFERROR(F70/$H70,0) -> 0 | G71: =IFERROR(G70/$H70,0) -> 0
A72: Panson | B72: 30x60 | C72: HARIVA | D72: m2 | E72: {=IFERROR(INDEX('Data tổng hợp II'!$H$3:$H$4909, MATCH(1, ('Data tổng hợp II'!$C$3:$C$4909="DC1")* ('Data tổng hợp II'!$E$3:$E$4909='Form mẫu'!$A72)* ('Data tổng hợp II'!$F$3:$F$4909='Form mẫu'!$C72)* ('Data tổng hợp II'!$B$3:$B$4909='Form mẫu'!$U$2)*('Data tổng hợp II'!$G$3:$G$4909='Form mẫu'!E$51), 0) ),0)} -> 0 | F72: {=IFERROR(INDEX('Data tổng hợp II'!$H$3:$H$4909, MATCH(1, ('Data tổng hợp II'!$C$3:$C$4909="DC1")* ('Data tổng hợp II'!$E$3:$E$4909='Form mẫu'!$A72)* ('Data tổng hợp II'!$F$3:$F$4909='Form mẫu'!$C72)* ('Data tổng hợp II'!$B$3:$B$4909='Form mẫu'!$U$2)*('Data tổng hợp II'!$G$3:$G$4909='Form mẫu'!F$51), 0) ),0)} -> 0 | G72: {=IFERROR(INDEX('Data tổng hợp II'!$H$3:$H$4909, MATCH(1, ('Data tổng hợp II'!$C$3:$C$4909="DC1")* ('Data tổng hợp II'!$E$3:$E$4909='Form mẫu'!$A72)* ('Data tổng hợp II'!$F$3:$F$4909='Form mẫu'!$C72)* ('Data tổng hợp II'!$B$3:$B$4909='Form mẫu'!$U$2)*('Data tổng hợp II'!$G$3:$G$4909='Form mẫu'!G$51), 0) ),0)} -> 0 | H72: =SUM(E72:G72) -> 0 | I72: =(H72/$H$94) -> #DIV/0!
A73: Panson | B73: 30x60 | C73: HARIVA | D73: % | E73: =IFERROR(E72/$H72,0) -> 0 | F73: =IFERROR(F72/$H72,0) -> 0 | G73: =IFERROR(G72/$H72,0) -> 0
A74: Panson | B74: 30x60 | C74: Sahado | D74: m2 | E74: {=IFERROR(INDEX('Data tổng hợp II'!$H$3:$H$4909, MATCH(1, ('Data tổng hợp II'!$C$3:$C$4909="DC1")* ('Data tổng hợp II'!$E$3:$E$4909='Form mẫu'!$A74)* ('Data tổng hợp II'!$F$3:$F$4909='Form mẫu'!$C74)* ('Data tổng hợp II'!$B$3:$B$4909='Form mẫu'!$U$2)*('Data tổng hợp II'!$G$3:$G$4909='Form mẫu'!E$51), 0) ),0)} -> 0 | F74: {=IFERROR(INDEX('Data tổng hợp II'!$H$3:$H$4909, MATCH(1, ('Data tổng hợp II'!$C$3:$C$4909="DC1")* ('Data tổng hợp II'!$E$3:$E$4909='Form mẫu'!$A74)* ('Data tổng hợp II'!$F$3:$F$4909='Form mẫu'!$C74)* ('Data tổng hợp II'!$B$3:$B$4909='Form mẫu'!$U$2)*('Data tổng hợp II'!$G$3:$G$4909='Form mẫu'!F$51), 0) ),0)} -> 0 | G74: {=IFERROR(INDEX('Data tổng hợp II'!$H$3:$H$4909, MATCH(1, ('Data tổng hợp II'!$C$3:$C$4909="DC1")* ('Data tổng hợp II'!$E$3:$E$4909='Form mẫu'!$A74)* ('Data tổng hợp II'!$F$3:$F$4909='Form mẫu'!$C74)* ('Data tổng hợp II'!$B$3:$B$4909='Form mẫu'!$U$2)*('Data tổng hợp II'!$G$3:$G$4909='Form mẫu'!G$51), 0) ),0)} -> 0 | H74: =SUM(E74:G74) -> 0 | I74: =(H74/$H$94) -> #DIV/0!
A75: Panson | B75: 30x60 | C75: Sahado | D75: % | E75: =IFERROR(E74/$H74,0) -> 0 | F75: =IFERROR(F74/$H74,0) -> 0 | G75: =IFERROR(G74/$H74,0) -> 0
A76: Panson | B76: 30x60 | C76: Green Home | D76: m2 | E76: {=IFERROR(INDEX('Data tổng hợp II'!$H$3:$H$4909, MATCH(1, ('Data tổng hợp II'!$C$3:$C$4909="DC1")* ('Data tổng hợp II'!$E$3:$E$4909='Form mẫu'!$A76)* ('Data tổng hợp II'!$F$3:$F$4909='Form mẫu'!$C76)* ('Data tổng hợp II'!$B$3:$B$4909='Form mẫu'!$U$2)*('Data tổng hợp II'!$G$3:$G$4909='Form mẫu'!E$51), 0) ),0)} -> 0 | F76: {=IFERROR(INDEX('Data tổng hợp II'!$H$3:$H$4909, MATCH(1, ('Data tổng hợp II'!$C$3:$C$4909="DC1")* ('Data tổng hợp II'!$E$3:$E$4909='Form mẫu'!$A76)* ('Data tổng hợp II'!$F$3:$F$4909='Form mẫu'!$C76)* ('Data tổng hợp II'!$B$3:$B$4909='Form mẫu'!$U$2)*('Data tổng hợp II'!$G$3:$G$4909='Form mẫu'!F$51), 0) ),0)} -> 0 | G76: {=IFERROR(INDEX('Data tổng hợp II'!$H$3:$H$4909, MATCH(1, ('Data tổng hợp II'!$C$3:$C$4909="DC1")* ('Data tổng hợp II'!$E$3:$E$4909='Form mẫu'!$A76)* ('Data tổng hợp II'!$F$3:$F$4909='Form mẫu'!$C76)* ('Data tổng hợp II'!$B$3:$B$4909='Form mẫu'!$U$2)*('Data tổng hợp II'!$G$3:$G$4909='Form mẫu'!G$51), 0) ),0)} -> 0 | H76: =SUM(E76:G76) -> 0 | I76: =(H76/$H$94) -> #DIV/0!
A77: Panson | B77: 30x60 | C77: Green Home | D77: % | E77: =IFERROR(E76/$H76,0) -> 0 | F77: =IFERROR(F76/$H76,0) -> 0 | G77: =IFERROR(G76/$H76,0) -> 0
A78: Panson | B78: 30x60 | C78: Lustile | D78: m2 | E78: {=IFERROR(INDEX('Data tổng hợp II'!$H$3:$H$4909, MATCH(1, ('Data tổng hợp II'!$C$3:$C$4909="DC1")* ('Data tổng hợp II'!$E$3:$E$4909='Form mẫu'!$A78)* ('Data tổng hợp II'!$F$3:$F$4909='Form mẫu'!$C78)* ('Data tổng hợp II'!$B$3:$B$4909='Form mẫu'!$U$2)*('Data tổng hợp II'!$G$3:$G$4909='Form mẫu'!E$51), 0) ),0)} -> 0 | F78: {=IFERROR(INDEX('Data tổng hợp II'!$H$3:$H$4909, MATCH(1, ('Data tổng hợp II'!$C$3:$C$4909="DC1")* ('Data tổng hợp II'!$E$3:$E$4909='Form mẫu'!$A78)* ('Data tổng hợp II'!$F$3:$F$4909='Form mẫu'!$C78)* ('Data tổng hợp II'!$B$3:$B$4909='Form mẫu'!$U$2)*('Data tổng hợp II'!$G$3:$G$4909='Form mẫu'!F$51), 0) ),0)} -> 0 | G78: {=IFERROR(INDEX('Data tổng hợp II'!$H$3:$H$4909, MATCH(1, ('Data tổng hợp II'!$C$3:$C$4909="DC1")* ('Data tổng hợp II'!$E$3:$E$4909='Form mẫu'!$A78)* ('Data tổng hợp II'!$F$3:$F$4909='Form mẫu'!$C78)* ('Data tổng hợp II'!$B$3:$B$4909='Form mẫu'!$U$2)*('Data tổng hợp II'!$G$3:$G$4909='Form mẫu'!G$51), 0) ),0)} -> 0 | H78: =SUM(E78:G78) -> 0 | I78: =(H78/$H$94) -> #DIV/0!
A79: Panson | B79: 30x60 | C79: Green Home | D79: % | E79: =IFERROR(E78/$H78,0) -> 0 | F79: =IFERROR(F78/$H78,0) -> 0 | G79: =IFERROR(G78/$H78,0) -> 0
A80: TỔNG | D80: m2 | E80: =E70+E72+E74+E76+E78 -> 0 | F80: =F70+F72+F74+F76+F78 -> 0 | G80: =G70+G72+G74+G76+G78 -> 0 | H80: =H70+H72+H74+H76+H78 -> 0
D81: % | E81: =IFERROR(E80/$H$80,0) -> 0 | F81: =IFERROR(F80/$H$80,0) -> 0 | G81: =IFERROR(G80/$H$80,0) -> 0
A82: Matt | B82: 30x60 | C82: Crown | D82: m2 | E82: {=IFERROR(INDEX('Data tổng hợp II'!$H$3:$H$4909, MATCH(1, ('Data tổng hợp II'!$C$3:$C$4909="DC1")* ('Data tổng hợp II'!$E$3:$E$4909='Form mẫu'!$A82)* ('Data tổng hợp II'!$F$3:$F$4909='Form mẫu'!$C82)* ('Data tổng hợp II'!$B$3:$B$4909='Form mẫu'!$U$2)*('Data tổng hợp II'!$G$3:$G$4909='Form mẫu'!E$51), 0) ),0)} -> 0 | F82: {=IFERROR(INDEX('Data tổng hợp II'!$H$3:$H$4909, MATCH(1, ('Data tổng hợp II'!$C$3:$C$4909="DC1")* ('Data tổng hợp II'!$E$3:$E$4909='Form mẫu'!$A82)* ('Data tổng hợp II'!$F$3:$F$4909='Form mẫu'!$C82)* ('Data tổng hợp II'!$B$3:$B$4909='Form mẫu'!$U$2)*('Data tổng hợp II'!$G$3:$G$4909='Form mẫu'!F$51), 0) ),0)} -> 0 | G82: {=IFERROR(INDEX('Data tổng hợp II'!$H$3:$H$4909, MATCH(1, ('Data tổng hợp II'!$C$3:$C$4909="DC1")* ('Data tổng hợp II'!$E$3:$E$4909='Form mẫu'!$A82)* ('Data tổng hợp II'!$F$3:$F$4909='Form mẫu'!$C82)* ('Data tổng hợp II'!$B$3:$B$4909='Form mẫu'!$U$2)*('Data tổng hợp II'!$G$3:$G$4909='Form mẫu'!G$51), 0) ),0)} -> 0 | H82: =SUM(E82:G82) -> 0 | I82: =(H82/$H$94) -> #DIV/0!
A83: Matt | B83: 30x60 | C83: Crown | D83: % | E83: =IFERROR(E82/$H82,0) -> 0 | F83: =IFERROR(F82/$H82,0) -> 0 | G83: =IFERROR(G82/$H82,0) -> 0
A84: Matt | B84: 30x60 | C84: Grandcera chung | D84: m2 | E84: {=IFERROR(INDEX('Data tổng hợp II'!$H$3:$H$4909, MATCH(1, ('Data tổng hợp II'!$C$3:$C$4909="DC1")* ('Data tổng hợp II'!$E$3:$E$4909='Form mẫu'!$A84)* ('Data tổng hợp II'!$F$3:$F$4909='Form mẫu'!$C84)* ('Data tổng hợp II'!$B$3:$B$4909='Form mẫu'!$U$2)*('Data tổng hợp II'!$G$3:$G$4909='Form mẫu'!E$51), 0) ),0)} -> 0 | F84: {=IFERROR(INDEX('Data tổng hợp II'!$H$3:$H$4909, MATCH(1, ('Data tổng hợp II'!$C$3:$C$4909="DC1")* ('Data tổng hợp II'!$E$3:$E$4909='Form mẫu'!$A84)* ('Data tổng hợp II'!$F$3:$F$4909='Form mẫu'!$C84)* ('Data tổng hợp II'!$B$3:$B$4909='Form mẫu'!$U$2)*('Data tổng hợp II'!$G$3:$G$4909='Form mẫu'!F$51), 0) ),0)} -> 0 | G84: {=IFERROR(INDEX('Data tổng hợp II'!$H$3:$H$4909, MATCH(1, ('Data tổng hợp II'!$C$3:$C$4909="DC1")* ('Data tổng hợp II'!$E$3:$E$4909='Form mẫu'!$A84)* ('Data tổng hợp II'!$F$3:$F$4909='Form mẫu'!$C84)* ('Data tổng hợp II'!$B$3:$B$4909='Form mẫu'!$U$2)*('Data tổng hợp II'!$G$3:$G$4909='Form mẫu'!G$51), 0) ),0)} -> 0 | H84: =SUM(E84:G84) -> 0 | I84: =(H84/$H$94) -> #DIV/0!
A85: Matt | B85: 30x60 | C85: Grandcera | D85: % | E85: =IFERROR(E84/$H84,0) -> 0 | F85: =IFERROR(F84/$H84,0) -> 0 | G85: =IFERROR(G84/$H84,0) -> 0
A86: Matt | B86: 30x60 | C86: Luxury | D86: m2 | E86: {=IFERROR(INDEX('Data tổng hợp II'!$H$3:$H$4909, MATCH(1, ('Data tổng hợp II'!$C$3:$C$4909="DC1")* ('Data tổng hợp II'!$E$3:$E$4909='Form mẫu'!$A86)* ('Data tổng hợp II'!$F$3:$F$4909='Form mẫu'!$C86)* ('Data tổng hợp II'!$B$3:$B$4909='Form mẫu'!$U$2)*('Data tổng hợp II'!$G$3:$G$4909='Form mẫu'!E$51), 0) ),0)} -> 0 | F86: {=IFERROR(INDEX('Data tổng hợp II'!$H$3:$H$4909, MATCH(1, ('Data tổng hợp II'!$C$3:$C$4909="DC1")* ('Data tổng hợp II'!$E$3:$E$4909='Form mẫu'!$A86)* ('Data tổng hợp II'!$F$3:$F$4909='Form mẫu'!$C86)* ('Data tổng hợp II'!$B$3:$B$4909='Form mẫu'!$U$2)*('Data tổng hợp II'!$G$3:$G$4909='Form mẫu'!F$51), 0) ),0)} -> 0 | G86: {=IFERROR(INDEX('Data tổng hợp II'!$H$3:$H$4909, MATCH(1, ('Data tổng hợp II'!$C$3:$C$4909="DC1")* ('Data tổng hợp II'!$E$3:$E$4909='Form mẫu'!$A86)* ('Data tổng hợp II'!$F$3:$F$4909='Form mẫu'!$C86)* ('Data tổng hợp II'!$B$3:$B$4909='Form mẫu'!$U$2)*('Data tổng hợp II'!$G$3:$G$4909='Form mẫu'!G$51), 0) ),0)} -> 0 | H86: =SUM(E86:G86) -> 0 | I86: =(H86/$H$94) -> #DIV/0!
A87: Matt | B87: 30x60 | C87: Luxury | D87: % | E87: =IFERROR(E86/$H86,0) -> 0 | F87: =IFERROR(F86/$H86,0) -> 0 | G87: =IFERROR(G86/$H86,0) -> 0
C88: Sahado | D88: m2 | F88: {=IFERROR(INDEX('Data tổng hợp II'!$H$3:$H$4909, MATCH(1, ('Data tổng hợp II'!$C$3:$C$4909="DC1")* ('Data tổng hợp II'!$E$3:$E$4909='Form mẫu'!$A88)* ('Data tổng hợp II'!$F$3:$F$4909='Form mẫu'!$C88)* ('Data tổng hợp II'!$B$3:$B$4909='Form mẫu'!$U$2)*('Data tổng hợp II'!$G$3:$G$4909='Form mẫu'!F$51), 0) ),0)} -> 0 | H88: =SUM(E88:G88) -> 0 | I88: =(H88/$H$94) -> #DIV/0!
C89: Sahado | D89: % | E89: =IFERROR(E88/$H88,0) -> 0 | F89: =IFERROR(F88/$H88,0) -> 0 | G89: =IFERROR(G88/$H88,0) -> 0
A90: Matt | B90: 30x60 | C90: Green Home | D90: m2 | E90: {=IFERROR(INDEX('Data tổng hợp II'!$H$3:$H$4909, MATCH(1, ('Data tổng hợp II'!$C$3:$C$4909="DC1")* ('Data tổng hợp II'!$E$3:$E$4909='Form mẫu'!$A90)* ('Data tổng hợp II'!$F$3:$F$4909='Form mẫu'!$C90)* ('Data tổng hợp II'!$B$3:$B$4909='Form mẫu'!$U$2)*('Data tổng hợp II'!$G$3:$G$4909='Form mẫu'!E$51), 0) ),0)} -> 0 | F90: {=IFERROR(INDEX('Data tổng hợp II'!$H$3:$H$4909, MATCH(1, ('Data tổng hợp II'!$C$3:$C$4909="DC1")* ('Data tổng hợp II'!$E$3:$E$4909='Form mẫu'!$A90)* ('Data tổng hợp II'!$F$3:$F$4909='Form mẫu'!$C90)* ('Data tổng hợp II'!$B$3:$B$4909='Form mẫu'!$U$2)*('Data tổng hợp II'!$G$3:$G$4909='Form mẫu'!F$51), 0) ),0)} -> 0 | G90: {=IFERROR(INDEX('Data tổng hợp II'!$H$3:$H$4909, MATCH(1, ('Data tổng hợp II'!$C$3:$C$4909="DC1")* ('Data tổng hợp II'!$E$3:$E$4909='Form mẫu'!$A90)* ('Data tổng hợp II'!$F$3:$F$4909='Form mẫu'!$C90)* ('Data tổng hợp II'!$B$3:$B$4909='Form mẫu'!$U$2)*('Data tổng hợp II'!$G$3:$G$4909='Form mẫu'!G$51), 0) ),0)} -> 0 | H90: =SUM(E90:G90) -> 0 | I90: =(H90/$H$94) -> #DIV/0!
A91: Matt | B91: 30x60 | C91: Green Home | D91: % | E91: =IFERROR(E90/$H90,0) -> 0 | F91: =IFERROR(F90/$H90,0) -> 0 | G91: =IFERROR(G90/$H90,0) -> 0
A92: TỔNG | D92: m2 | E92: =E82+E84+E86+E88+E90 -> 0 | F92: =F82+F84+F86+F88+F90 -> 0 | G92: =G82+G84+G86+G88+G90 -> 0 | H92: =SUM(E92:G92) -> 0 | I92: =(H92/$H$94) -> #DIV/0!
D93: % | E93: =IFERROR(E92/$H$92,0) -> 0 | F93: =IFERROR(F92/$H$92,0) -> 0 | G93: =IFERROR(G92/$H$92,0) -> 0 | I93: =(H93/$H$94)*100 -> #DIV/0!
A94: Tổng SX DC1: | D94: m2 | E94: =E68+E80+E92 -> 0 | F94: =F68+F80+F92 -> 0 | G94: =G68+G80+G92 -> 0 | H94: =SUM(E94:G94) -> 0 | I94: 1
D95: % | E95: =IFERROR(E94/$H$94,0) -> 0 | F95: =IFERROR(F94/$H$94,0) -> 0 | G95: =IFERROR(G94/$H$94,0) -> 0
A97: Sản lượng theo cơ cấu chủng loại sản phẩm DC1:
A98: STT | B98: Chủng loại | D98: Kích thước | E98: Men | F98: Sản lượng | G98: Số ngày SX | H98: Tỷ lệ (%) | I98: Ghi chú
A99: 1 | B99: Gạch ốp | D99: 30x60 | E99: Phương Nam | F99: =H68 -> 0 | G99: =F99/$K$11 -> #DIV/0! | H99: =F99/$F$102 -> #DIV/0!
A100: 2 | B100: Gạch ốp | D100: 30x60 | E100: Panson | F100: =H80 -> 0 | G100: =F100/$K$11 -> #DIV/0! | H100: =F100/$F$102 -> #DIV/0!
A101: 3 | B101: Gạch ốp | D101: 30x60 | E101: Matt | F101: =H92 -> 0 | G101: =F101/$K$11 -> #DIV/0! | H101: =F101/$F$102 -> #DIV/0!
...

Sheet T1.2025
A1: CÔNG TY CỔ PHẦN GẠCH MEN PHƯƠNG NAM
A2: Địa chỉ: Cụm CN VLXD Tân An, X. Tân An, H. Vĩnh Cửu, T. Đồng Nai
A3: Điện thoại: 0251 3684039 *** Email: gachmenphuongnam@gmail.com
A4: BÁO CÁO TỔNG HỢP KẾT QUẢ SẢN XUẤT 2 DÂY CHUYỀN
A5: I. Sản lượng - Chất lượng - Thu hồi Tổng A/ép:
A6: DC | B6: Kích thước | C6: KH/TH | D6: ĐVT | E6: Tổng sản lượng ép | F6: Sản lượng thu hồi | I6: Tổng (A1+A+B) | J6: Số ngày SX | K6: TB/ ngày | L6: A/ép | M6: C/ép | N6: Huỷ/ép | O6: T/g dừng 2MF
F7: A1 | G7: A | H7: B | K7: m2 | L7: % | O7: Phút/ngày
A8: DC1 | B8: 30x60 | C8: Kế hoạch | D8: m2 | E8: =J8*K8*100/L9 -> 0 | F8: =F9*$I$8/100 -> 0 | G8: =G9*$I$8/100 -> 0 | H8: =H9*$I$8/100 -> 0 | I8: =J8*K8 -> 0
A9: DC1 | B9: 30x60 | C9: Kế hoạch | D9: % | F9: 89 | G9: 6 | H9: 5 | I9: =SUM(F9:H9) -> 100 | L9: 97.5 | M9: 2.5
A10: DC1 | B10: 30x60 | C10: Thực hiện | D10: m2 | E10: 0 | F10: 0 | G10: 0 | H10: 0 | I10: =SUM(F10:H10) -> 0 | K10: =+I10/J10 -> #DIV/0!
A11: DC1 | B11: 30x60 | C11: Thực hiện | D11: % | F11: =+F10/I10*100 -> #DIV/0! | G11: =+G10/I10*100 -> #DIV/0! | H11: =+H10/I10*100 -> #DIV/0! | I11: =SUM(F11:H11) -> #DIV/0! | L11: =(I10/E10)*100 -> #DIV/0! | M11: =100-L11 -> #DIV/0!
A12: DC1 | B12: 30x60 | C12: So sánh TH/KH | D12: m2 | E12: =E10-E8 -> 0 | F12: =F10-F8 -> 0 | G12: =G10-G8 -> 0 | H12: =H10-H8 -> 0 | I12: =I10-I8 -> 0 | J12: =J10-J8 -> 0 | K12: =K10-K8 -> #DIV/0! | L12: =L10-L8 -> 0
A13: DC1 | B13: 30x60 | C13: So sánh TH/KH | D13: % | F13: =F11-F9 -> #DIV/0! | G13: =G11-G9 -> #DIV/0! | H13: =H11-H9 -> #DIV/0! | I13: =I11-I9 -> #DIV/0!
A14: DC2 | B14: 50x50 Sugar | C14: Kế hoạch | D14: m2 | E14: =+K14*J14*100/L15 -> 90200 | F14: =F15*$I$14/100 -> 80909.4 | G14: =G15*$I$14/100 -> 4397.25 | H14: =H15*$I$14/100 -> 2638.35 | I14: =J14*K14 -> 87945 | J14: 7.15 | K14: 12300 | O14: 100
A15: DC2 | B15: 50x50 Sugar | C15: Kế hoạch | D15: % | F15: 92 | G15: 5 | H15: 3 | I15: =SUM(F15:H15) -> 100 | L15: 97.5 | M15: =100-L15 -> 2.5
A16: DC2 | B16: 50x50 Sugar | C16: Thực hiện | D16: m2 | E16: 92105 | F16: 91914 | G16: 0 | H16: 606 | I16: =SUM(F16:H16) -> 92520 | J16: 7.15 | K16: 12940 | O16: 147
A17: DC2 | B17: 50x50 Sugar | C17: Thực hiện | D17: % | F17: =+F16/$I$16*100 -> 99.345006 | G17: =+G16/$I$16*100 -> 0 | H17: =+H16/$I$16*100 -> 0.65499351 | I17: =SUM(F17:H17) -> 100 | L17: =I16/E16*100 -> 100.45057 | M17: =100-L17 -> -0.45057272
A18: DC2 | B18: 50x50 Sugar | C18: So sánh TH/KH | D18: m2 | E18: =E16-E14 -> 1905 | F18: =F16-F14 -> 11004.6 | G18: =G16-G14 -> -4397.25 | H18: =H16-H14 -> -2032.35 | I18: =I16-I14 -> 4575
A19: DC2 | B19: 50x50 Sugar | C19: So sánh TH/KH | D19: % | F19: =F17-F15 -> 7.3450065 | G19: =G17-G15 -> -5 | H19: =H17-H15 -> -2.3450065 | I19: =I17-I15 -> 0
A20: DC2 | B20: 50x50 Bóng | C20: Kế hoạch | D20: m2 | E20: =+K20*J20*100/L21 -> 23338.462 | F20: =F21*$I$20/100 -> 20934.6 | G20: =G21*$I$20/100 -> 1137.75 | H20: =H21*$I$20/100 -> 682.65 | I20: =J20*K20 -> 22755 | J20: 1.85 | K20: 12300 | O20: 100
A21: DC2 | B21: 50x50 Bóng | C21: Kế hoạch | D21: % | F21: 92 | G21: 5 | H21: 3 | I21: =SUM(F21:H21) -> 100 | L21: 97.5 | M21: =100-L21 -> 2.5
A22: DC2 | B22: 50x50 Bóng | C22: Thực hiện | D22: m2 | E22: 23615 | F22: 21199.5 | G22: 0 | H22: 2161.5 | I22: =SUM(F22:H22) -> 23361 | J22: 1.85 | K22: 12628 | O22: 171
A23: DC2 | B23: 50x50 Bóng | C23: Thực hiện | D23: % | F23: =+F22/$I$22*100 -> 90.7474 | G23: =+G22/I22*100 -> 0 | H23: =+H22/I22*100 -> 9.2526005 | I23: =SUM(F23:H23) -> 100 | L23: =I22/E22*100 -> 98.924412 | M23: =100-L23 -> 1.0755876
A24: DC2 | B24: 50x50 Bóng | C24: So sánh TH/KH | D24: m2 | E24: =E22-E20 -> 276.53846 | F24: =F22-F20 -> 264.9 | G24: =G22-G20 -> -1137.75 | H24: =H22-H20 -> 1478.85 | I24: =I22-I20 -> 606
A25: DC2 | B25: 50x50 Bóng | C25: So sánh TH/KH | D25: % | F25: =F23-F21 -> -1.2526005 | G25: =G23-G21 -> -5 | H25: =H23-H21 -> 6.2526005 | I25: =I23-I21 -> 0
A26: Tổng DC 2 | C26: Tổng kế hoạch | D26: m2 | E26: =E14+E20 -> 113538.46 | F26: =F14+F20 -> 101844 | G26: =G14+G20 -> 5535 | H26: =H14+H20 -> 3321 | I26: =I14+I20 -> 110700 | J26: =J14+J20 -> 9 | K26: =(K14+K20)/2 -> 12300 | O26: 100
C27: Tổng kế hoạch | D27: % | F27: =F26/$I$26*100 -> 92 | G27: =G26/$I$26*100 -> 5 | H27: =H26/$I$26*100 -> 3 | I27: =SUM(F27:H27) -> 100 | L27: 97.5 | M27: 2.5
C28: Tổng thực hiện | D28: m2 | E28: =E16+E22 -> 115720 | F28: =F16+F22 -> 113113.5 | G28: =G16+G22 -> 0 | H28: =H16+H22 -> 2767.5 | I28: =I16+I22 -> 115881 | J28: =J16+J22 -> 9 | K28: =+I28/J28 -> 12875.667 | O28: 152
C29: Tổng thực hiện | D29: % | F29: =+F28/$I$28*100 -> 97.611774 | G29: =+G28/$I$28*100 -> 0 | H29: =+H28/$I$28*100 -> 2.3882259 | I29: =SUM(F29:H29) -> 100 | L29: =+I28/E28*100 -> 100.13913 | M29: =100-L29 -> -0.13912893
C30: So sánh TH/KH | D30: m2 | E30: =E28-E26 -> 2181.5385 | F30: =F28-F26 -> 11269.5 | G30: =G28-G26 -> -5535 | H30: =H28-H26 -> -553.5 | I30: =I28-I26 -> 5181 | J30: =J28-J26 -> 0 | K30: =K28-K26 -> 575.66667
C31: So sánh TH/KH | D31: % | F31: =F29-F27 -> 5.6117741 | G31: =G29-G27 -> -5 | H31: =H29-H27 -> -0.61177415 | I31: =I29-I27 -> 0
A32: TỔNG 2 DC | C32: TỔNG KẾ HOẠCH | D32: m2 | E32: =E8+E26 -> 113538.46 | F32: =F8+F26 -> 101844 | G32: =G8+G26 -> 5535 | H32: =H8+H26 -> 3321 | I32: =I8+I26 -> 110700 | J32: =J8+J26 -> 9 | K32: =+I32/J32 -> 12300 | O32: =O26+O9 -> 100
C33: TỔNG KẾ HOẠCH | D33: % | F33: =+F32/I32*100 -> 92 | G33: =+G32/I32*100 -> 5 | H33: =+H32/I32*100 -> 3 | I33: 100 | L33: =+I32/E32*100 -> 97.5 | M33: =100-L33 -> 2.5
C34: TỔNG THỰC HIỆN | D34: m2 | E34: =E10+E28 -> 115720 | F34: =F10+F28 -> 113113.5 | G34: =G10+G28 -> 0 | H34: =H10+H28 -> 2767.5 | I34: =I10+I28 -> 115881 | J34: =J10+J28 -> 9 | K34: =I34/J34 -> 12875.667 | O34: =O10+O28 -> 152
C35: TỔNG THỰC HIỆN | D35: % | F35: =F34/$I$34*100 -> 97.611774 | G35: =G34/$I$34*100 -> 0 | H35: =H34/$I$34*100 -> 2.3882259 | I35: =SUM(F35:H35) -> 100 | L35: =I34/E34*100 -> 100.13913 | M35: =100-L35 -> -0.13912893
C36: So sánh TH/KH | D36: m2 | E36: =E34-E32 -> 2181.5385 | F36: =F34-F32 -> 11269.5 | G36: =G34-G32 -> -5535 | H36: =H34-H32 -> -553.5 | I36: =I34-I32 -> 5181 | J36: =J34-J32 -> 0 | K36: =K34-K32 -> 575.66667
C37: So sánh TH/KH | D37: % | F37: =F35-F33 -> 5.6117741 | G37: =G35-G33 -> -5 | H37: =H35-H33 -> -0.61177415
A38: * Ghi chú:
A39: - DC1 bảo dưỡng theo kế hoạch
A40: - DC2 SX 2 dòng sản phẩm: 50x50 men Matt sugar sân vườn và 50x50 men bóng
A41: II. Sản lượng theo các thương hiệu tháng 01/ 2025
A42: 1. Kết quả thực hiện sản phẩm 30x60 các thương hiệu của dây chuyền số 1 :
A43: DC | B43: Men | C43: Kích thước | D43: Thương hiệu | E43: ĐVT | F43: Thực Hiện | J43: Tỷ lệ | K43: Ghi chú
F44: A1 | G44: A | H44: B | I44: Tổng A1+A+B | J44: %
A45: DC1 | B45: Panson | C45: 30x60 | D45: Luxury | E45: m2 | F45: 0 | G45: 0 | H45: 0 | I45: =SUM(F45:H45) -> 0
A46: DC1 | B46: Panson | C46: 30x60 | D46: Luxury | E46: % | F46: =F45/$I$45*100 -> #DIV/0! | G46: =G45/$I$45*100 -> #DIV/0! | H46: =H45/$I$45*100 -> #DIV/0! | I46: =SUM(F46:H46) -> #DIV/0! | J46: =I45/$I$73*100 -> #DIV/0!
A47: DC1 | B47: Panson | C47: 30x60 | D47: Lustile | E47: m2 | F47: 0 | G47: 0 | H47: 0 | I47: =SUM(F47:H47) -> 0
A48: DC1 | B48: Panson | C48: 30x60 | D48: Lustile | E48: % | F48: =F47/$I$47*100 -> #DIV/0! | G48: =G47/$I$47*100 -> #DIV/0! | H48: =H47/$I$47*100 -> #DIV/0! | I48: =SUM(F48:H48) -> #DIV/0! | J48: =I47/$I$73*100 -> #DIV/0!
A49: DC1 | B49: Panson | C49: 30x60 | D49: Sahado | E49: m2 | F49: 0 | G49: 0 | H49: 0 | I49: 0
A50: DC1 | B50: Panson | C50: 30x60 | D50: Sahado | E50: % | F50: =F49/$I$49*100 -> #DIV/0! | G50: =G49/$I$49*100 -> #DIV/0! | H50: =H49/$I$49*100 -> #DIV/0! | I50: =SUM(F50:H50) -> #DIV/0! | J50: =I49/$I$73*100 -> #DIV/0!
A51: DC1 | B51: TỔNG | E51: m2 | F51: =F45+F47+F49 -> 0 | G51: =G45+G47+G49 -> 0 | H51: =H45+H47+H49 -> 0 | I51: =SUM(F51:H51) -> 0
A52: DC1 | E52: % | F52: =F51/$I$51*100 -> #DIV/0! | G52: =G51/$I$51*100 -> #DIV/0! | H52: =H51/$I$51*100 -> #DIV/0! | I52: =SUM(F52:H52) -> #DIV/0!
A53: DC1 | B53: Phương Nam | C53: 30x60 | D53: Grandcera chung | E53: m2 | F53: 0 | G53: 0 | H53: 0 | I53: 0
A54: DC1 | B54: Phương Nam | C54: 30x60 | D54: Grandcera chung | E54: % | F54: =F53/$I$53*100 -> #DIV/0! | G54: =G53/$I$53*100 -> #DIV/0! | H54: =H53/$I$53*100 -> #DIV/0! | I54: =SUM(F54:H54) -> #DIV/0! | J54: =I53/$I$73*100 -> #DIV/0!
A55: DC1 | B55: Phương Nam | C55: 30x60 | D55: Crown | E55: m2 | F55: 0 | G55: 0 | H55: 0 | I55: 0
A56: DC1 | B56: Phương Nam | C56: 30x60 | D56: Crown | E56: % | F56: =F55/$I$55*100 -> #DIV/0! | G56: =G55/$I$55*100 -> #DIV/0! | H56: =H55/$I$55*100 -> #DIV/0! | I56: =SUM(F56:H56) -> #DIV/0! | J56: =I55/$I$73*100 -> #DIV/0!
A57: DC1 | B57: Phương Nam | C57: 30x60 | D57: Espana | E57: m2 | F57: 0 | G57: 0 | H57: 0 | I57: 0
A58: DC1 | B58: Phương Nam | C58: 30x60 | D58: Espana | E58: % | F58: =F57/$I$57*100 -> #DIV/0! | G58: =G57/$I$57*100 -> #DIV/0! | H58: =H57/$I$57*100 -> #DIV/0! | I58: =SUM(F58:H58) -> #DIV/0! | J58: =I57/$I$73*100 -> #DIV/0!
A59: DC1 | B59: Phương Nam | C59: 30x60 | D59: Green Home | E59: m2 | F59: 0 | G59: 0 | H59: 0 | I59: 0
A60: DC1 | B60: Phương Nam | C60: 30x60 | D60: Green Home | E60: % | F60: =F59/$I$59*100 -> #DIV/0! | G60: =G59/$I$59*100 -> #DIV/0! | H60: =H59/$I$59*100 -> #DIV/0! | I60: =SUM(F60:H60) -> #DIV/0! | J60: =I59/$I$73*100 -> #DIV/0!
A61: DC1 | B61: TỔNG | E61: m2 | F61: =F53+F55+F57+F59 -> 0 | G61: =G53+G55+G57+G59 -> 0 | H61: =H53+H55+H57+H59 -> 0 | I61: =SUM(F61:H61) -> 0
A62: DC1 | E62: % | F62: =F61/$I$61*100 -> #DIV/0! | G62: =G61/$I$61*100 -> #DIV/0! | H62: =H61/$I$61*100 -> #DIV/0! | I62: =SUM(F62:H62) -> #DIV/0!
A63: DC1 | B63: Matt | C63: 30x60 | D63: Crown | E63: m2
A64: DC1 | B64: Matt | C64: 30x60 | D64: Crown | E64: % | F64: =F63/$I$63*100 -> #DIV/0! | G64: =G63/$I$63*100 -> #DIV/0! | H64: =H63/$I$63*100 -> #DIV/0! | I64: =SUM(F64:H64) -> #DIV/0! | J64: =I63/$I$73*100 -> #DIV/0!
A65: DC1 | B65: Matt | C65: 30x60 | D65: Grandcera | E65: m2
A66: DC1 | B66: Matt | C66: 30x60 | D66: Grandcera | E66: % | F66: =F65/$I$65*100 -> #DIV/0! | G66: =G65/$I$65*100 -> #DIV/0! | H66: =H65/$I$65*100 -> #DIV/0! | I66: =I65/$I$65*100 -> #DIV/0! | J66: =I65/$I$73*100 -> #DIV/0!
A67: DC1 | B67: Matt | C67: 30x60 | D67: Luxury | E67: m2
A68: DC1 | B68: Matt | C68: 30x60 | D68: Luxury | E68: % | F68: =F67/$I$67*100 -> #DIV/0! | G68: =G67/$I$67*100 -> #DIV/0! | H68: =H67/$I$67*100 -> #DIV/0! | I68: =SUM(F68:H68) -> #DIV/0! | J68: =I67/$I$73*100 -> #DIV/0!
A69: DC1 | B69: Matt | C69: 30x60 | D69: Green Home | E69: m2
A70: DC1 | B70: Matt | C70: 30x60 | D70: Green Home | E70: % | F70: =F69/$I$71*100 -> #DIV/0! | G70: =G69/$I$71*100 -> #DIV/0! | H70: =H69/$I$71*100 -> #DIV/0! | I70: =SUM(F70:H70) -> #DIV/0! | J70: =I69/$I$73*100 -> #DIV/0!
A71: DC1 | B71: TỔNG | E71: m2 | F71: =F63+F65+F67+F69 -> 0 | G71: =G63+G65+G67+G69 -> 0 | H71: =H63+H65+H67+H69 -> 0 | I71: =SUM(F71:H71) -> 0
A72: DC1 | E72: % | F72: =F71/$I$71*100 -> #DIV/0! | G72: =G71/$I$71*100 -> #DIV/0! | H72: =H71/$I$71*100 -> #DIV/0! | I72: =SUM(F72:H72) -> #DIV/0!
A73: Tổng SX DC1 | E73: m2 | F73: =F51+F61+F71 -> 0 | G73: =G51+G61+G71 -> 0 | H73: =H51+H61+H71 -> 0 | I73: =SUM(F73:H73) -> 0
E74: % | F74: =F73/$I$73*100 -> #DIV/0! | G74: =G73/$I$73*100 -> #DIV/0! | H74: =H73/$I$73*100 -> #DIV/0! | I74: =SUM(F74:H74) -> #DIV/0! | J74: =SUM(J46:J70) -> #DIV/0!
A76: Sản lượng theo cơ cấu chủng loại sản phẩm
A77: STT | B77: Chủng loại | D77: Kích thước | E77: Men | F77: Sản lượng | G77: Số ngày SX | H77: Tỷ lệ (%) | I77: Ghi chú
A78: 1 | B78: Gạch ốp | D78: 30x60 cm | E78: Phương Nam | F78: =I61 -> 0 | G78: =F78/$K$10 -> #DIV/0! | H78: =F78/$F$81*100 -> #DIV/0!
A79: 2 | B79: Gạch ốp | D79: 30x60 cm | E79: Panson | F79: =I51 -> 0 | G79: =F79/$K$10 -> #DIV/0! | H79: =F79/$F$81*100 -> #DIV/0!
A80: 3 | B80: Gạch ốp | D80: 30x60 cm | E80: Matt | F80: =I71 -> 0 | G80: =F80/$K$10 -> #DIV/0! | H80: =F80/$F$81*100 -> #DIV/0!
A81: TỔNG DC1 THÁNG 01 | D81: - | E81: - | F81: =SUM(F78:F80) -> 0 | G81: =SUM(G78:G80) -> #DIV/0! | H81: =SUM(H78:H80) -> #DIV/0!
A82: Kết quả thực hiện sản phẩm các thương hiệu của dây chuyền số 2 :
A83: DC | B83: Men | C83: Kích thước | D83: Thương hiệu | E83: ĐVT | F83: Thực Hiện | J83: Tỷ lệ | K83: Ghi chú
F84: A1 | G84: A | H84: B | I84: Tổng A1+A+B | J84: %
A85: DC2 | B85: Bóng | C85: 50x50 | D85: Luxury | E85: m2 | F85: 11471 | H85: 1523 | I85: =SUM(F85:H85) -> 12994
A86: DC2 | B86: Bóng | C86: 50x50 | D86: Luxury | E86: % | F86: =F85/$I$85*100 -> 88.279206 | G86: =G85/$I$85*100 -> 0 | H86: =H85/$I$85*100 -> 11.720794 | I86: =SUM(F86:H86) -> 100 | J86: =I85/$I$95*100 -> 55.617857
A87: DC2 | B87: Bóng | C87: 50x50 | D87: Crown | E87: m2 | F87: 1056 | G87: 0 | H87: 51 | I87: =SUM(F87:H87) -> 1107
A88: DC2 | B88: Bóng | C88: 50x50 | D88: Crown | E88: % | F88: =F87/$I$87*100 -> 95.392954 | G88: =G87/$I$87*100 -> 0 | H88: =H87/$I$87*100 -> 4.6070461 | I88: =SUM(F88:H88) -> 100 | J88: =I87/$I$95*100 -> 4.7382614
A89: DC2 | B89: Bóng | C89: 50x50 | D89: Xanh Tím | E89: m2 | F89: 4914 | G89: 0 | H89: 302 | I89: =SUM(F89:H89) -> 5216
